time,y
0,2.00871e-06
1,1.9901e-06
2,-0.00129414
3,-0.00257718
4,-0.00282759
5,-0.000931516
6,0.000899516
7,0.00142078
8,0.000146955
9,-0.000861437
10,0.000863842
11,0.00435802
12,0.00626963
13,0.00672503
14,0.00318489
15,0.00138059
16,0.00432024
17,0.0071094
18,0.010409
19,0.00971179
20,0.00840254
21,0.00523905
22,0.00495571
23,0.00611586
24,0.0107023
25,0.0128405
26,0.0104394
27,0.00575245
28,0.00383632
29,0.00863054
30,0.0114048
31,0.0137621
32,0.0138401
33,0.0118502
34,0.0068834
35,0.00533846
36,0.00910174
37,0.01247
38,0.0140241
39,0.0139713
40,0.00863531
41,0.00591929
42,0.00835463
43,0.0108268
44,0.0119618
45,0.0114349
46,0.0106967
47,0.00912482
48,0.00927303
49,0.00964386
50,0.0103767
51,0.0106665
52,0.0102399
53,0.00979977
54,0.00922448
55,0.0091101
56,0.00915218
57,0.00918216
58,0.00914378
59,0.00893044
60,0.00876812
61,0.008393
62,0.00810017
63,0.00798416
64,0.00779263
65,0.00759996
66,0.00749101
67,0.0072445
68,0.00716881
69,0.0071147
70,0.00713701
71,0.00711463
72,0.00714292
73,0.00696786
74,0.00679659
75,0.00671145
76,0.00661809
77,0.00658928
78,0.00658044
79,0.00648422
80,0.00644697
81,0.00633
82,0.00629537
83,0.00613943
84,0.00607882
85,0.0060455
86,0.00592681
87,0.00590369
88,0.00576695
89,0.00564673
90,0.00558415
91,0.00545895
92,0.00532448
93,0.00525094
94,0.00515762
95,0.00508835
96,0.00505719
97,0.00498267
98,0.00494361
99,0.00485373
100,0.0048084
101,0.00477647
102,0.00463057
103,0.00451693
104,0.00446656
105,0.0044474
106,0.00436007
107,0.00432655
108,0.00425435
109,0.00418093
110,0.0041137
111,0.00408251
112,0.00402705
113,0.00400016
114,0.00395575
115,0.00391476
116,0.00389537
117,0.00384898
118,0.00382507
119,0.00379203
120,0.00377751
121,0.00375748
122,0.00374725
123,0.00372276
124,0.00370882
125,0.00369749
126,0.00369777
127,0.00366124
128,0.00365087
129,0.00363788
130,0.00362959
131,0.00360738
132,0.00358567
133,0.0035775
134,0.00356314
135,0.00355569
136,0.00354046
137,0.00353142
138,0.00351205
139,0.00350108
140,0.00349272
141,0.0034715
142,0.00346167
143,0.0034457
144,0.00343716
145,0.00343074
146,0.00341087
147,0.00339399
148,0.00338721
149,0.0033799
150,0.00335871
151,0.00335152
152,0.00334981
153,0.00335602
154,0.00337396
155,0.00338706
156,0.00340931
157,0.00342314
158,0.00344513
159,0.00345874
160,0.00348126
161,0.00349522
162,0.00351876
163,0.00354011
164,0.00355748
165,0.00358533
166,0.00360105
167,0.00362569
168,0.00364172
169,0.00367098
170,0.00368744
171,0.00370904
172,0.00373151
173,0.00375081
174,0.00376867
175,0.00379867
176,0.00381581
177,0.00384263
178,0.00385832
179,0.00388957
180,0.00390476
181,0.00392088
182,0.00393466
183,0.00394756
184,0.00395938
185,0.00398501
186,0.00400027
187,0.00403005
188,0.00404457
189,0.00406184
190,0.00407136
191,0.00408723
192,0.00409678
193,0.00411464
194,0.00412989
195,0.00414494
196,0.00415644
197,0.00417494
198,0.00418568
199,0.00420099
200,0.00421457
201,0.00422428
202,0.00423863
203,0.00424708
204,0.00425627
205,0.00426299
206,0.00427606
207,0.00428394
208,0.00429227
209,0.00429682
210,0.00430232
211,0.00430632
212,0.00431346
213,0.00432317
214,0.00432953
215,0.00433432
216,0.00434054
217,0.00434409
218,0.0043423
219,0.00434188
220,0.0043385
221,0.00433753
222,0.00433373
223,0.00433254
224,0.00432816
225,0.00432658
226,0.00432129
227,0.00431921
228,0.00431699
229,0.00431553
230,0.00430548
231,0.00429898
232,0.00429597
233,0.0042878
234,0.00428471
235,0.00428211
236,0.00427752
237,0.00426703
238,0.00425792
239,0.00425411
240,0.00425079
241,0.00423603
242,0.00422489
243,0.00421961
244,0.00420746
245,0.00420226
246,0.00419932
247,0.00418359
248,0.00417938
249,0.00416101
250,0.00415339
251,0.000166439
252,0.00118739
253,0.00197808
254,0.00347337
255,0.0042952
256,0.0045488
257,0.00464047
258,0.00465392
259,0.0046502
260,0.00461682
261,0.00457469
262,0.00455326
263,0.00450726
264,0.00448414
265,0.00444199
266,0.00442166
267,0.00438138
268,0.00436143
269,0.00434193
270,0.00429591
271,0.00427502
272,0.0042273
273,0.00418139
274,0.00413713
275,0.00411621
276,0.00407538
277,0.00403514
278,0.00399387
279,0.00397291
280,0.0039296
281,0.00390819
282,0.00386707
283,0.00384698
284,0.0038283
285,0.00378824
286,0.00376911
287,0.00372899
288,0.00368983
289,0.00367062
290,0.00363271
291,0.00361404
292,0.00359562
293,0.00355777
294,0.0035392
295,0.00350204
296,0.0034657
297,0.00344757
298,0.00341181
299,0.00339477
300,0.00335894
301,0.00334138
302,0.00330608
303,0.00327173
304,0.00323816
305,0.00322169
306,0.00320525
307,0.00317174
308,0.00315518
309,0.00312146
310,0.0031046
311,0.00308819
312,0.00305531
313,0.00303917
314,0.00300671
315,0.00299046
316,0.00295837
317,0.00292664
318,0.00291108
319,0.00287966
320,0.00286435
321,0.00284895
322,0.00280096
323,0.00276947
324,0.00275384
325,0.00272331
326,0.00270793
327,0.00267782
328,0.00264739
329,0.00263238
330,0.00261735
331,0.0025853
332,0.0025693
333,0.00255354
334,0.00252147
335,0.00250543
336,0.0024746
337,0.00244417
338,0.00242932
339,0.00239947
340,0.00238419
341,0.00235431
342,0.00232435
343,0.00230961
344,0.00228008
345,0.002265
346,0.00225061
347,0.00223602
348,0.00220642
349,0.00217718
350,0.00216255
351,0.00213353
352,0.00211873
353,0.00210483
354,0.00207623
355,0.0020619
356,0.00203395
357,0.00200591
358,0.00199203
359,0.00196451
360,0.00195045
361,0.00192342
362,0.00189836
363,0.00188678
364,0.0018757
365,0.00185375
366,0.00184308
367,0.00182161
368,0.00180015
369,0.00178937
370,0.00176822
371,0.00175772
372,0.0017367
373,0.00172593
374,0.00170389
375,0.00168118
376,0.00166979
377,0.00164692
378,0.00163545
379,0.00161286
380,0.00160149
381,0.00157909
382,0.00156787
383,0.00154555
384,0.00152302
385,0.00150041
386,0.0014892
387,0.0014675
388,0.00145666
389,0.00143528
390,0.00141382
391,0.00140309
392,0.0013815
393,0.00137056
394,0.00134915
395,0.00133841
396,0.00131757
397,0.00130742
398,0.00128009
399,0.00127167
400,0.00125651
401,0.00124932
402,0.00123585
403,0.00122932
404,0.00122306
405,0.00121108
406,0.00120548
407,0.00120008
408,0.00118936
409,0.00118434
410,0.00117471
411,0.00116593
412,0.00116195
413,0.00115367
414,0.00114966
415,0.00114584
416,0.00113833
417,0.00113491
418,0.00112807
419,0.00112162
420,0.00111871
421,0.0011157
422,0.00110938
423,0.00110646
424,0.00110048
425,0.00109765
426,0.00109223
427,0.00108722
428,0.00108496
429,0.00107895
430,0.00107574
431,0.0010686
432,0.00106487
433,0.00106118
434,0.0010532
435,0.00104539
436,0.00104147
437,0.0010373
438,0.00102857
439,0.00102437
440,0.00101588
441,0.00101162
442,0.001003
443,0.0009943
444,0.000989985
445,0.000980944
446,0.000976488
447,0.000972231
448,0.000950796
449,0.000939865
450,0.000920981
451,0.000906717
452,0.000892746
453,0.000889372
454,0.00088093
455,0.000867271
456,0.000858455
457,0.000849806
458,0.000845484
459,0.000836148
460,0.000831323
461,0.000821781
462,0.000817035
463,0.000807842
464,0.000803154
465,0.0007937
466,0.000784425
467,0.000779942
468,0.00077551
469,0.000766497
470,0.000761954
471,0.000757429
472,0.000748503
473,0.000739828
474,0.000735547
475,0.000726314
476,0.000721688
477,0.000712972
478,0.00070866
479,0.000700362
480,0.000696126
481,0.000687665
482,0.000683372
483,0.000679263
484,0.000670992
485,0.000666817
486,0.000658616
487,0.000650603
488,0.000646666
489,0.000638361
490,0.000634177
491,0.000626179
492,0.000622175
493,0.000614477
494,0.000610535
495,0.000602698
496,0.000598684
497,0.00059094
498,0.000587007
499,0.000583244
500,0.000575561
501,0.000571676
502,0.000564046
503,0.00056019
504,0.000552733
505,0.000548903
506,0.000541401
507,0.000533915
508,0.00053019
509,0.000523029
510,0.000519322
511,0.000512144
512,0.000508306
513,0.000501022
514,0.000493883
515,0.000486646
516,0.000482925
517,0.00047571
518,0.000472024
519,0.000464963
520,0.000461355
521,0.000454414
522,0.000447306
523,0.000443705
524,0.000436845
525,0.000433285
526,0.000426505
527,0.000422877
528,0.000415856
529,0.000408833
530,0.000402004
531,0.000398535
532,0.000391963
533,0.000388493
534,0.000385323
535,0.00037848
536,0.00037496
537,0.000368102
538,0.000364573
539,0.000361132
540,0.000354437
541,0.000350958
542,0.000344372
543,0.000340795
544,0.000334073
545,0.000327491
546,0.00032423
547,0.000317517
548,0.000314073
549,0.000307526
550,0.000304155
551,0.000300956
552,0.00029455
553,0.000291207
554,0.000284718
555,0.000281368
556,0.000275005
557,0.000267584
558,0.000259201
559,0.000254551
560,0.000240659
561,0.00023531
562,0.000225312
563,0.000214286
564,0.000208389
565,0.000202754
566,0.000191812
567,0.000185755
568,0.000173835
569,0.00016088
570,0.000154074
571,0.000141738
572,0.000135188
573,0.000122591
574,0.000115783
575,0.000102859
576,8.92457e-05
577,8.20808e-05
578,6.87101e-05
579,6.16998e-05
580,4.84051e-05
581,4.12818e-05
582,2.76973e-05
583,2.0617e-05
584,7.12967e-06
585,8.68386e-08
586,-1.33392e-05
587,-2.72319e-05
588,-3.45154e-05
589,-4.12203e-05
590,-5.38406e-05
591,-6.75117e-05
592,-7.47247e-05
593,-8.13868e-05
594,-9.38747e-05
595,-0.000107378
596,-0.000114494
597,-0.000121086
598,-0.000133231
599,-0.000146158
600,-0.000159554
601,-0.000166547
602,-0.000178708
603,-0.000185062
604,-0.000197169
605,-0.000203593
606,-0.000216045
607,-0.000222668
608,-0.000235101
609,-0.000241663
610,-0.000253712
611,-0.000260265
612,-0.000272212
613,-0.000284566
614,-0.000290979
615,-0.000297148
616,-0.000308359
617,-0.000314475
618,-0.000320675
619,-0.000332109
620,-0.000338395
621,-0.000349884
622,-0.000356043
623,-0.000367462
624,-0.000379601
625,-0.00038599
626,-0.000396876
627,-0.00040254
628,-0.000413376
629,-0.000419076
630,-0.000429909
631,-0.000435566
632,-0.000446241
633,-0.00045181
634,-0.000457344
635,-0.000462365
636,-0.000472502
637,-0.000478117
638,-0.000488693
639,-0.000499285
640,-0.000504853
641,-0.000514912
642,-0.00052533
643,-0.00053094
644,-0.000536043
645,-0.000545049
646,-0.000550119
647,-0.000554905
648,-0.000564319
649,-0.000569526
650,-0.000579073
651,-0.000584275
652,-0.00058943
653,-0.000598393
654,-0.000607967
655,-0.000613062
656,-0.000622367
657,-0.000627194
658,-0.00063619
659,-0.00064092
660,-0.000649817
661,-0.000654505
662,-0.000663223
663,-0.000667806
664,-0.000676408
665,-0.000680951
666,-0.000689199
667,-0.000693429
668,-0.000700773
669,-0.000707768
670,-0.000711384
671,-0.000714933
672,-0.000720714
673,-0.000726768
674,-0.00072994
675,-0.000735554
676,-0.000738438
677,-0.000741209
678,-0.000745744
679,-0.000748367
680,-0.000753045
681,-0.000755506
682,-0.000759708
683,-0.000764113
684,-0.00076657
685,-0.000769974
686,-0.000771839
687,-0.000775094
688,-0.000776909
689,-0.000780079
690,-0.000781833
691,-0.000784815
692,-0.000786107
693,-0.00078776
694,-0.000789099
695,-0.000791696
696,-0.000794507
697,-0.000796025
698,-0.000798716
699,-0.000800181
700,-0.000802627
701,-0.000803998
702,-0.000806167
703,-0.000807412
704,-0.000809469
705,-0.000810676
706,-0.000812671
707,-0.000813842
708,-0.000815722
709,-0.000816836
710,-0.000818657
711,-0.000820803
712,-0.000822142
713,-0.000823569
714,-0.000824474
715,-0.000825992
716,-0.000826959
717,-0.000827916
718,-0.000829158
719,-0.000830146
720,-0.000831809
721,-0.00083281
722,-0.000833764
723,-0.000834951
724,-0.000835903
725,-0.00083749
726,-0.000839356
727,-0.000840537
728,-0.000841659
729,-0.00084245
730,-0.000843667
731,-0.0008445
732,-0.000845449
733,-0.000846357
734,-0.000847304
735,-0.000848408
736,-0.00084932
737,-0.000850432
738,-0.000851391
739,-0.000852842
740,-0.000853751
741,-0.000855038
742,-0.00085586
743,-0.00085674
744,-0.000857575
745,-0.000858953
746,-0.000859786
747,-0.000860783
748,-0.000861688
749,-0.000863174
750,-0.000864019
751,-0.000864958
752,-0.000866008
753,-0.000866877
754,-0.000868449
755,-0.000869355
756,-0.000870838
757,-0.00087169
758,-0.00087318
759,-0.000875027
760,-0.000876268
761,-0.000877101
762,-0.000877483
763,-0.000878347
764,-0.00087981
765,-0.000880765
766,-0.000881907
767,-0.000883078
768,-0.000883967
769,-0.000885801
770,-0.000886858
771,-0.000888411
772,-0.000890196
773,-0.000891405
774,-0.000892683
775,-0.000893459
776,-0.000894341
777,-0.000895296
778,-0.000896133
779,-0.000897773
780,-0.00089872
781,-0.000899982
782,-0.000900595
783,-0.000901425
784,-0.000901888
785,-0.000902434
786,-0.000902754
787,-0.000902998
788,-0.000903177
789,-0.000903265
790,-0.000903381
791,-0.000903564
792,-0.000902987
793,-0.000902973
794,-0.000902833
795,-0.000902838
796,-0.000902872
797,-0.000901979
798,-0.000901805
799,-0.000901426
800,-0.000901225
801,-0.000900767
802,-0.000899996
803,-0.000899647
804,-0.000898935
805,-0.000898682
806,-0.000898486
807,-0.000897094
808,-0.000896638
809,-0.000895397
810,-0.000894849
811,-0.000894332
812,-0.000892444
813,-0.000891804
814,-0.00089012
815,-0.000871019
816,-0.000856256
817,-0.000873996
818,-0.000881481
819,-0.000888497
820,-0.000890617
821,-0.000890936
822,-0.000890763
823,-0.00088982
824,-0.000889406
825,-0.000889129
826,-0.000887884
827,-0.000887514
828,-0.00088668
829,-0.000886081
830,-0.000886017
831,-0.000884983
832,-0.000884559
833,-0.00088367
834,-0.000883136
835,-0.000883136
836,-0.000882275
837,-0.000881746
838,-0.000881758
839,-0.000881531
840,-0.000880997
841,-0.000880032
842,-0.000879889
843,-0.000879168
844,-0.000878814
845,-0.000878725
846,-0.000878691
847,-0.000878722
848,-0.000878838
849,-0.000878335
850,-0.000878473
851,-0.000878793
852,-0.000878516
853,-0.000878459
854,-0.000878273
855,-0.000878277
856,-0.000878219
857,-0.000878274
858,-0.000878281
859,-0.000878361
860,-0.000878408
861,-0.000878505
862,-0.000878583
863,-0.000878695
864,-0.00087893
865,-0.000878702
866,-0.00087885
867,-0.000879065
868,-0.00087924
869,-0.000879551
870,-0.000879366
871,-0.000879543
872,-0.000879437
873,-0.000879719
874,-0.000880075
875,-0.000880312
876,-0.000880216
877,-0.000880465
878,-0.000880838
879,-0.000880836
880,-0.000881073
881,-0.000881426
882,-0.000881393
883,-0.000881619
884,-0.000881945
885,-0.000882163
886,-0.000882428
887,-0.000882615
888,-0.000882847
889,-0.000883046
890,-0.000883247
891,-0.000883443
892,-0.000883281
893,-0.000883451
894,-0.000883634
895,-0.000884049
896,-0.000884091
897,-0.000884339
898,-0.000884698
899,-0.00088466
900,-0.000884879
901,-0.000885189
902,-0.000885395
903,-0.000885639
904,-0.000886102
905,-0.000886576
906,-0.000886552
907,-0.000886611
908,-0.00088681
909,-0.000886561
910,-0.000886703
911,-0.000886997
912,-0.000886891
913,-0.00088708
914,-0.000887346
915,-0.000887528
916,-0.000887822
917,-0.000887654
918,-0.000887815
919,-0.000888112
920,-0.000887989
921,-0.00088847
922,-0.000888948
923,-0.000888939
924,-0.000888991
925,-0.00088901
926,-0.000889092
927,-0.000889187
928,-0.000889538
929,-0.000889961
930,-0.000889862
931,-0.000889878
932,-0.000890055
933,-0.00088971
934,-0.000889639
935,-0.000889715
936,-0.000889978
937,-0.000890144
938,-0.0008903
939,-0.000890414
940,-0.000890505
941,-0.000890613
942,-0.00089067
943,-0.000890756
944,-0.000890473
945,-0.000890614
946,-0.000890811
947,-0.000890948
948,-0.000891055
949,-0.000891161
950,-0.000894221
951,-0.00090458
952,-0.000904936
953,-0.000904339
954,-0.000893719
955,-0.000892409
956,-0.000892117
957,-0.000891752
958,-0.00089155
959,-0.000891597
960,-0.000891862
961,-0.000891613
962,-0.0008917
963,-0.00089175
964,-0.000891809
965,-0.000891792
966,-0.000891832
967,-0.000891774
968,-0.000891802
969,-0.000891435
970,-0.000891496
971,-0.000891211
972,-0.000891327
973,-0.000891574
974,-0.000891298
975,-0.000891371
976,-0.000891572
977,-0.000891235
978,-0.000891285
979,-0.000891296
980,-0.000891335
981,-0.000891285
982,-0.000891293
983,-0.000891207
984,-0.000891202
985,-0.000891103
986,-0.000891093
987,-0.000891225
988,-0.000890771
989,-0.000890774
990,-0.000890931
991,-0.00089054
992,-0.000890564
993,-0.000890534
994,-0.000890697
995,-0.000891003
996,-0.000890684
997,-0.000890572
998,-0.000890613
999,-0.000890051
1000,-0.000890011
1001,-0.000889917
1002,-0.00088991
1003,-0.000889795
1004,-0.00088988
1005,-0.000890166
1006,-0.000890357
1007,-0.000890279
1008,-0.000889431
1009,-0.000889274
1010,-0.000889056
1011,-0.00088911
1012,-0.000889373
1013,-0.000889008
1014,-0.000888888
1015,-0.000889079
1016,-0.000889046
1017,-0.000888283
1018,-0.000888151
1019,-0.000887617
1020,-0.000887613
1021,-0.000887557
1022,-0.00088755
1023,-0.000887667
1024,-0.000887146
1025,-0.000887208
1026,-0.000887467
1027,-0.000887482
1028,-0.00088676
1029,-0.000886634
1030,-0.000886411
1031,-0.000886345
1032,-0.000886139
1033,-0.000886066
1034,-0.00088552
1035,-0.000885487
1036,-0.000885054
1037,-0.000884843
1038,-0.000884817
1039,-0.000884755
1040,-0.000884731
1041,-0.000884827
1042,-0.000884266
1043,-0.000884196
1044,-0.000884013
1045,-0.000883944
1046,-0.000883725
1047,-0.000883637
1048,-0.000883078
1049,-0.000883137
1050,-0.00088339
1051,-0.000883008
1052,-0.000882844
1053,-0.000882472
1054,-0.000882329
1055,-0.000882352
1056,-0.000881717
1057,-0.000881613
1058,-0.00088139
1059,-0.00088099
1060,-0.000880879
1061,-0.000880677
1062,-0.000880594
1063,-0.00088033
1064,-0.00088025
1065,-0.000880371
1066,-0.000880471
1067,-0.000879817
1068,-0.000879087
1069,-0.000878855
1070,-0.000878871
1071,-0.000878256
1072,-0.000878149
1073,-0.000877909
1074,-0.000877479
1075,-0.000877346
1076,-0.000877109
1077,-0.000876673
1078,-0.000876542
1079,-0.000876597
1080,-0.00087599
1081,-0.000875884
1082,-0.000875622
1083,-0.000875509
1084,-0.000875197
1085,-0.000875057
1086,-0.000874714
1087,-0.000874563
1088,-0.000874564
1089,-0.00087387
1090,-0.000873751
1091,-0.000873854
1092,-0.000873949
1093,-0.000873268
1094,-0.000872971
1095,-0.000872859
1096,-0.000872046
1097,-0.000871861
1098,-0.000871519
1099,-0.000871364
1100,-0.00087102
1101,-0.000870492
1102,-0.000870322
1103,-0.00087034
1104,-0.000869677
1105,-0.000869554
1106,-0.000869631
1107,-0.000869709
1108,-0.000868999
1109,-0.000868684
1110,-0.000868546
1111,-0.000867714
1112,-0.000867139
1113,-0.000866959
1114,-0.000866665
1115,-0.000866525
1116,-0.0022563
1117,-0.000865798
1118,0.0022861
1119,0.00392105
1120,0.00294353
1121,0.000990116
1122,-0.000174919
1123,-0.000659064
1124,-0.000767577
1125,-0.000772312
1126,-0.00072714
1127,-0.000712056
1128,-0.000705572
1129,-0.000707938
1130,-0.00072185
1131,-0.000729995
1132,-0.000746586
1133,-0.000762282
1134,-0.000770017
1135,-0.000777064
1136,-0.000788636
1137,-0.0007945
1138,-0.000805314
1139,-0.000810467
1140,-0.000819863
1141,-0.00082841
1142,-0.000832647
1143,-0.0008398
1144,-0.000843181
1145,-0.00084924
1146,-0.000852106
1147,-0.000857257
1148,-0.000859698
1149,-0.000864102
1150,-0.000866166
1151,-0.000869549
1152,-0.0008713
1153,-0.000874124
1154,-0.000875614
1155,-0.000877882
1156,-0.000879106
1157,-0.000880398
1158,-0.000881862
1159,-0.000883682
1160,-0.000884748
1161,-0.000885685
1162,-0.000886638
1163,-0.000887679
1164,-0.000888415
1165,-0.000888875
1166,-0.000889119
1167,-0.000889282
1168,-0.000889203
1169,-0.000888356
1170,-0.000888149
1171,-0.000887864
1172,-0.000887716
1173,-0.000887094
1174,-0.000886944
1175,-0.000886322
1176,-0.000886182
1177,-0.000885502
1178,-0.000885336
1179,-0.000884891
1180,-0.000884655
1181,-0.000884542
1182,-0.000884053
1183,-0.000883551
1184,-0.000882733
1185,-0.000882511
1186,-0.000881887
1187,-0.000881804
1188,-0.000881684
1189,-0.000881721
1190,-0.000881051
1191,-0.000880893
1192,-0.000880657
1193,-0.00088062
1194,-0.000880812
1195,-0.000880445
1196,-0.000880276
1197,-0.000880018
1198,-0.000879912
1199,-0.000880012
1200,-0.00087957
1201,-0.000879701
1202,-0.000879983
1203,-0.000879809
1204,-0.000879839
1205,-0.000880081
1206,-0.000880146
1207,-0.000879616
1208,-0.000879537
1209,-0.000879575
1210,-0.000879493
1211,-0.000879555
1212,-0.000879676
1213,-0.000879727
1214,-0.000879821
1215,-0.000879859
1216,-0.000879947
1217,-0.000879983
1218,-0.000880077
1219,-0.000880117
1220,-0.000880346
1221,-0.000880106
1222,-0.000880419
1223,-0.000880785
1224,-0.000880755
1225,-0.000880736
1226,-0.000880911
1227,-0.000880612
1228,-0.000880627
1229,-0.000880768
1230,-0.000880643
1231,-0.000880639
1232,-0.000880374
1233,-0.000880179
1234,-0.000880274
1235,-0.000880067
1236,-0.000878916
1237,-0.00087853
1238,-0.000877481
1239,-0.000876965
1240,-0.000876907
1241,-0.000875886
1242,-0.000875373
1243,-0.000874271
1244,-0.000873737
1245,-0.000872625
1246,-0.00087208
1247,-0.000870926
1248,-0.000870356
1249,-0.000869151
1250,-0.000868102
1251,-0.000867784
1252,-0.000867239
1253,-0.000865446
1254,-0.000864748
1255,-0.000863405
1256,-0.000862757
1257,-0.000861418
1258,-0.000860756
1259,-0.000859383
1260,-0.000858706
1261,-0.00085731
1262,-0.000856622
1263,-0.000856058
1264,-0.000854351
1265,-0.000853666
1266,-0.00085277
1267,-0.000851221
1268,-0.000850603
1269,-0.000849062
1270,-0.000848456
1271,-0.000847171
1272,-0.000846523
1273,-0.000845138
1274,-0.000844448
1275,-0.000843024
1276,-0.00084177
1277,-0.000840723
1278,-0.00084024
1279,-0.000839547
1280,-0.000837538
1281,-0.000836715
1282,-0.000835222
1283,-0.000833632
1284,-0.000832937
1285,-0.000831474
1286,-0.000830753
1287,-0.000829231
1288,-0.000828481
1289,-0.000826925
1290,-0.000826135
1291,-0.000824592
1292,-0.000822915
1293,-0.000822175
1294,-0.000820636
1295,-0.000819879
1296,-0.0008183
1297,-0.000817523
1298,-0.000816876
1299,-0.000814987
1300,-0.000814215
1301,-0.000812658
1302,-0.000811895
1303,-0.000810316
1304,-0.000809509
1305,-0.000807938
1306,-0.000806238
1307,-0.000805484
1308,-0.000804855
1309,-0.000803006
1310,-0.000802244
1311,-0.000800697
1312,-0.000799907
1313,-0.000798366
1314,-0.000796687
1315,-0.000795942
1316,-0.000795288
1317,-0.000793486
1318,-0.0007927
1319,-0.000790986
1320,-0.000790268
1321,-0.000788584
1322,-0.000787855
1323,-0.000786432
1324,-0.000784842
1325,-0.000784129
1326,-0.000782621
1327,-0.000781873
1328,-0.000780332
1329,-0.00077957
1330,-0.000778025
1331,-0.000777264
1332,-0.000775726
1333,-0.000774347
1334,-0.000773838
1335,-0.000772169
1336,-0.000771354
1337,-0.000769743
1338,-0.000768964
1339,-0.000767427
1340,-0.000766673
1341,-0.000765163
1342,-0.000763809
1343,-0.000763311
1344,-0.000762637
1345,-0.000760727
1346,-0.000759941
1347,-0.000759286
1348,-0.000757577
1349,-0.00075686
1350,-0.000755232
1351,-0.000754557
1352,-0.000753183
1353,-0.000751923
1354,-0.000751456
1355,-0.000749864
1356,-0.00074908
1357,-0.000748439
1358,-0.000746663
1359,-0.000745357
1360,-0.000744883
1361,-0.00074334
1362,-0.000742578
1363,-0.000741955
1364,-0.000740209
1365,-0.000739458
1366,-0.000738093
1367,-0.000736614
1368,-0.00073596
1369,-0.000734583
1370,-0.000733893
1371,-0.000732491
1372,-0.00073179
1373,-0.000730385
1374,-0.000729124
1375,-0.000728662
1376,-0.000728039
1377,-0.000726249
1378,-0.000725511
1379,-0.000724113
1380,-0.000723427
1381,-0.000722062
1382,-0.000721379
1383,-0.000720011
1384,-0.000719327
1385,-0.000717961
1386,-0.000717279
1387,-0.000715918
1388,-0.000714696
1389,-0.00071425
1390,-0.000712768
1391,-0.000712034
1392,-0.000710606
1393,-0.000709905
1394,-0.000708545
1395,-0.000707869
1396,-0.0007073
1397,-0.000705746
1398,-0.00070437
1399,-0.000703772
1400,-0.000702508
1401,-0.000701866
1402,-0.000700561
1403,-0.000699903
1404,-0.000698591
1405,-0.000697412
1406,-0.000696404
1407,-0.000695926
1408,-0.000694395
1409,-0.000693643
1410,-0.000693054
1411,-0.000691438
1412,-0.000690775
1413,-0.000689509
1414,-0.000688877
1415,-0.000687616
1416,-0.000686977
1417,-0.000685707
1418,-0.000684562
1419,-0.000684146
1420,-0.000683583
1421,-0.00068194
1422,-0.00068126
1423,-0.000680739
1424,-0.000679223
1425,-0.000678595
1426,-0.000676164
1427,-0.000675516
1428,-0.000673817
1429,-0.000671693
1430,-0.000669306
1431,-0.000667747
1432,-0.00066317
1433,-0.00066178
1434,-0.000659512
1435,-0.000657578
1436,-0.000656378
1437,-0.000654786
1438,-0.000653045
1439,-0.000651433
1440,-0.00064993
1441,-0.000648492
1442,-0.000647081
1443,-0.000645038
1444,-0.000643952
1445,-0.000642606
1446,-0.000640396
1447,-0.000639807
1448,-0.000637186
1449,-0.000636465
1450,-0.000635088
1451,-0.000633731
1452,-0.000632351
1453,-0.000630481
1454,-0.000629575
1455,-0.000628357
1456,-0.000626274
1457,-0.000624992
1458,-0.000623631
1459,-0.000622266
1460,-0.000620929
1461,-0.000620284
1462,-0.000617913
1463,-0.000617255
1464,-0.000615775
1465,-0.000614578
1466,-0.000612697
1467,-0.000611792
1468,-0.000610791
1469,-0.000609476
1470,-0.000608145
1471,-0.000606839
1472,-0.000605564
1473,-0.000604308
1474,-0.000603061
1475,-0.000601818
1476,-0.000600578
1477,-0.00060001
1478,-0.000597703
1479,-0.000596715
1480,-0.000595757
1481,-0.000594515
1482,-0.000593897
1483,-0.00059159
1484,-0.000590422
1485,-0.000589343
1486,-0.000587724
1487,-0.000586657
1488,-0.00058544
1489,-0.00058417
1490,-0.00058292
1491,-0.000581694
1492,-0.000580484
1493,-0.000579282
1494,-0.000578085
1495,-0.000576889
1496,-0.000575148
1497,-0.000574244
1498,-0.000573138
1499,-0.000571802
1500,-0.000570506
1501,-0.000569265
1502,-0.000568062
1503,-0.000566877
1504,-0.000565699
1505,-0.000563983
1506,-0.000563488
1507,-0.000561437
1508,-0.000560266
1509,-0.000559818
1510,-0.000557717
1511,-0.000556805
1512,-0.000555907
1513,-0.00055473
1514,-0.000553528
1515,-0.000552337
1516,-0.000551167
1517,-0.000550011
1518,-0.000548862
1519,-0.00054719
1520,-0.000546326
1521,-0.000545268
1522,-0.000543986
1523,-0.000542742
1524,-0.00054155
1525,-0.000540396
1526,-0.00053926
1527,-0.00053813
1528,-0.000537002
1529,-0.000536483
1530,-0.000535064
1531,-0.000533837
1532,-0.000532841
1533,-0.000531819
1534,-0.000530755
1535,-0.00052966
1536,-0.000529151
1537,-0.00052775
1538,-0.000527063
1539,-0.00052582
1540,-0.000525162
1541,-0.000524053
1542,-0.000522785
1543,-0.000522199
1544,-0.000521737
1545,-0.0005205
1546,-0.000519952
1547,-0.000519342
1548,-0.000518151
1549,-0.000517624
1550,-0.000516475
1551,-0.000515957
1552,-0.000514931
1553,-0.000514392
1554,-0.000513325
1555,-0.00051277
1556,-0.000511691
1557,-0.000511133
1558,-0.000510056
1559,-0.000509501
1560,-0.00050843
1561,-0.000507876
1562,-0.000507454
1563,-0.000506177
1564,-0.000505634
1565,-0.000504603
1566,-0.00050407
1567,-0.000503031
1568,-0.000502489
1569,-0.000501442
1570,-0.000500898
1571,-0.000499851
1572,-0.000498906
1573,-0.000498561
1574,-0.00049741
1575,-0.00049637
1576,-0.000495507
1577,-0.0004951
1578,-0.000493874
1579,-0.000492791
1580,-0.000491913
1581,-0.000491502
1582,-0.000490999
1583,-0.00048959
1584,-0.000488563
1585,-0.00048819
1586,-0.000487071
1587,-0.000486498
1588,-0.000485418
1589,-0.000484865
1590,-0.000483827
1591,-0.000482884
1592,-0.000482535
1593,-0.000481414
1594,-0.000480399
1595,-0.000479556
1596,-0.000479156
1597,-0.000478662
1598,-0.000477273
1599,-0.000476261
1600,-0.000475451
1601,-0.00047507
1602,-0.000473894
1603,-0.000473296
1604,-0.000472845
1605,-0.000471581
1606,-0.00047065
1607,-0.000470308
1608,-0.000469231
1609,-0.000468247
1610,-0.000467879
1611,-0.000466761
1612,-0.000466189
1613,-0.00046513
1614,-0.000464187
1615,-0.000463839
1616,-0.000462747
1617,-0.000462184
1618,-0.000461136
1619,-0.000460555
1620,-0.000459597
1621,-0.000458573
1622,-0.000458137
1623,-0.000457143
1624,-0.00045658
1625,-0.000455628
1626,-0.000454597
1627,-0.000454153
1628,-0.000453168
1629,-0.000452651
1630,-0.000451668
1631,-0.000451153
1632,-0.000450183
1633,-0.000449295
1634,-0.000448545
1635,-0.000448179
1636,-0.000447046
1637,-0.000446466
1638,-0.000445422
1639,-0.000444503
1640,-0.000444166
1641,-0.000443114
1642,-0.000442569
1643,-0.000442119
1644,-0.000440974
1645,-0.000439979
1646,-0.000439554
1647,-0.000438619
1648,-0.000437752
1649,-0.000437429
1650,-0.000436387
1651,-0.000435845
1652,-0.000435442
1653,-0.000434266
1654,-0.000433763
1655,-0.000432844
1656,-0.00043236
1657,-0.000432005
1658,-0.000430884
1659,-0.000430357
1660,-0.000429498
1661,-0.000428551
1662,-0.000428142
1663,-0.000427211
1664,-0.000426364
1665,-0.000425625
1666,-0.000425271
1667,0.00139244
1668,0.00105591
1669,0.000354771
1670,5.59549e-05
1671,-0.00014781
1672,-0.000347776
1673,-0.000412407
1674,-0.000470227
1675,-0.000486444
1676,-0.000501326
1677,-0.000507991
1678,-0.000510083
1679,-0.000510918
1680,-0.000510545
1681,-0.000510062
1682,-0.000507742
1683,-0.000506362
1684,-0.00050494
1685,-0.000501422
1686,-0.000497575
1687,-0.000495581
1688,-0.000491487
1689,-0.00048934
1690,-0.000485043
1691,-0.000482831
1692,-0.00047848
1693,-0.000476224
1694,-0.00047196
1695,-0.000469786
1696,-0.000465476
1697,-0.000463383
1698,-0.000459371
1699,-0.000457359
1700,-0.000453502
1701,-0.000451573
1702,-0.000447899
1703,-0.000446067
1704,-0.000442596
1705,-0.000440826
1706,-0.000437607
1707,-0.0004343
1708,-0.000432692
1709,-0.000429861
1710,-0.000428406
1711,-0.000425772
1712,-0.000423121
1713,-0.000421872
1714,-0.000419471
1715,-0.000418272
1716,-0.000416028
1717,-0.000414906
1718,-0.000413935
1719,-0.00041173
1720,-0.000409846
1721,-0.000408985
1722,-0.000407158
1723,-0.000405316
1724,-0.000404479
1725,-0.00040374
1726,-0.000401967
1727,-0.000401163
1728,-0.000399691
1729,-0.000398943
1730,-0.000398295
1731,-0.00039679
1732,-0.000395434
1733,-0.0003943
1734,-0.000393814
1735,-0.000392515
1736,-0.000391848
1737,-0.000391326
1738,-0.000389964
1739,-0.000389363
1740,-0.000388283
1741,-0.000387721
1742,-0.000386678
1743,-0.000386088
1744,-0.000385112
1745,-0.000384576
1746,-0.000383497
1747,-0.000382987
1748,-0.000382053
1749,-0.000381555
1750,-0.000380625
1751,-0.000379765
1752,-0.000379399
1753,-0.000378439
1754,-0.000377432
1755,-0.000377008
1756,-0.000376636
1757,-0.000375526
1758,-0.000375042
1759,-0.000374701
1760,-0.000373656
1761,-0.000373199
1762,-0.000372363
1763,-0.000371912
1764,-0.000371068
1765,-0.000370284
1766,-0.000369993
1767,-0.000369055
1768,-0.000368558
1769,-0.000367658
1770,-0.000367183
1771,-0.00036681
1772,-0.000365816
1773,-0.000365365
1774,-0.00795189
1775,-0.00593769
1776,-0.00503901
1777,-0.00308425
1778,-0.00239354
1779,-0.00164717
1780,-0.00141012
1781,-0.001163
1782,-0.00107952
1783,-0.000966
1784,-0.000879069
1785,-0.000839705
1786,-0.000805874
1787,-0.000749817
1788,-0.000723397
1789,-0.000675069
1790,-0.000652573
1791,-0.000611528
1792,-0.000592259
1793,-0.000556954
1794,-0.000540212
1795,-0.000509561
1796,-0.000480917
1797,-0.000467062
1798,-0.000442954
1799,-0.000431492
1800,-0.000420497
1801,-0.000400653
1802,-0.000381627
1803,-0.000364232
1804,-0.000356173
1805,-0.000342089
1806,-0.000335405
1807,-0.000323204
1808,-0.000317409
1809,-0.000306913
1810,-0.000297343
1811,-0.00029285
1812,-0.000284959
1813,-0.000281238
1814,-0.000277835
1815,-0.000271593
1816,-0.000268607
1817,-0.000263412
1818,-0.000258772
1819,-0.00025468
1820,-0.000252815
1821,-0.0002496
1822,-0.000248077
1823,-0.000245472
1824,-0.000244232
1825,-0.000243207
1826,-0.000241157
1827,-0.000240191
1828,-0.000238721
1829,-0.000237397
1830,-0.000236847
1831,-0.000236392
1832,-0.000235319
1833,-0.000234575
1834,-0.000234083
1835,-0.000233874
1836,-0.00023366
1837,-0.000232985
1838,-0.000232626
1839,-0.000232558
1840,-0.000232257
1841,-0.000232075
1842,-0.000231867
1843,-0.000231836
1844,-0.000231644
1845,-0.000231528
1846,-0.000231561
1847,-0.000231389
1848,-0.00023128
1849,-0.000231315
1850,-0.000231144
1851,-0.000231012
1852,-0.000230879
1853,-0.000230765
1854,-0.000230655
1855,-0.000230545
1856,-0.000230427
1857,-0.000230331
1858,-0.000230358
1859,-0.000230128
1860,-0.000229931
1861,-0.000229914
1862,-0.000229627
1863,-0.000229384
1864,-0.000229168
1865,-0.000228783
1866,-0.00022861
1867,-0.000228586
1868,-0.00022819
1869,-0.000228015
1870,-0.000227757
1871,-0.000227529
1872,-0.000227275
1873,-0.000226941
1874,-0.000226723
1875,-0.00022663
1876,-0.000226171
1877,-0.000225892
1878,-0.000225718
1879,-0.000225187
1880,-0.000224779
1881,-0.000224509
1882,-0.000224395
1883,-0.000223896
1884,-0.000223596
1885,-0.000223401
1886,-0.000222827
1887,-0.000222376
1888,-0.000222066
1889,-0.000221932
1890,-0.000221399
1891,-0.000221083
1892,-0.000220585
1893,-0.00022029
1894,-0.000220141
1895,-0.000219523
1896,-0.000219205
1897,-0.000218805
1898,-0.000218341
1899,-0.000217995
1900,-0.000217838
1901,-0.000217639
1902,-0.000216911
1903,-0.000216587
1904,-0.000216101
1905,-0.000215811
1906,-0.000215347
1907,-0.000215059
1908,-0.00021459
1909,-0.0002143
1910,-0.000213829
1911,-0.000213562
1912,-0.000213064
1913,-0.000212773
1914,0.000706375
1915,0.00034846
1916,-8.19008e-05
1917,-0.000283741
1918,-0.000322222
1919,-0.000292172
1920,-0.000274493
1921,-0.000267972
1922,-0.000266265
1923,-0.000262003
1924,-0.000257213
1925,-0.00025557
1926,-0.000252043
1927,-0.000250183
1928,-0.000246709
1929,-0.000244957
1930,-0.000241723
1931,-0.000240051
1932,-0.000237063
1933,-0.000234094
1934,-0.000232669
1935,-0.000231356
1936,-0.0002286
1937,-0.00022726
1938,-0.000224814
1939,-0.000223536
1940,-0.000221314
1941,-0.000219113
1942,-0.000218079
1943,-0.000216093
1944,-0.000215042
1945,-0.000212323
1946,-0.000211423
1947,-0.000210753
1948,-0.000209055
1949,-0.000207584
1950,-0.000206935
1951,-0.000206258
1952,-0.000204789
1953,-0.000203479
1954,-0.000202894
1955,-0.000201736
1956,-0.000201122
1957,-0.000200058
1958,-0.000199072
1959,-0.00019824
1960,-0.000197832
1961,-0.000196841
1962,-0.000196313
1963,-0.000195442
1964,-0.000194659
1965,-0.000194027
1966,-0.000193715
1967,-0.00019338
1968,-0.000192431
1969,-0.000192027
1970,-0.000191329
1971,-0.000190655
1972,-0.000190138
1973,-0.000189913
1974,-0.000189657
1975,-0.000188836
1976,-0.00018825
1977,-0.000179162
1978,-0.000172762
1979,-0.000181467
1980,-0.00018477
1981,-0.000189096
1982,-0.000190913
1983,-0.000191384
1984,-0.000190987
1985,-0.000190594
1986,-0.000189825
1987,-0.000189364
1988,-0.000188581
1989,-0.000188127
1990,-0.000187778
1991,-0.000186874
1992,-0.000186425
1993,-0.00018552
1994,-0.000185101
1995,-0.000184384
1996,-0.000183966
1997,-0.00018323
1998,-0.000182514
1999,-0.000182226
2000,-0.000181435
2001,-0.000180691
2002,-0.000180398
2003,-0.000179627
2004,-0.000179197
2005,-0.00017888
2006,-0.000178075
2007,-0.000177687
2008,-0.000177016
2009,-0.000176656
2010,-0.000176055
2011,-0.000175699
2012,-0.000175478
2013,-0.000174727
2014,-0.000174169
2015,-0.00017373
2016,-0.000173504
2017,-0.000172824
2018,-0.000172439
2019,-0.000171828
2020,-0.000171481
2021,-0.000171247
2022,-0.000170585
2023,-0.00017004
2024,-0.00016982
2025,-0.000169278
2026,-0.000168764
2027,-0.000168579
2028,-0.000168365
2029,-0.000167629
2030,-0.000167295
2031,-0.000166788
2032,-0.000166323
2033,-0.000166161
2034,-0.000165965
2035,-0.000165255
2036,-0.0001649
2037,-0.000164443
2038,-0.000164117
2039,-0.000163639
2040,-0.000163158
2041,-0.000162967
2042,-0.000162463
2043,-0.000162157
2044,-0.000161662
2045,-0.000161363
2046,-0.000160889
2047,-0.000160598
2048,-0.000160444
2049,-0.000159825
2050,-0.000159541
2051,-0.000159395
2052,-0.0001588
2053,-0.000158524
2054,-0.000158384
2055,-0.000157794
2056,-0.000157382
2057,-0.000157212
2058,-0.000156737
2059,-0.000156429
2060,-0.000155902
2061,-0.000155465
2062,-0.000155319
2063,-0.000154803
2064,-0.000154493
2065,-0.000154002
2066,-0.000153707
2067,-0.000153248
2068,-0.000152964
2069,-0.000152514
2070,-0.000152233
2071,-0.000151784
2072,-0.000151472
2073,-0.000151055
2074,-0.000150585
2075,-0.000150401
2076,-0.000149913
2077,-0.000149614
2078,-0.00014914
2079,-0.00014885
2080,-0.000148701
2081,-0.000148095
2082,-0.000147677
2083,-0.000147507
2084,-0.000147038
2085,-0.000146734
2086,-0.000146121
2087,-0.000145723
2088,-0.000145435
2089,-0.000145278
2090,-0.000144721
2091,-0.000144213
2092,-0.000143848
2093,-0.000143665
2094,-0.000143094
2095,-0.000142582
2096,-0.000142217
2097,-0.000141826
2098,-0.000141627
2099,-0.000141028
2100,-0.0001405
2101,-0.000140127
2102,-0.000139942
2103,-0.00013937
2104,-0.000138856
2105,-0.000138679
2106,-0.000138144
2107,-0.000137656
2108,-0.000137299
2109,-0.000136908
2110,-0.000136481
2111,-0.000136031
2112,-0.00013581
2113,-0.000135192
2114,-0.000134656
2115,-0.000134472
2116,-0.000133935
2117,-0.000133447
2118,-0.000133089
2119,-0.000132906
2120,-0.000132332
2121,-0.000131815
2122,-0.000131444
2123,-0.000131229
2124,-0.000130656
2125,-0.000130127
2126,-0.000129691
2127,-0.000129296
2128,-0.000129117
2129,-0.000128547
2130,-0.000128034
2131,-0.000127828
2132,-0.000127321
2133,-0.000126793
2134,-0.000126559
2135,-0.000125788
2136,-0.000125513
2137,-0.000125157
2138,-0.000124712
2139,-0.000124529
2140,-0.000124026
2141,-0.0001235
2142,-0.000123123
2143,-0.00012276
2144,-0.000122574
2145,-0.000121992
2146,-0.000121476
2147,-0.000121299
2148,-0.000120774
2149,-0.000120299
2150,-0.000119953
2151,-0.00011975
2152,-0.000119218
2153,-0.000118676
2154,-0.000118468
2155,-0.000117977
2156,-0.000117681
2157,-0.000117222
2158,-0.00011694
2159,-0.000116798
2160,-0.000116213
2161,-0.000115941
2162,-0.000115528
2163,-0.000115135
2164,-0.000115001
2165,-0.000114508
2166,-0.000114207
2167,-0.000114046
2168,-0.000113444
2169,-0.000113168
2170,-0.000112757
2171,-0.000112496
2172,-0.000112368
2173,-0.000111802
2174,-0.000111412
2175,-0.000111257
2176,-0.00011081
2177,-0.000110325
2178,-0.000110137
2179,-0.000109665
2180,-0.000109377
2181,-0.000108932
2182,-0.000108657
2183,-0.000108522
2184,-0.000107952
2185,-0.000107688
2186,-0.000107291
2187,-0.000107011
2188,-0.000106632
2189,-0.000106205
2190,-0.00010604
2191,-0.000105588
2192,-0.000105282
2193,-0.000104868
2194,-0.000104595
2195,-0.000104146
2196,-0.000103886
2197,-0.000103764
2198,-0.000103214
2199,-0.000102838
2200,-0.000102691
2201,-0.000102255
2202,-0.000101783
2203,-0.000101602
2204,-0.000101142
2205,-0.000100859
2206,-0.000100427
2207,-0.000100157
2208,-0.000100028
2209,-9.94706e-05
2210,-9.92122e-05
2211,-9.88265e-05
2212,-9.85763e-05
2213,-9.84589e-05
2214,-9.79128e-05
2215,-9.76582e-05
2216,-9.72761e-05
2217,-9.70272e-05
2218,-9.6638e-05
2219,-9.62623e-05
2220,-9.61378e-05
2221,-9.59829e-05
2222,-9.53641e-05
2223,-9.50811e-05
2224,-9.4927e-05
2225,-9.44099e-05
2226,-9.41593e-05
2227,-9.37539e-05
2228,-9.3513e-05
2229,-9.314e-05
2230,-9.27754e-05
2231,-9.26544e-05
2232,-9.21905e-05
2233,-9.19038e-05
2234,-9.14687e-05
2235,-9.12001e-05
2236,-9.10527e-05
2237,-9.05069e-05
2238,-9.01252e-05
2239,-8.98078e-05
2240,-8.96433e-05
2241,-8.91825e-05
2242,-8.88976e-05
2243,-8.84656e-05
2244,-8.81768e-05
2245,-8.77966e-05
2246,-8.73835e-05
2247,-8.7227e-05
2248,-8.67947e-05
2249,-8.65227e-05
2250,-8.63878e-05
2251,-8.58303e-05
2252,-8.55733e-05
2253,-8.54585e-05
2254,-8.49381e-05
2255,-8.46944e-05
2256,-8.45871e-05
2257,-8.40733e-05
2258,-8.38113e-05
2259,-8.34697e-05
2260,-8.30843e-05
2261,-8.29373e-05
2262,-8.28037e-05
2263,-8.22267e-05
2264,-8.19605e-05
2265,-8.15768e-05
2266,-8.13305e-05
2267,-8.09547e-05
2268,-8.0707e-05
2269,-8.03276e-05
2270,-7.99652e-05
2271,-7.98471e-05
2272,-7.97005e-05
2273,-7.9101e-05
2274,-7.88071e-05
2275,-7.84417e-05
2276,-7.80523e-05
2277,-7.79062e-05
2278,-7.7776e-05
2279,-7.72074e-05
2280,-7.68274e-05
2281,-7.66959e-05
2282,-7.62582e-05
2283,-7.59806e-05
2284,-7.5844e-05
2285,-7.52927e-05
2286,-7.50397e-05
2287,-7.46764e-05
2288,-7.4333e-05
2289,-7.40807e-05
2290,-7.39395e-05
2291,-7.37672e-05
2292,-7.31296e-05
2293,-7.27149e-05
2294,-7.25664e-05
2295,-7.21534e-05
2296,-7.18828e-05
2297,-7.1449e-05
2298,-7.11978e-05
2299,-7.10891e-05
2300,-7.05757e-05
2301,-7.03356e-05
2302,-7.02336e-05
2303,-6.97342e-05
2304,-6.94813e-05
2305,-6.9152e-05
2306,-6.87822e-05
2307,-6.86428e-05
2308,-6.82331e-05
2309,-6.79708e-05
2310,-6.75735e-05
2311,-6.73203e-05
2312,-6.72072e-05
2313,-6.66868e-05
2314,-6.64449e-05
2315,-6.60954e-05
2316,-6.57618e-05
2317,-6.56548e-05
2318,-6.5223e-05
2319,-6.4951e-05
2320,-6.4803e-05
2321,-6.42826e-05
2322,-6.38992e-05
2323,-6.37598e-05
2324,-6.36436e-05
2325,-6.31013e-05
2326,-6.28494e-05
2327,-6.24909e-05
2328,-6.2155e-05
2329,-6.20479e-05
2330,-6.18955e-05
2331,-6.13329e-05
2332,-6.10676e-05
2333,-6.06737e-05
2334,-6.03475e-05
2335,-6.02459e-05
2336,-5.98276e-05
2337,-5.95611e-05
2338,-5.94341e-05
2339,-5.89038e-05
2340,-5.86599e-05
2341,-5.85601e-05
2342,-5.80741e-05
2343,-5.78456e-05
2344,-5.75143e-05
2345,-5.71938e-05
2346,-5.7092e-05
2347,-5.66705e-05
2348,-5.64034e-05
2349,-5.60093e-05
2350,-5.56536e-05
2351,-5.55418e-05
2352,-5.51195e-05
2353,-5.48533e-05
2354,-5.4463e-05
2355,-5.42152e-05
2356,-5.41102e-05
2357,-5.36093e-05
2358,-5.3376e-05
2359,-5.30444e-05
2360,-5.28195e-05
2361,-5.22494e-05
2362,-5.20335e-05
2363,-5.2083e-05
2364,-5.15532e-05
2365,-5.11939e-05
2366,-5.09505e-05
2367,-5.08203e-05
2368,-5.03542e-05
2369,-5.00706e-05
2370,-4.96685e-05
2371,-4.94184e-05
2372,-4.90642e-05
2373,-4.88297e-05
2374,-4.84862e-05
2375,-4.82543e-05
2376,-4.79112e-05
2377,-4.76656e-05
2378,-4.73358e-05
2379,-4.71039e-05
2380,-4.6734e-05
2381,-4.65063e-05
2382,-4.64158e-05
2383,-4.59338e-05
2384,-4.57076e-05
2385,-4.53846e-05
2386,-4.51634e-05
2387,-4.48318e-05
2388,-4.45106e-05
2389,-4.44101e-05
2390,-4.42825e-05
2391,-4.37242e-05
2392,-4.34686e-05
2393,-4.3125e-05
2394,-4.28992e-05
2395,-4.25706e-05
2396,-4.23452e-05
2397,-4.20128e-05
2398,-4.17858e-05
2399,-4.14522e-05
2400,-4.1225e-05
2401,-4.08918e-05
2402,-4.0665e-05
2403,-4.03328e-05
2404,-4.01064e-05
2405,-3.97752e-05
2406,-3.95373e-05
2407,-3.9219e-05
2408,-3.89935e-05
2409,-3.7679e-05
2410,-3.94749e-05
2411,-3.873e-05
2412,-3.83329e-05
2413,-3.76674e-05
2414,-3.76674e-05
2415,-3.45418e-05
2416,-3.44707e-05
2417,-3.47898e-05
2418,-3.43794e-05
2419,-3.40926e-05
2420,-3.36402e-05
2421,-3.33544e-05
2422,-3.29754e-05
2423,-3.27236e-05
2424,-3.23258e-05
2425,-3.20719e-05
2426,-3.17194e-05
2427,-3.13353e-05
2428,-3.11893e-05
2429,-3.10556e-05
2430,-3.04887e-05
2431,-3.01076e-05
2432,-2.99835e-05
2433,-2.95557e-05
2434,-2.92851e-05
2435,-2.88854e-05
2436,-2.86322e-05
2437,-2.82661e-05
2438,-2.79222e-05
2439,-2.78111e-05
2440,-2.73903e-05
2441,-2.71241e-05
2442,-2.70002e-05
2443,-2.64848e-05
2444,-2.62469e-05
2445,-2.59203e-05
2446,-2.56114e-05
2447,-2.53912e-05
2448,-2.5265e-05
2449,-2.51112e-05
2450,-2.45154e-05
2451,-2.42469e-05
2452,-2.41422e-05
2453,-2.36655e-05
2454,-2.34424e-05
2455,-2.31343e-05
2456,-2.29167e-05
2457,-2.25949e-05
2458,-2.23685e-05
2459,-2.20364e-05
2460,-2.17985e-05
2461,-2.14731e-05
2462,-2.12434e-05
2463,-2.08863e-05
2464,-2.0578e-05
2465,-2.04843e-05
2466,-2.00846e-05
2467,-1.98256e-05
2468,-1.97039e-05
2469,-1.92063e-05
2470,-1.89735e-05
2471,-1.8637e-05
2472,-1.84241e-05
2473,-1.83428e-05
2474,-1.78896e-05
2475,-1.76642e-05
2476,-1.73457e-05
2477,-1.71358e-05
2478,-1.68104e-05
2479,-1.65979e-05
2480,-1.62919e-05
2481,-1.59936e-05
2482,-1.59033e-05
2483,-1.55102e-05
2484,-1.52558e-05
2485,-1.48977e-05
2486,-1.46644e-05
2487,-1.45791e-05
2488,-1.41148e-05
2489,-1.38279e-05
2490,-1.37463e-05
2491,-1.36449e-05
2492,-1.31256e-05
2493,-1.28867e-05
2494,-1.25794e-05
2495,-1.23685e-05
2496,-1.20737e-05
2497,-1.18623e-05
2498,-1.15635e-05
2499,-1.13506e-05
2500,-1.10511e-05
2501,-1.08323e-05
2502,-1.05402e-05
2503,-1.03283e-05
2504,-1.00093e-05
2505,-9.73665e-06
2506,-9.66037e-06
2507,-9.29701e-06
2508,-9.056e-06
2509,-8.7216e-06
2510,-8.49935e-06
2511,-8.20071e-06
2512,-7.99084e-06
2513,-7.92316e-06
2514,-7.4856e-06
2515,-7.27602e-06
2516,-7.01473e-06
2517,-6.73344e-06
2518,-6.63995e-06
2519,-6.30911e-06
2520,-6.08312e-06
2521,-5.76844e-06
2522,-5.55372e-06
2523,-5.2644e-06
2524,-5.05393e-06
2525,-4.77871e-06
2526,-4.57611e-06
2527,-4.27761e-06
2528,-4.0799e-06
2529,-4.02404e-06
2530,-3.607e-06
2531,-3.35937e-06
2532,-3.21105e-06
2533,-3.12089e-06
2534,-2.72364e-06
2535,-2.47174e-06
2536,-2.1432e-06
2537,-1.92812e-06
2538,-1.65288e-06
2539,-1.45528e-06
2540,-1.19273e-06
2541,-9.9845e-07
2542,-9.44538e-07
2543,-5.33175e-07
2544,-3.41663e-07
2545,-1.00589e-07
2546,1.28802e-07
2547,1.98885e-07
2548,5.24139e-07
2549,7.49499e-07
2550,1.04986e-06
2551,1.25506e-06
2552,1.51927e-06
2553,1.71181e-06
2554,1.76221e-06
2555,2.16398e-06
2556,2.35047e-06
2557,2.58092e-06
2558,2.75853e-06
2559,2.7995e-06
2560,3.19128e-06
2561,3.37396e-06
2562,3.59949e-06
2563,3.81369e-06
2564,3.94223e-06
2565,4.02479e-06
2566,4.40031e-06
2567,4.72251e-06
2568,4.81154e-06
2569,5.13807e-06
2570,5.35572e-06
2571,5.44678e-06
2572,5.8423e-06
2573,6.02159e-06
2574,6.23103e-06
2575,6.40095e-06
2576,6.61905e-06
2577,6.85605e-06
2578,6.9251e-06
2579,7.20776e-06
2580,7.4088e-06
2581,7.46725e-06
2582,7.86714e-06
2583,8.04911e-06
2584,8.26144e-06
2585,8.43043e-06
2586,8.64354e-06
2587,8.8725e-06
2588,8.93706e-06
2589,9.21114e-06
2590,9.40779e-06
2591,9.6612e-06
2592,9.88348e-06
2593,9.93173e-06
2594,1.02256e-05
2595,1.04301e-05
2596,1.06868e-05
2597,1.08699e-05
2598,1.10895e-05
2599,1.12601e-05
2600,1.12888e-05
2601,1.16472e-05
2602,1.18124e-05
2603,1.20004e-05
2604,1.2157e-05
2605,1.21773e-05
2606,1.25274e-05
2607,1.26894e-05
2608,1.28738e-05
2609,1.30286e-05
2610,1.32213e-05
2611,1.33826e-05
2612,1.35823e-05
2613,1.37456e-05
2614,1.39451e-05
2615,1.39855e-05
2616,1.42374e-05
2617,1.44214e-05
2618,1.46483e-05
2619,1.48189e-05
2620,1.50203e-05
2621,1.51821e-05
2622,1.52026e-05
2623,1.55441e-05
2624,1.57006e-05
2625,1.58882e-05
2626,1.60581e-05
2627,1.60938e-05
2628,1.61319e-05
2629,1.65215e-05
2630,1.66977e-05
2631,1.68866e-05
2632,1.70389e-05
2633,1.72181e-05
2634,1.7386e-05
2635,1.74115e-05
2636,1.76693e-05
2637,1.78564e-05
2638,1.78971e-05
2639,1.82511e-05
2640,1.84175e-05
2641,1.84376e-05
2642,1.86702e-05
2643,1.88472e-05
2644,1.90581e-05
2645,1.92353e-05
2646,1.93072e-05
2647,1.94339e-05
2648,1.96056e-05
2649,1.96977e-05
2650,2.00444e-05
2651,2.03121e-05
2652,2.03676e-05
2653,2.06252e-05
2654,2.0807e-05
2655,2.08375e-05
2656,2.11751e-05
2657,2.13253e-05
2658,2.14873e-05
2659,2.16202e-05
2660,2.1766e-05
2661,2.19034e-05
2662,2.20676e-05
2663,2.22397e-05
2664,2.22746e-05
2665,2.2496e-05
2666,2.26659e-05
2667,2.28656e-05
2668,2.30221e-05
2669,2.3034e-05
2670,2.33504e-05
2671,2.34938e-05
2672,2.36364e-05
2673,2.37698e-05
2674,2.39174e-05
2675,2.4062e-05
2676,2.40757e-05
2677,2.43252e-05
2678,2.44976e-05
2679,2.46888e-05
2680,2.48399e-05
2681,2.5001e-05
2682,2.51441e-05
2683,2.51566e-05
2684,2.53856e-05
2685,2.55582e-05
2686,2.5585e-05
2687,2.59105e-05
2688,2.60497e-05
2689,2.60569e-05
2690,2.62631e-05
2691,2.6448e-05
2692,2.64765e-05
2693,2.67125e-05
2694,2.68856e-05
2695,2.70748e-05
2696,2.72238e-05
2697,2.7376e-05
2698,2.75129e-05
2699,2.76567e-05
2700,2.77916e-05
2701,2.79352e-05
2702,2.80702e-05
2703,2.82141e-05
2704,2.83451e-05
2705,2.83527e-05
2706,2.85721e-05
2707,2.874e-05
2708,2.89252e-05
2709,2.90725e-05
2710,2.92215e-05
2711,2.93567e-05
2712,2.94966e-05
2713,2.96294e-05
2714,2.96002e-05
2715,2.99112e-05
2716,3.00418e-05
2717,2.27562e-05
2718,2.45457e-05
2719,2.8058e-05
2720,3.04244e-05
2721,3.11543e-05
2722,3.17995e-05
2723,3.20508e-05
2724,3.22427e-05
2725,3.23712e-05
2726,3.23506e-05
2727,3.25923e-05
2728,3.26954e-05
2729,3.27591e-05
2730,3.28515e-05
2731,3.29208e-05
2732,3.30197e-05
2733,3.30972e-05
2734,3.31631e-05
2735,3.31382e-05
2736,3.3297e-05
2737,3.34349e-05
2738,3.35621e-05
2739,3.36536e-05
2740,3.36371e-05
2741,3.36415e-05
2742,3.39551e-05
2743,3.40905e-05
2744,3.41862e-05
2745,3.42581e-05
2746,3.42322e-05
2747,3.44069e-05
2748,3.45679e-05
2749,3.45895e-05
2750,3.46016e-05
2751,3.49168e-05
2752,3.50489e-05
2753,3.51618e-05
2754,3.5264e-05
2755,3.52645e-05
2756,3.54297e-05
2757,3.55729e-05
2758,3.55699e-05
2759,3.58608e-05
2760,3.5981e-05
2761,3.59801e-05
2762,3.61425e-05
2763,3.63003e-05
2764,3.63244e-05
2765,3.63385e-05
2766,3.66775e-05
2767,3.68242e-05
2768,3.69608e-05
2769,3.70785e-05
2770,3.70567e-05
2771,3.73163e-05
2772,3.74137e-05
2773,3.7406e-05
2774,3.75884e-05
2775,3.77347e-05
2776,3.79031e-05
2777,3.8034e-05
2778,3.81827e-05
2779,3.83066e-05
2780,3.8304e-05
2781,3.84269e-05
2782,3.86783e-05
2783,3.87703e-05
2784,3.87652e-05
2785,3.87641e-05
2786,3.90789e-05
2787,3.92211e-05
2788,3.93466e-05
2789,3.94682e-05
2790,3.94526e-05
2791,3.97207e-05
2792,3.98231e-05
2793,3.98173e-05
2794,3.99992e-05
2795,4.01512e-05
2796,4.01617e-05
2797,4.04543e-05
2798,4.0584e-05
2799,4.06902e-05
2800,4.08048e-05
2801,4.09157e-05
2802,4.09139e-05
2803,4.10856e-05
2804,4.12314e-05
2805,4.1237e-05
2806,4.15249e-05
2807,4.16358e-05
2808,4.16321e-05
2809,4.18117e-05
2810,4.19624e-05
2811,4.21207e-05
2812,4.22488e-05
2813,4.23838e-05
2814,4.25078e-05
2815,4.25178e-05
2816,4.26947e-05
2817,4.28353e-05
2818,4.29984e-05
2819,4.31332e-05
2820,4.32722e-05
2821,4.33956e-05
2822,4.35097e-05
2823,4.36304e-05
2824,4.37495e-05
2825,4.38652e-05
2826,4.39941e-05
2827,4.41169e-05
2828,4.4127e-05
2829,4.43053e-05
2830,4.44538e-05
2831,4.44618e-05
2832,4.47494e-05
2833,4.486e-05
2834,4.48566e-05
2835,4.50331e-05
2836,4.51822e-05
2837,4.53371e-05
2838,4.5471e-05
2839,4.55954e-05
2840,4.57187e-05
2841,4.57034e-05
2842,4.59636e-05
2843,4.60746e-05
2844,4.61787e-05
2845,5.40884e-05
2846,5.99866e-05
2847,5.61058e-05
2848,5.49982e-05
2849,5.11545e-05
2850,4.9828e-05
2851,4.77655e-05
2852,4.67237e-05
2853,4.63491e-05
2854,4.63108e-05
2855,4.64498e-05
2856,4.66675e-05
2857,4.68572e-05
2858,4.71279e-05
2859,4.74003e-05
2860,4.74851e-05
2861,4.77948e-05
2862,4.8007e-05
2863,4.82735e-05
2864,4.84992e-05
2865,4.86119e-05
2866,4.87627e-05
2867,4.88471e-05
2868,4.8943e-05
2869,4.9379e-05
2870,4.95651e-05
2871,4.95826e-05
2872,4.98538e-05
2873,4.99765e-05
2874,5.00737e-05
2875,5.01616e-05
2876,5.01542e-05
2877,5.03341e-05
2878,5.04824e-05
2879,5.06269e-05
2880,5.07535e-05
2881,5.12313e-05
2882,5.08353e-05
2883,5.07389e-05
2884,5.16293e-05
2885,5.1702e-05
2886,5.19037e-05
2887,5.19261e-05
2888,5.18924e-05
2889,5.27748e-05
2890,5.24904e-05
2891,5.29454e-05
2892,5.31938e-05
2893,5.3358e-05
2894,5.3477e-05
2895,5.35549e-05
2896,5.35404e-05
2897,5.352e-05
2898,5.37895e-05
2899,5.38842e-05
2900,5.38591e-05
2901,5.39905e-05
2902,5.41071e-05
2903,8.6348e-05
2904,7.46337e-05
2905,5.35077e-05
2906,4.54454e-05
2907,3.74247e-05
2908,3.44427e-05
2909,3.38312e-05
2910,3.45902e-05
2911,3.5257e-05
2912,3.65457e-05
2913,3.72805e-05
2914,3.85378e-05
2915,3.92318e-05
2916,4.04338e-05
2917,4.10928e-05
2918,4.22349e-05
2919,4.28582e-05
2920,4.33408e-05
2921,4.45022e-05
2922,4.50715e-05
2923,4.60211e-05
2924,4.69246e-05
2925,4.73212e-05
2926,4.76982e-05
2927,4.86896e-05
2928,4.91595e-05
2929,4.98948e-05
2930,5.02996e-05
2931,5.05625e-05
2932,5.13046e-05
2933,5.16629e-05
2934,5.22086e-05
2935,5.27175e-05
2936,5.29176e-05
2937,5.34431e-05
2938,5.39201e-05
2939,5.40956e-05
2940,5.45498e-05
2941,5.48218e-05
2942,5.49784e-05
2943,5.54423e-05
2944,5.56583e-05
2945,5.57261e-05
2946,5.61067e-05
2947,5.62883e-05
2948,5.65029e-05
2949,5.67016e-05
2950,5.68119e-05
2951,5.68826e-05
2952,5.71889e-05
2953,5.73899e-05
2954,5.76056e-05
2955,5.77687e-05
2956,5.77905e-05
2957,5.79871e-05
2958,5.81401e-05
2959,5.82894e-05
2960,5.84168e-05
2961,5.85218e-05
2962,5.8607e-05
2963,5.85964e-05
2964,5.87475e-05
2965,5.88707e-05
2966,5.88729e-05
2967,5.90232e-05
2968,5.91412e-05
2969,5.92499e-05
2970,5.9317e-05
2971,5.9295e-05
2972,5.92786e-05
2973,5.95232e-05
2974,5.95889e-05
2975,5.95401e-05
2976,5.95287e-05
2977,5.96864e-05
2978,5.98174e-05
2979,5.99074e-05
2980,6.00029e-05
2981,6.00418e-05
2982,6.00637e-05
2983,6.00228e-05
2984,6.01188e-05
2985,6.02246e-05
2986,6.0288e-05
2987,6.03742e-05
2988,6.04029e-05
2989,6.04666e-05
2990,6.04962e-05
2991,6.05102e-05
2992,6.04671e-05
2993,6.05449e-05
2994,6.0603e-05
2995,6.05758e-05
2996,6.06767e-05
2997,6.07814e-05
2998,6.08368e-05
2999,6.09182e-05
3000,6.09371e-05
3001,6.09414e-05
3002,6.08924e-05
3003,0.118633
3004,0.167364
3005,0.0911452
3006,0.064841
3007,0.0816669
3008,0.218172
3009,0.267494
3010,0.115226
3011,0.0317385
3012,0.202861
3013,0.315987
3014,0.153774
3015,0.0476097
3016,0.213755
3017,0.280793
3018,0.241951
3019,0.11032
3020,0.156511
3021,0.251275
3022,0.22449
3023,0.184459
3024,0.171914
3025,0.20908
3026,0.228709
3027,0.186272
3028,0.182618
3029,0.196791
3030,0.216462
3031,0.202734
3032,0.190508
3033,0.214123
3034,0.230457
3035,0.209979
3036,0.196621
3037,0.19191
3038,0.226104
3039,0.232033
3040,0.223165
3041,0.208903
3042,0.200876
3043,0.200293
3044,0.216637
3045,0.219329
3046,0.209352
3047,0.205526
3048,0.211441
3049,0.216232
3050,0.211124
3051,0.206642
3052,0.205303
3053,0.214121
3054,0.21866
3055,0.211082
3056,0.206663
3057,0.210253
3058,0.215299
3059,0.216424
3060,0.207077
3061,0.203041
3062,0.20497
3063,0.216947
3064,0.215877
3065,0.211257
3066,0.203896
3067,0.201979
3068,0.206146
3069,0.214236
3070,0.216068
3071,0.205682
3072,0.202558
3073,0.202916
3074,0.207377
3075,0.209394
3076,0.208374
3077,0.200367
3078,0.197478
3079,0.200938
3080,0.210317
3081,0.213092
3082,0.202424
3083,0.198373
3084,0.197983
3085,0.206159
3086,0.209483
3087,0.205484
3088,0.196333
3089,0.197056
3090,0.200483
3091,0.203919
3092,0.199579
3093,0.196023
3094,0.198078
3095,0.200695
3096,0.201023
3097,0.199828
3098,0.196637
3099,0.195755
3100,0.197111
3101,0.199468
3102,0.197932
3103,0.19631
3104,0.195984
3105,0.196864
3106,0.195895
3107,0.194782
3108,0.193536
3109,0.192752
3110,0.192808
3111,0.192409
3112,0.190638
3113,0.189773
3114,0.189705
3115,0.189802
3116,0.189337
3117,0.186093
3118,0.184334
3119,0.183967
3120,0.184489
3121,0.184491
3122,0.181054
3123,0.179296
3124,0.179516
3125,0.179236
3126,0.178393
3127,0.174831
3128,0.173215
3129,0.174225
3130,0.17494
3131,0.171288
3132,0.169085
3133,0.169128
3134,0.169089
3135,0.168444
3136,0.166694
3137,0.16327
3138,0.162395
3139,0.162513
3140,0.164796
3141,0.164382
3142,0.163378
3143,0.161022
3144,0.160626
3145,0.165178
3146,0.167819
3147,0.163737
3148,0.159022
3149,0.157497
3150,0.168653
3151,0.174763
3152,0.167887
3153,0.164243
3154,0.159699
3155,0.165271
3156,0.169798
3157,0.165852
3158,0.159364
3159,0.160313
3160,0.163654
3161,0.168815
3162,0.169624
3163,0.163158
3164,0.161341
3165,0.161964
3166,0.17133
3167,0.176223
3168,0.173776
3169,0.165104
3170,0.162046
3171,0.162166
3172,0.173689
3173,0.179168
3174,0.171233
3175,0.163412
3176,0.159895
3177,0.174722
3178,0.183986
3179,0.175103
3180,0.170783
3181,0.167089
3182,0.167827
3183,0.173216
3184,0.175058
3185,0.170293
3186,0.168021
3187,0.172079
3188,0.175186
3189,0.171176
3190,0.167825
3191,0.167443
3192,0.169331
3193,0.166904
3194,0.164478
3195,0.158993
3196,0.15663
3197,0.155948
3198,0.152019
3199,0.146868
3200,0.141771
3201,0.139297
3202,0.133348
3203,0.130075
3204,0.122921
3205,0.118907
3206,0.115323
3207,0.106467
3208,0.102024
3209,0.0933866
3210,0.0887311
3211,0.0793135
3212,0.0699337
3213,0.0654014
3214,0.0558045
3215,0.0509668
3216,0.0462851
3217,0.036477
3218,0.0321029
3219,0.0246779
3220,0.0214743
3221,0.0159666
3222,0.0114086
3223,0.00944615
3224,0.00522553
3225,0.00306813
3226,-0.00120739
3227,-0.00340941
3228,-0.00676173
3229,-0.0100545
3230,-0.0115892
3231,-0.0176189
3232,-0.0211058
3233,-0.027352
3234,-0.0308939
3235,-0.0345039
3236,-0.0461159
3237,-0.0515235
3238,-0.0631562
3239,-0.0693601
3240,-0.0752501
3241,-0.0941576
3242,-0.109907
3243,-0.116151
3244,-0.141289
3245,-0.155605
3246,-0.179838
3247,-0.194386
3248,-0.227861
3249,-0.245444
3250,-0.265768
3251,-0.275161
3252,-0.29665
3253,-0.306664
3254,-0.316807
3255,-0.321096
3256,-0.333263
3257,-0.345091
3258,-0.350008
3259,-0.354903
3260,-0.357425
3261,-0.366298
3262,-0.371169
3263,-0.373394
3264,-0.373933
3265,-0.379867
3266,-0.383778
3267,-0.386363
3268,-0.387076
3269,-0.390157
3270,-0.392624
3271,-0.396113
3272,-0.397907
3273,-0.398321
3274,-0.40136
3275,-0.403387
3276,-0.404363
3277,-0.403631
3278,-0.406576
3279,-0.40824
3280,-0.410713
3281,-0.411635
3282,-0.411652
3283,-0.413187
3284,-0.414322
3285,-0.417779
3286,-0.419448
3287,-0.418328
3288,-0.41779
3289,-0.421299
3290,-0.422864
3291,-0.423401
3292,-0.418937
3293,-0.415395
3294,-0.424235
3295,-0.429852
3296,-0.430505
3297,-0.429324
3298,-0.428491
3299,-0.454775
3300,-0.448433
3301,-0.443661
3302,-0.4502
3303,-0.456459
3304,-0.460167
3305,-0.459234
3306,-0.458118
3307,-0.460195
3308,-0.462188
3309,-0.459077
3310,-0.45657
3311,-0.454652
3312,-0.453212
3313,-0.450692
3314,-0.448945
3315,-0.442979
3316,-0.440162
3317,-0.437503
3318,-0.436148
3319,-0.431689
3320,-0.429443
3321,-0.42736
3322,-0.426618
3323,-0.423629
3324,-0.42207
3325,-0.420176
3326,-0.419422
3327,-0.417343
3328,-0.415441
3329,-0.414725
3330,-0.413125
3331,-0.412334
3332,-0.410261
3333,-0.409247
3334,-0.407376
3335,-0.406413
3336,-0.403973
3337,-0.4027
3338,-0.400304
3339,-0.397835
3340,-0.396711
3341,-0.393828
3342,-0.39239
3343,-0.389943
3344,-0.388501
3345,-0.386025
3346,-0.384732
3347,-0.38324
3348,-0.381914
3349,-0.381171
3350,-0.378813
3351,-0.377723
3352,-0.376479
3353,-0.375908
3354,-0.372773
3355,-0.370127
3356,-0.369233
3357,-0.367702
3358,-0.366948
3359,-0.364408
3360,-0.363283
3361,-0.36305
3362,-0.363099
3363,-0.361308
3364,-0.360326
3365,-0.360062
3366,-0.360227
3367,-0.35886
3368,-0.35819
3369,-0.356744
3370,-0.355349
3371,-0.354529
3372,-0.353346
3373,-0.352788
3374,-0.351103
3375,-0.350185
3376,-0.349785
3377,-0.347659
3378,-0.346889
3379,-0.343847
3380,-0.341929
3381,-0.336939
3382,-0.333491
3383,-0.326072
3384,-0.321381
3385,-0.318453
3386,-0.278957
3387,-0.27695
3388,-0.25096
3389,-0.200456
3390,-0.165563
3391,-0.139094
3392,-0.112114
3393,-0.0871466
3394,-0.0663628
3395,-0.0575498
3396,-0.0299635
3397,-0.0156582
3398,-0.00124896
3399,0.00755828
3400,0.0294024
3401,0.0530848
3402,0.0597033
3403,0.078823
3404,0.0886306
3405,0.0961765
3406,0.0988624
3407,0.103526
3408,0.116686
3409,0.122878
3410,0.123171
3411,0.122727
3412,0.134186
3413,0.141252
3414,0.143946
3415,0.14398
3416,0.150421
3417,0.158618
3418,0.162061
3419,0.163129
3420,0.163606
3421,0.172333
3422,0.177527
3423,0.179392
3424,0.179499
3425,0.185235
3426,0.189094
3427,0.192912
3428,0.19419
3429,0.196872
3430,0.198705
3431,0.200726
3432,0.20262
3433,0.203452
3434,0.204295
3435,0.205704
3436,0.222095
3437,0.236965
3438,0.218397
3439,0.208147
3440,0.206587
3441,0.208902
3442,0.208927
3443,0.208155
3444,0.208337
3445,0.213594
3446,0.216629
3447,0.21702
3448,0.21599
3449,0.216359
3450,0.218775
3451,0.220205
3452,0.220769
3453,0.221392
3454,0.221959
3455,0.224897
3456,0.226435
3457,0.226479
3458,0.226513
3459,0.229444
3460,0.231206
3461,0.231714
3462,0.231838
3463,0.233854
3464,0.235127
3465,0.236031
3466,0.236908
3467,0.23761
3468,0.239175
3469,0.240019
3470,0.240534
3471,0.241576
3472,0.24227
3473,0.243723
3474,0.24463
3475,0.245868
3476,0.246566
3477,0.248172
3478,0.249148
3479,0.250517
3480,0.251368
3481,0.252717
3482,0.254158
3483,0.254793
3484,0.256377
3485,0.257282
3486,0.258389
3487,0.259023
3488,0.260437
3489,0.261297
3490,0.262447
3491,0.263076
3492,0.264129
3493,0.264782
3494,0.265905
3495,0.266574
3496,0.267492
3497,0.268054
3498,0.268454
3499,0.269614
3500,0.270225
3501,0.270599
3502,0.271303
3503,0.271716
3504,0.272794
3505,0.273376
3506,0.273337
3507,0.273364
3508,0.27419
3509,0.274776
3510,0.274836
3511,0.274934
3512,0.275069
3513,0.275876
3514,0.276359
3515,0.275748
3516,0.275497
3517,0.275001
3518,0.274303
3519,0.272833
3520,0.272328
3521,0.273523
3522,0.275299
3523,0.276492
3524,0.276936
3525,0.277356
3526,0.277619
3527,0.278214
3528,0.278556
3529,0.278575
3530,0.278592
3531,0.278737
3532,0.278725
3533,0.278753
3534,0.278014
3535,0.277844
3536,0.27793
3537,0.277728
3538,0.277575
3539,0.276909
3540,0.276641
3541,0.276672
3542,0.276363
3543,0.276252
3544,0.27522
3545,0.274838
3546,0.274771
3547,0.274773
3548,0.273627
3549,0.273007
3550,0.272592
3551,0.272182
3552,0.271356
3553,0.270418
3554,0.269757
3555,0.269521
3556,0.267485
3557,0.266347
3558,0.264841
3559,0.26408
3560,0.263173
3561,0.261166
3562,0.260293
3563,0.259156
3564,0.257856
3565,0.257169
3566,0.255194
3567,0.254217
3568,0.253257
3569,0.252852
3570,0.251156
3571,0.250257
3572,0.249178
3573,0.248725
3574,0.247305
3575,0.246534
3576,0.244931
3577,0.244135
3578,0.242643
3579,0.241066
3580,0.240315
3581,0.239437
3582,0.237342
3583,0.236378
3584,0.234933
3585,0.2342
3586,0.232065
3587,0.23093
3588,0.229293
3589,0.228521
3590,0.227954
3591,0.227824
3592,0.226984
3593,0.226182
3594,0.225764
3595,0.225559
3596,0.225578
3597,0.225582
3598,0.21173
3599,0.214748
3600,0.219863
3601,0.22135
3602,0.220138
3603,0.218326
3604,0.216691
3605,0.215779
3606,0.215147
3607,0.212133
3608,0.20983
3609,0.209112
3610,0.205452
3611,0.202885
3612,0.197372
3613,0.194239
3614,0.191477
3615,0.187915
3616,0.180547
3617,0.177052
3618,0.174512
3619,0.167799
3620,0.160965
3621,0.15404
3622,0.150396
3623,0.139107
3624,0.128385
3625,0.123529
3626,0.110659
3627,0.104191
3628,0.091616
3629,0.0853492
3630,0.0793835
3631,0.0673087
3632,0.0612199
3633,0.0501359
3634,0.0451686
3635,0.0366416
3636,0.0328872
3637,0.0255079
3638,0.0217989
3639,0.0182584
3640,0.0078608
3641,0.00290916
3642,-0.00355572
3643,-0.00733449
3644,-0.0158317
3645,-0.024104
3646,-0.0278486
3647,-0.0375479
3648,-0.0428013
3649,-0.0517791
3650,-0.0563748
3651,-0.0652183
3652,-0.0696575
3653,-0.0770777
3654,-0.0809669
3655,-0.0887019
3656,-0.0926804
3657,-0.0994446
3658,-0.103023
3659,-0.110982
3660,-0.115228
3661,-0.118582
3662,-0.128131
3663,-0.133015
3664,-0.140209
3665,-0.148387
3666,-0.152559
3667,-0.160021
3668,-0.163737
3669,-0.169951
3670,-0.17336
3671,-0.180632
3672,-0.18438
3673,-0.190319
3674,-0.193474
3675,-0.196172
3676,-0.202208
3677,-0.206882
3678,-0.20881
3679,-0.211682
3680,-0.213332
3681,-0.21527
3682,-0.222812
3683,-0.22734
3684,-0.226639
3685,-0.226334
3686,-0.233821
3687,-0.240263
3688,-0.242202
3689,-0.238522
3690,-0.237081
3691,-0.2479
3692,-0.256157
3693,-0.257692
3694,-0.244366
3695,-0.24906
3696,-0.27941
3697,-0.304906
3698,-0.307248
3699,-0.278406
3700,-0.265425
3701,-0.315359
3702,-0.353524
3703,-0.323332
3704,-0.29081
3705,-0.292895
3706,-0.359795
3707,-0.396263
3708,-0.323766
3709,-0.255822
3710,-0.241078
3711,-0.404251
3712,-0.481189
3713,-0.333811
3714,-0.239022
3715,-0.332456
3716,-0.424372
3717,-0.383627
3718,-0.329121
3719,-0.313671
3720,-0.332204
3721,-0.343844
3722,-0.328189
3723,-0.34835
3724,-0.365695
3725,-0.292033
3726,-0.252376
3727,-0.310468
3728,-0.344914
3729,-0.374256
3730,-0.302423
3731,-0.297307
3732,-0.293612
3733,-0.442735
3734,-0.498621
3735,-0.321733
3736,-0.225906
3737,-0.358108
3738,-0.451199
3739,-0.457239
3740,-0.370294
3741,-0.267869
3742,-0.324909
3743,-0.38034
3744,-0.394476
3745,-0.37184
3746,-0.329565
3747,-0.31472
3748,-0.344893
3749,-0.39104
3750,-0.402461
3751,-0.310071
3752,-0.260136
3753,-0.334425
3754,-0.386423
3755,-0.369393
3756,-0.313348
3757,-0.323163
3758,-0.381093
3759,-0.40832
3760,-0.331897
3761,-0.289825
3762,-0.338061
3763,-0.387778
3764,-0.397463
3765,-0.317079
3766,-0.278668
3767,-0.347936
3768,-0.400902
3769,-0.388687
3770,-0.342498
3771,-0.300018
3772,-0.327745
3773,-0.355393
3774,-0.353189
3775,-0.334458
3776,-0.326311
3777,-0.324432
3778,-0.338178
3779,-0.349791
3780,-0.347255
3781,-0.342088
3782,-0.328222
3783,-0.32404
3784,-0.342283
3785,-0.353324
3786,-0.342211
3787,-0.335893
3788,-0.333634
3789,-0.339245
3790,-0.341925
3791,-0.335102
3792,-0.332012
3793,-0.333054
3794,-0.342363
3795,-0.341829
3796,-0.33866
3797,-0.334089
3798,-0.334032
3799,-0.335606
3800,-0.336242
3801,-0.335323
3802,-0.329482
3803,-0.327025
3804,-0.330918
3805,-0.333339
3806,-0.328713
3807,-0.325297
3808,-0.32119
3809,-0.318841
3810,-0.317529
3811,-0.311933
3812,-0.309227
3813,-0.308969
3814,-0.310911
3815,-0.311904
3816,-0.306975
3817,-0.304437
3818,-0.308005
3819,-0.311943
3820,-0.312947
3821,-0.310281
3822,-0.306354
3823,-0.307684
3824,-0.314796
3825,-0.318896
3826,-0.320397
3827,-0.317662
3828,-0.314177
3829,-0.314365
3830,-0.333042
3831,-0.345617
3832,-0.347087
3833,-0.330037
3834,-0.324259
3835,-0.324072
3836,-0.350069
3837,-0.363495
3838,-0.344313
3839,-0.333679
3840,-0.331858
3841,-0.338405
3842,-0.345971
3843,-0.34106
3844,-0.333789
3845,-0.332136
3846,-0.338166
3847,-0.349864
3848,-0.353367
3849,-0.33811
3850,-0.331477
3851,-0.331373
3852,-0.345912
3853,-0.351294
3854,-0.337315
3855,-0.331182
3856,-0.331455
3857,-0.353357
3858,-0.365179
3859,-0.352376
3860,-0.336409
3861,-0.339179
3862,-0.365331
3863,-0.381554
3864,-0.381924
3865,-0.370518
3866,-0.347863
3867,-0.352042
3868,-0.380003
3869,-0.396331
3870,-0.38341
3871,-0.374692
3872,-0.374745
3873,-0.382148
3874,-0.411474
3875,-0.424948
3876,-0.416198
3877,-0.410441
3878,-0.409598
3879,-0.427432
3880,-0.432162
3881,-0.428888
3882,-0.415724
3883,-0.407104
3884,-0.398742
3885,-0.392824
3886,-0.370945
3887,-0.359303
3888,-0.341593
3889,-0.324798
3890,-0.277549
3891,-0.245897
3892,-0.230294
3893,-0.158902
3894,-0.12093
3895,-0.0697522
3896,-0.0290929
3897,-0.0124331
3898,0.0061631
3899,0.0197739
3900,0.0294315
3901,0.0373092
3902,0.0518082
3903,0.0704072
3904,0.082611
3905,0.108571
3906,0.117213
3907,0.129061
3908,0.164933
3909,0.176057
3910,0.178944
3911,0.195774
3912,0.205917
3913,0.214056
3914,0.2208
3915,0.231834
3916,0.237247
3917,0.246456
3918,0.25003
3919,0.2476
3920,0.244404
3921,0.243666
3922,0.245823
3923,0.24673
3924,0.241864
3925,0.238992
3926,0.241253
3927,0.243387
3928,0.243605
3929,0.238125
3930,0.235354
3931,0.23947
3932,0.242266
3933,0.242105
3934,0.234831
3935,0.233151
3936,0.234441
3937,0.239189
3938,0.240566
3939,0.234633
3940,0.23145
3941,0.232639
3942,0.245468
3943,0.251329
3944,0.245314
3945,0.24172
3946,0.248788
3947,0.258361
3948,0.258998
3949,0.255589
3950,0.254516
3951,0.265495
3952,0.27176
3953,0.267996
3954,0.264435
3955,0.270716
3956,0.279797
3957,0.283154
3958,0.277199
3959,0.274066
3960,0.283334
3961,0.289858
3962,0.287373
3963,0.283804
3964,0.282508
3965,0.295031
3966,0.301752
3967,0.294795
3968,0.289548
3969,0.287305
3970,0.293681
3971,0.30795
3972,0.308036
3973,0.304219
3974,0.298012
3975,0.297223
3976,0.300451
3977,0.30491
3978,0.305757
3979,0.303282
3980,0.302921
3981,0.304731
3982,0.305026
3983,0.304027
3984,0.300288
3985,0.299734
3986,0.306156
3987,0.30984
3988,0.310438
3989,0.311388
3990,0.312443
3991,0.315033
3992,0.314602
3993,0.313593
3994,0.311756
3995,0.312069
3996,0.312646
3997,0.313472
3998,0.316471
3999,0.317707
4000,0.31744
4001,0.316953
4002,0.313139
4003,0.309382
4004,0.307932
4005,0.308048
4006,0.309829
4007,0.310219
4008,0.307495
4009,0.303532
4010,0.300105
4011,0.300123
4012,0.311133
4013,0.318067
4014,0.31748
4015,0.314755
4016,0.313696
4017,0.314663
4018,0.32129
4019,0.324233
4020,0.320995
4021,0.318132
4022,0.318235
4023,0.339947
4024,0.351469
4025,0.351027
4026,0.349814
4027,0.342074
4028,0.34166
4029,0.346239
4030,0.349805
4031,0.350675
4032,0.349796
4033,0.353704
4034,0.357135
4035,0.366956
4036,0.37194
4037,0.366474
4038,0.359476
4039,0.357028
4040,0.367373
4041,0.373596
4042,0.372383
4043,0.369757
4044,0.36673
4045,0.36807
4046,0.372003
4047,0.374698
4048,0.369762
4049,0.36625
4050,0.365767
4051,0.366978
4052,0.371123
4053,0.373243
4054,0.370563
4055,0.368352
4056,0.369125
4057,0.370811
4058,0.372898
4059,0.37326
4060,0.36995
4061,0.368761
4062,0.371033
4063,0.372823
4064,0.374102
4065,0.37429
4066,0.374409
4067,0.376495
4068,0.377683
4069,0.378015
4070,0.378201
4071,0.379214
4072,0.379891
4073,0.379943
4074,0.377834
4075,0.376173
4076,0.366689
4077,0.361307
4078,0.353537
4079,0.349533
4080,0.344904
4081,0.333615
4082,0.32834
4083,0.316099
4084,0.311761
4085,0.318817
4086,0.326601
4087,0.299074
4088,0.253695
4089,0.233357
4090,0.238549
4091,0.245331
4092,0.229791
4093,0.221206
4094,0.219305
4095,0.203302
4096,0.19119
4097,0.170475
4098,0.160889
4099,0.145508
4100,0.139005
4101,0.127325
4102,0.122074
4103,0.109876
4104,0.097877
4105,0.0924831
4106,0.0787152
4107,0.0714537
4108,0.0556237
4109,0.0470539
4110,0.033078
4111,0.0256927
4112,0.0123059
4113,0.0057113
4114,-0.00488949
4115,-0.0150484
4116,-0.0249544
4117,-0.0298726
4118,-0.0444668
4119,-0.0527049
4120,-0.0680488
4121,-0.0856776
4122,-0.0942277
4123,-0.113423
4124,-0.124201
4125,-0.144352
4126,-0.155373
4127,-0.17737
4128,-0.189039
4129,-0.214175
4130,-0.228412
4131,-0.255619
4132,-0.283852
4133,-0.296913
4134,-0.320966
4135,-0.33401
4136,-0.356125
4137,-0.366946
4138,-0.377038
4139,-0.380652
4140,-0.386185
4141,-0.388739
4142,-0.389632
4143,-0.385782
4144,-0.383497
4145,-0.38336
4146,-0.381754
4147,-0.380525
4148,-0.377445
4149,-0.37577
4150,-0.374085
4151,-0.372945
4152,-0.370147
4153,-0.368272
4154,-0.365381
4155,-0.363928
4156,-0.361217
4157,-0.359599
4158,-0.358052
4159,-0.353301
4160,-0.350439
4161,-0.349719
4162,-0.344949
4163,-0.342026
4164,-0.337707
4165,-0.333887
4166,-0.332209
4167,-0.325969
4168,-0.322557
4169,-0.320419
4170,-0.317154
4171,-0.315231
4172,-0.307355
4173,-0.30288
4174,-0.299107
4175,-0.295503
4176,-0.293257
4177,-0.282198
4178,-0.276215
4179,-0.2745
4180,-0.276478
4181,-0.275519
4182,-0.273241
4183,-0.260512
4184,-0.254261
4185,-0.260092
4186,-0.262806
4187,-0.253809
4188,-0.243156
4189,-0.239
4190,-0.241761
4191,-0.25015
4192,-0.252217
4193,-0.238443
4194,-0.23292
4195,-0.229672
4196,-0.230249
4197,-0.227556
4198,-0.220733
4199,-0.216932
4200,-0.215812
4201,-0.215223
4202,-0.210522
4203,-0.207136
4204,-0.201805
4205,-0.200357
4206,-0.198842
4207,-0.193978
4208,-0.190842
4209,-0.185663
4210,-0.183465
4211,-0.180917
4212,-0.178718
4213,-0.177464
4214,-0.172004
4215,-0.16879
4216,-0.163492
4217,-0.160524
4218,-0.153566
4219,-0.14981
4220,-0.144104
4221,-0.13851
4222,-0.13576
4223,-0.129528
4224,-0.124336
4225,-0.122255
4226,-0.126817
4227,-0.129775
4228,-0.123621
4229,-0.119759
4230,-0.122509
4231,-0.130187
4232,-0.133617
4233,-0.134733
4234,-0.136852
4235,-0.138722
4236,-0.144453
4237,-0.162511
4238,-0.169737
4239,-0.169127
4240,-0.162731
4241,-0.160619
4242,-0.168194
4243,-0.17567
4244,-0.173742
4245,-0.171121
4246,-0.168889
4247,-0.168069
4248,-0.16965
4249,-0.17045
4250,-0.167629
4251,-0.166421
4252,-0.166916
4253,-0.170384
4254,-0.172086
4255,-0.171115
4256,-0.170504
4257,-0.174185
4258,-0.178882
4259,-0.180773
4260,-0.181128
4261,-0.181326
4262,-0.182829
4263,-0.187634
4264,-0.189808
4265,-0.18948
4266,-0.188114
4267,-0.188032
4268,-0.194356
4269,-0.198915
4270,-0.199624
4271,-0.197338
4272,-0.197093
4273,-0.20848
4274,-0.216537
4275,-0.217266
4276,-0.215924
4277,-0.218246
4278,-0.221712
4279,-0.232393
4280,-0.237911
4281,-0.239055
4282,-0.237334
4283,-0.238122
4284,-0.240551
4285,-0.253374
4286,-0.259722
4287,-0.259709
4288,-0.255178
4289,-0.257152
4290,-0.260181
4291,-0.267092
4292,-0.269376
4293,-0.264836
4294,-0.262597
4295,-0.268026
4296,-0.27173
4297,-0.272758
4298,-0.268368
4299,-0.266296
4300,-0.268995
4301,-0.270209
4302,-0.267238
4303,-0.264545
4304,-0.263924
4305,-0.266659
4306,-0.26811
4307,-0.267492
4308,-0.267162
4309,-0.270089
4310,-0.272256
4311,-0.275115
4312,-0.276465
4313,-0.277717
4314,-0.279692
4315,-0.28181
4316,-0.282613
4317,-0.287022
4318,-0.291061
4319,-0.292653
4320,-0.293387
4321,-0.295181
4322,-0.300004
4323,-0.30302
4324,-0.307475
4325,-0.31003
4326,-0.315439
4327,-0.318456
4328,-0.325364
4329,-0.32946
4330,-0.336612
4331,-0.343196
4332,-0.346156
4333,-0.358816
4334,-0.366108
4335,-0.376652
4336,-0.379882
4337,-0.375073
4338,-0.365896
4339,-0.358042
4340,-0.354734
4341,-0.351273
4342,-0.347974
4343,-0.346205
4344,-0.343566
4345,-0.342614
4346,-0.343245
4347,-0.344123
4348,-0.345092
4349,-0.344727
4350,-0.344815
4351,-0.345004
4352,-0.351102
4353,-0.354822
4354,-0.355606
4355,-0.352501
4356,-0.351258
4357,-0.357168
4358,-0.361883
4359,-0.360317
4360,-0.358894
4361,-0.356673
4362,-0.357488
4363,-0.359506
4364,-0.359957
4365,-0.355025
4366,-0.352164
4367,-0.349636
4368,-0.348263
4369,-0.345829
4370,-0.338676
4371,-0.33537
4372,-0.330408
4373,-0.327482
4374,-0.320049
4375,-0.316023
4376,-0.307406
4377,-0.302314
4378,-0.296692
4379,-0.286315
4380,-0.261207
4381,-0.231946
4382,-0.215848
4383,-0.139065
4384,-0.0818173
4385,-0.0650697
4386,-0.0653243
4387,-0.0628983
4388,-0.045972
4389,-0.0357105
4390,-0.0286085
4391,-0.0268204
4392,-0.0295002
4393,-0.0340322
4394,-0.0352626
4395,-0.0329797
4396,-0.0256303
4397,-0.0224678
4398,-0.018596
4399,-0.0174041
4400,-0.0172654
4401,-0.0151405
4402,-0.0135994
4403,-0.00980054
4404,-0.00784852
4405,-0.00404624
4406,-0.000583543
4407,0.000946605
4408,0.00599653
4409,0.00878844
4410,0.0121187
4411,0.0135751
4412,0.0178359
4413,0.0205928
4414,0.0280817
4415,0.0363023
4416,0.0401248
4417,0.0516221
4418,0.0633579
4419,0.0780494
4420,0.0875568
4421,0.0922882
4422,0.110183
4423,0.119888
4424,0.133122
4425,0.14544
4426,0.199481
4427,0.20398
4428,0.210309
4429,0.212888
4430,0.214942
4431,0.266698
4432,0.274762
4433,0.274343
4434,0.275651
4435,0.277623
4436,0.28124
4437,0.282564
4438,0.283014
4439,0.284111
4440,0.291563
4441,0.295695
4442,0.29864
4443,0.298283
4444,0.297174
4445,0.289563
4446,0.285154
4447,0.281506
4448,0.278201
4449,0.273577
4450,0.271618
4451,0.268678
4452,0.267397
4453,0.266383
4454,0.264697
4455,0.261309
4456,0.259715
4457,0.258151
4458,0.258254
4459,0.259397
4460,0.2603
4461,0.263541
4462,0.265338
4463,0.268489
4464,0.270028
4465,0.272597
4466,0.273997
4467,0.275741
4468,0.276641
4469,0.278639
4470,0.279891
4471,0.281488
4472,0.282282
4473,0.283711
4474,0.284627
4475,0.285968
4476,0.28667
4477,0.287466
4478,0.287979
4479,0.288111
4480,0.288133
4481,0.287695
4482,0.28722
4483,0.286926
4484,0.286231
4485,0.285686
4486,0.285391
4487,0.294172
4488,0.300606
4489,0.312061
4490,0.317825
4491,0.328119
4492,0.333293
4493,0.34046
4494,0.343183
4495,0.342415
4496,0.340795
4497,0.340251
4498,0.34067
4499,0.342571
4500,0.343341
4501,0.3426
4502,0.341989
4503,0.342833
4504,0.342298
4505,0.341577
4506,0.339729
4507,0.339006
4508,0.339122
4509,0.339356
4510,0.338555
4511,0.338095
4512,0.337683
4513,0.337788
4514,0.337877
4515,0.33823
4516,0.338494
4517,0.339042
4518,0.339489
4519,0.338867
4520,0.338364
4521,0.33768
4522,0.336755
4523,0.336025
4524,0.335601
4525,0.334073
4526,0.333798
4527,0.335768
4528,0.336798
4529,0.33751
4530,0.338781
4531,0.343918
4532,0.349209
4533,0.35388
4534,0.360643
4535,0.364723
4536,0.369946
4537,0.383424
4538,0.389835
4539,0.396636
4540,0.399513
4541,0.405075
4542,0.407761
4543,0.410102
4544,0.412417
4545,0.413727
4546,0.420533
4547,0.423849
4548,0.429101
4549,0.431447
4550,0.436762
4551,0.43997
4552,0.445728
4553,0.448859
4554,0.456462
4555,0.461208
4556,0.471865
4557,0.482835
4558,0.487755
4559,0.496475
4560,0.503831
4561,0.507616
4562,0.508666
4563,0.508494
4564,0.508461
4565,0.507577
4566,0.50631
4567,0.504315
4568,0.500184
4569,0.497544
4570,0.494434
4571,0.489302
4572,0.486476
4573,0.483161
4574,0.480145
4575,0.478225
4576,0.474659
4577,0.473005
4578,0.471961
4579,0.471944
4580,0.472568
4581,0.475388
4582,0.476287
4583,0.477639
4584,0.478144
4585,0.479626
4586,0.480658
4587,0.481454
4588,0.483902
4589,0.486193
4590,0.487296
4591,0.489225
4592,0.490376
4593,0.492532
4594,0.494011
4595,0.496956
4596,0.49878
4597,0.501967
4598,0.50398
4599,0.508472
4600,0.511233
4601,0.515995
4602,0.518453
4603,0.520228
4604,0.518964
4605,0.517943
4606,0.518773
4607,0.519379
4608,0.51797
4609,0.51716
4610,0.517174
4611,0.517575
4612,0.51754
4613,0.517489
4614,0.517164
4615,0.517189
4616,0.51769
4617,0.518274
4618,0.518568
4619,0.518302
4620,0.518272
4621,0.518956
4622,0.520171
4623,0.520001
4624,0.520941
4625,0.517624
4626,0.514788
4627,0.51323
4628,0.512886
4629,0.512498
4630,0.508337
4631,0.505194
4632,0.504475
4633,0.502424
4634,0.500874
4635,0.495464
4636,0.49273
4637,0.492693
4638,0.482685
4639,0.471584
4640,0.463137
4641,0.455135
4642,0.433864
4643,0.42293
4644,0.400962
4645,0.388168
4646,0.366982
4647,0.35709
4648,0.342399
4649,0.335245
4650,0.328548
4651,0.322929
4652,0.307844
4653,0.287031
4654,0.27616
4655,0.235151
4656,0.21123
4657,0.164557
4658,0.121609
4659,0.102913
4660,0.0643639
4661,0.0445536
4662,0.00850289
4663,-0.011378
4664,-0.112605
4665,-0.182123
4666,-0.211583
4667,-0.230328
4668,-0.24276
4669,-0.293596
4670,-0.316292
4671,-0.316857
4672,-0.317345
4673,-0.354398
4674,-0.374407
4675,-0.380621
4676,-0.369639
4677,-0.374592
4678,-0.383204
4679,-0.397894
4680,-0.40276
4681,-0.383968
4682,-0.375569
4683,-0.397578
4684,-0.410488
4685,-0.402895
4686,-0.393464
4687,-0.400686
4688,-0.407886
4689,-0.405317
4690,-0.401034
4691,-0.400208
4692,-0.400977
4693,-0.407486
4694,-0.40928
4695,-0.409126
4696,-0.409177
4697,-0.409953
4698,-0.413686
4699,-0.415377
4700,-0.415348
4701,-0.41545
4702,-0.416041
4703,-0.41784
4704,-0.437018
4705,-0.446249
4706,-0.435721
4707,-0.427257
4708,-0.42554
4709,-0.498769
4710,-0.53578
4711,-0.476935
4712,-0.422892
4713,-0.417068
4714,-0.452771
4715,-0.350219
4716,-0.285204
4717,-0.357518
4718,-0.395061
4719,-0.398667
4720,-0.425483
4721,-0.481713
4722,-0.511341
4723,-0.517046
4724,-0.515665
4725,-0.481397
4726,-0.37636
4727,-0.302182
4728,-0.199471
4729,-0.161702
4730,-0.137119
4731,-0.12965
4732,-0.117023
4733,-0.156202
4734,-0.186755
4735,-0.18928
4736,-0.136323
4737,-0.105785
4738,-0.0889281
4739,-0.0851171
4740,-0.0646238
4741,-0.0420459
4742,-0.0333127
4743,-0.0342624
4744,-0.0336991
4745,-0.0342634
4746,-0.0329674
4747,-0.0336572
4748,-0.0345102
4749,-0.0339404
4750,-0.032938
4751,-0.0295297
4752,-0.0278475
4753,-0.0269712
4754,-0.0267443
4755,-0.0269803
4756,-0.0267682
4757,-0.0264333
4758,-0.0264325
4759,-0.0264232
4760,-0.0266733
4761,-0.0300312
4762,-0.0316811
4763,-0.032468
4764,-0.0345736
4765,-0.0357156
4766,-0.0391673
4767,-0.0411728
4768,-0.0448741
4769,-0.0489895
4770,-0.0510018
4771,-0.0563752
4772,-0.0592983
4773,-0.0616075
4774,-0.0660714
4775,-0.068287
4776,-0.0716269
4777,-0.0748697
4778,-0.0763448
4779,-0.0789409
4780,-0.0801018
4781,-0.0854463
4782,-0.0895382
4783,-0.103248
4784,-0.111172
4785,-0.12561
4786,-0.133895
4787,-0.141557
4788,-0.159819
4789,-0.168617
4790,-0.174938
4791,-0.187694
4792,-0.194213
4793,-0.205326
4794,-0.213535
4795,-0.216834
4796,-0.2192
4797,-0.224486
4798,-0.227255
4799,-0.232535
4800,-0.235267
4801,-0.241234
4802,-0.244599
4803,-0.247817
4804,-0.255942
4805,-0.26003
4806,-0.268444
4807,-0.273303
4808,-0.281157
4809,-0.284959
4810,-0.290055
4811,-0.294413
4812,-0.296511
4813,-0.300461
4814,-0.302457
4815,-0.305659
4816,-0.307263
4817,-0.310085
4818,-0.311981
4819,-0.312691
4820,-0.313611
4821,-0.315382
4822,-0.316262
4823,-0.316672
4824,-0.31816
4825,-0.319375
4826,-0.31987
4827,-0.320329
4828,-0.320414
4829,-0.32253
4830,-0.324527
4831,-0.325302
4832,-0.328546
4833,-0.330457
4834,-0.334072
4835,-0.336114
4836,-0.339432
4837,-0.341204
4838,-0.344482
4839,-0.346346
4840,-0.349829
4841,-0.351791
4842,-0.355226
4843,-0.358779
4844,-0.360456
4845,-0.363316
4846,-0.364609
4847,-0.36638
4848,-0.367312
4849,-0.370264
4850,-0.371988
4851,-0.372715
4852,-0.375893
4853,-0.377648
4854,-0.382653
4855,-0.389223
4856,-0.392343
4857,-0.405599
4858,-0.413545
4859,-0.419658
4860,-0.430978
4861,-0.436615
4862,-0.438571
4863,-0.436159
4864,-0.434756
4865,-0.429559
4866,-0.427203
4867,-0.424598
4868,-0.423831
4869,-0.424128
4870,-0.424625
4871,-0.423907
4872,-0.422992
4873,-0.418685
4874,-0.41307
4875,-0.410443
4876,-0.410451
4877,-0.413433
4878,-0.415459
4879,-0.415971
4880,-0.410348
4881,-0.407213
4882,-0.405145
4883,-0.402774
4884,-0.399256
4885,-0.397412
4886,-0.394309
4887,-0.38731
4888,-0.383456
4889,-0.382332
4890,-0.382386
4891,-0.382515
4892,-0.379201
4893,-0.377826
4894,-0.375584
4895,-0.373195
4896,-0.371915
4897,-0.369952
4898,-0.363455
4899,-0.358372
4900,-0.356396
4901,-0.349619
4902,-0.345649
4903,-0.342659
4904,-0.33419
4905,-0.330344
4906,-0.327253
4907,-0.321189
4908,-0.318109
4909,-0.312247
4910,-0.309247
4911,-0.300148
4912,-0.294767
4913,-0.29184
4914,-0.291873
4915,-0.287329
4916,-0.284312
4917,-0.281634
4918,-0.27785
4919,-0.268502
4920,-0.263732
4921,-0.254628
4922,-0.245045
4923,-0.240549
4924,-0.233462
4925,-0.23001
4926,-0.228262
4927,-0.235424
4928,-0.239275
4929,-0.239141
4930,-0.233775
4931,-0.231777
4932,-0.234224
4933,-0.255192
4934,-0.265586
4935,-0.257698
4936,-0.252078
4937,-0.245682
4938,-0.264691
4939,-0.284743
4940,-0.291823
4941,-0.27457
4942,-0.258199
4943,-0.250862
4944,-0.27975
4945,-0.293201
4946,-0.291124
4947,-0.266076
4948,-0.254077
4949,-0.249982
4950,-0.277974
4951,-0.288466
4952,-0.286159
4953,-0.268536
4954,-0.263452
4955,-0.269964
4956,-0.274631
4957,-0.266023
4958,-0.261354
4959,-0.261498
4960,-0.261924
4961,-0.25619
4962,-0.25289
4963,-0.25215
4964,-0.252957
4965,-0.253607
4966,-0.245591
4967,-0.23943
4968,-0.237542
4969,-0.238321
4970,-0.234934
4971,-0.231882
4972,-0.22403
4973,-0.220701
4974,-0.220217
4975,-0.220498
4976,-0.215752
4977,-0.212752
4978,-0.207106
4979,-0.203776
4980,-0.202708
4981,-0.197429
4982,-0.194334
4983,-0.189763
4984,-0.185341
4985,-0.183196
4986,-0.174941
4987,-0.170533
4988,-0.16271
4989,-0.158637
4990,-0.148395
4991,-0.138169
4992,-0.133438
4993,-0.12906
4994,-0.115183
4995,-0.108179
4996,-0.0929423
4997,-0.0769315
4998,-0.0694316
4999,-0.0611725
5000,-0.0443281
5001,-0.0366098
5002,-0.023382
5003,-0.0169535
5004,-0.0033139
5005,0.0122539
5006,0.0195769
5007,0.0415255
5008,0.052365
5009,0.0649597
5010,0.0701673
5011,0.074877
5012,0.0767784
5013,0.0828457
5014,0.0863334
5015,0.0935475
5016,0.097958
5017,0.109225
5018,0.115606
5019,0.127288
5020,0.133169
5021,0.143224
5022,0.148385
5023,0.158609
5024,0.164088
5025,0.174326
5026,0.179733
5027,0.189658
5028,0.194808
5029,0.203612
5030,0.208075
5031,0.217514
5032,0.223099
5033,0.23648
5034,0.243983
5035,0.257074
5036,0.263787
5037,0.274127
5038,0.279256
5039,0.288382
5040,0.293132
5041,0.300213
5042,0.306286
5043,0.308998
5044,0.31496
5045,0.317955
5046,0.318853
5047,0.319298
5048,0.32069
5049,0.321779
5050,0.326165
5051,0.328511
5052,0.330889
5053,0.332177
5054,0.335009
5055,0.337007
5056,0.338118
5057,0.338606
5058,0.339957
5059,0.340755
5060,0.341961
5061,0.34275
5062,0.34307
5063,0.344692
5064,0.345083
5065,0.345696
5066,0.345784
5067,0.346481
5068,0.346665
5069,0.347211
5070,0.347591
5071,0.347862
5072,0.348352
5073,0.34855
5074,0.348751
5075,0.348907
5076,0.351385
5077,0.35388
5078,0.357107
5079,0.367148
5080,0.373775
5081,0.377275
5082,0.378688
5083,0.379565
5084,0.379491
5085,0.376422
5086,0.374814
5087,0.374095
5088,0.373624
5089,0.372034
5090,0.370955
5091,0.3685
5092,0.363523
5093,0.355295
5094,0.355037
5095,0.354859
5096,0.329702
5097,0.328498
5098,0.332806
5099,0.334318
5100,0.332304
5101,0.330106
5102,0.328514
5103,0.326718
5104,0.321939
5105,0.318698
5106,0.313756
5107,0.312322
5108,0.313503
5109,0.313991
5110,0.30945
5111,0.306126
5112,0.305248
5113,0.304894
5114,0.300295
5115,0.295751
5116,0.293991
5117,0.294489
5118,0.294767
5119,0.290514
5120,0.289352
5121,0.288274
5122,0.286036
5123,0.283471
5124,0.282124
5125,0.280766
5126,0.278595
5127,0.277675
5128,0.275493
5129,0.273156
5130,0.272051
5131,0.270973
5132,0.26985
5133,0.265936
5134,0.260869
5135,0.258559
5136,0.256088
5137,0.255156
5138,0.254163
5139,0.251995
5140,0.250442
5141,0.249057
5142,0.248288
5143,0.247085
5144,0.245775
5145,0.244264
5146,0.24372
5147,0.243081
5148,0.241519
5149,0.240801
5150,0.240325
5151,0.23966
5152,0.238263
5153,0.237342
5154,0.236624
5155,0.236412
5156,0.235365
5157,0.234868
5158,0.234497
5159,0.234487
5160,0.23445
5161,0.233702
5162,0.233158
5163,0.233268
5164,0.23349
5165,0.232966
5166,0.232704
5167,0.233031
5168,0.233425
5169,0.233594
5170,0.233733
5171,0.234607
5172,0.235295
5173,0.236244
5174,0.236831
5175,0.223076
5176,0.224952
5177,0.238558
5178,0.245067
5179,0.24467
5180,0.244348
5181,0.252732
5182,0.257284
5183,0.257378
5184,0.257731
5185,0.266404
5186,0.271471
5187,0.272329
5188,0.272087
5189,0.275691
5190,0.278072
5191,0.279104
5192,0.27937
5193,0.279674
5194,0.283403
5195,0.285539
5196,0.28601
5197,0.286998
5198,0.287852
5199,0.292069
5200,0.294226
5201,0.294835
5202,0.295286
5203,0.296716
5204,0.302335
5205,0.304914
5206,0.305799
5207,0.306462
5208,0.311074
5209,0.313743
5210,0.314632
5211,0.315905
5212,0.316303
5213,0.321856
5214,0.323447
5215,0.323445
5216,0.324068
5217,0.324877
5218,0.328203
5219,0.329979
5220,0.330581
5221,0.331017
5222,0.334407
5223,0.336559
5224,0.338754
5225,0.339931
5226,0.341276
5227,0.345981
5228,0.348091
5229,0.331776
5230,0.341313
5231,0.349011
5232,0.362398
5233,0.367861
5234,0.370768
5235,0.372311
5236,0.379606
5237,0.38399
5238,0.38662
5239,0.393323
5240,0.399836
5241,0.402954
5242,0.411164
5243,0.415402
5244,0.420956
5245,0.427412
5246,0.434645
5247,0.438449
5248,0.441497
5249,0.447674
5250,0.450673
5251,0.451746
5252,0.451592
5253,0.449209
5254,0.444635
5255,0.442078
5256,0.437199
5257,0.434655
5258,0.428804
5259,0.421771
5260,0.418385
5261,0.414883
5262,0.406716
5263,0.402763
5264,0.39969
5265,0.386114
5266,0.372986
5267,0.36703
5268,0.353908
5269,0.346708
5270,0.333758
5271,0.327182
5272,0.315892
5273,0.303994
5274,0.297956
5275,0.291784
5276,0.276861
5277,0.269602
5278,0.264011
5279,0.248214
5280,0.240114
5281,0.227474
5282,0.221274
5283,0.206848
5284,0.198721
5285,0.182722
5286,0.174099
5287,0.157417
5288,0.148978
5289,0.134777
5290,0.121363
5291,0.115054
5292,0.108804
5293,0.0960303
5294,0.0899034
5295,0.0774765
5296,0.0653099
5297,0.0598776
5298,0.0471993
5299,0.035303
5300,0.0302712
5301,0.0189908
5302,0.0131079
5303,0.00493244
5304,0.000575973
5305,-0.0170484
5306,-0.0294426
5307,-0.10943
5308,-0.168467
5309,-0.186119
5310,-0.1839
5311,-0.200883
5312,-0.21281
5313,-0.238537
5314,-0.25026
5315,-0.251955
5316,-0.262737
5317,-0.27111
5318,-0.291433
5319,-0.302729
5320,-0.305278
5321,-0.315341
5322,-0.322413
5323,-0.330277
5324,-0.344171
5325,-0.349951
5326,-0.352107
5327,-0.355935
5328,-0.359376
5329,-0.37583
5330,-0.383769
5331,-0.379205
5332,-0.375547
5333,-0.378513
5334,-0.400219
5335,-0.409096
5336,-0.392446
5337,-0.384409
5338,-0.394037
5339,-0.402773
5340,-0.397042
5341,-0.390527
5342,-0.386332
5343,-0.39318
5344,-0.398419
5345,-0.381533
5346,-0.355597
5347,-0.343065
5348,-0.374018
5349,-0.394518
5350,-0.341561
5351,-0.299239
5352,-0.300294
5353,-0.328941
5354,-0.364758
5355,-0.360819
5356,-0.221755
5357,-0.131773
5358,-0.122357
5359,-0.21655
5360,-0.297637
5361,-0.302677
5362,-0.252688
5363,-0.157273
5364,-0.187644
5365,-0.247011
5366,-0.332862
5367,-0.342211
5368,-0.238776
5369,-0.097287
5370,-0.00658768
5371,-0.0636299
5372,-0.0740712
5373,-0.192406
5374,-0.116486
5375,-0.047876
5376,-0.0623724
5377,-0.103991
5378,-0.170081
5379,-0.21105
5380,-0.186383
5381,-0.15713
5382,-0.222159
5383,-0.271506
5384,-0.299195
5385,-0.189416
5386,-0.122837
5387,-0.102385
5388,-0.14862
5389,-0.262827
5390,-0.324708
5391,-0.332126
5392,-0.295279
5393,-0.33615
5394,-0.370752
5395,-0.394882
5396,-0.375908
5397,-0.36457
5398,-0.36558
5399,-0.434438
5400,-0.441694
5401,-0.450847
5402,-0.449334
5403,-0.450943
5404,-0.473321
5405,-0.487216
5406,-0.476199
5407,-0.466205
5408,-0.446433
5409,-0.440863
5410,-0.447598
5411,-0.449489
5412,-0.407043
5413,-0.347401
5414,-0.31868
5415,-0.385884
5416,-0.42257
5417,-0.37138
5418,-0.331423
5419,-0.297598
5420,-0.302123
5421,-0.320696
5422,-0.329559
5423,-0.312031
5424,-0.298012
5425,-0.241104
5426,-0.229246
5427,-0.189241
5428,-0.154787
5429,-0.121387
5430,-0.105743
5431,-0.0789104
5432,-0.0547615
5433,-0.0440119
5434,-0.00627096
5435,0.0317207
5436,0.0472907
5437,0.0775077
5438,0.0921505
5439,0.118154
5440,0.131107
5441,0.153367
5442,0.164951
5443,0.187676
5444,0.199835
5445,0.221561
5446,0.232893
5447,0.239322
5448,0.242482
5449,0.250432
5450,0.255776
5451,0.271855
5452,0.281466
5453,0.284148
5454,0.27982
5455,0.287197
5456,0.293903
5457,0.310366
5458,0.303388
5459,0.290836
5460,0.296534
5461,0.301402
5462,0.322427
5463,0.327349
5464,0.319832
5465,0.25833
5466,0.2324
5467,0.330632
5468,0.394648
5469,0.304969
5470,0.228273
5471,0.152219
5472,0.156582
5473,0.224881
5474,0.229751
5475,0.0883459
5476,0.0441258
5477,0.0316439
5478,0.153421
5479,0.188851
5480,0.098351
5481,0.0613927
5482,0.130583
5483,0.209427
5484,0.321073
5485,0.345892
5486,0.235287
5487,0.182115
5488,0.16788
5489,0.22218
5490,0.233384
5491,0.137068
5492,0.232763
5493,0.307114
5494,0.32083
5495,0.285118
5496,0.273728
5497,0.315139
5498,0.332467
5499,0.294312
5500,0.282977
5501,0.278472
5502,0.291323
5503,0.288834
5504,0.263853
5505,0.28875
5506,0.282313
5507,0.285762
5508,0.297182
5509,0.282276
5510,0.335957
5511,0.355167
5512,0.350252
5513,0.33224
5514,0.310298
5515,0.342063
5516,0.367085
5517,0.359952
5518,0.35017
5519,0.34565
5520,0.347696
5521,0.355761
5522,0.357861
5523,0.352516
5524,0.343781
5525,0.342189
5526,0.354537
5527,0.359274
5528,0.346636
5529,0.340439
5530,0.340121
5531,0.343012
5532,0.340132
5533,0.3368
5534,0.332936
5535,0.329109
5536,0.328205
5537,0.326825
5538,0.325474
5539,0.322884
5540,0.316464
5541,0.31348
5542,0.3127
5543,0.307585
5544,0.304547
5545,0.303323
5546,0.298174
5547,0.292258
5548,0.28924
5549,0.285475
5550,0.277784
5551,0.272097
5552,0.269887
5553,0.266289
5554,0.26466
5555,0.257979
5556,0.254006
5557,0.241318
5558,0.242866
5559,0.246079
5560,0.245064
5561,0.245925
5562,0.250656
5563,0.25259
5564,0.251255
5565,0.243871
5566,0.243449
5567,0.251808
5568,0.254329
5569,0.246658
5570,0.243852
5571,0.250935
5572,0.253726
5573,0.24493
5574,0.241296
5575,0.24623
5576,0.243337
5577,0.239309
5578,0.237543
5579,0.237615
5580,0.236576
5581,0.235431
5582,0.231122
5583,0.228962
5584,0.22868
5585,0.225123
5586,0.223021
5587,0.221839
5588,0.219598
5589,0.218767
5590,0.215966
5591,0.214592
5592,0.212042
5593,0.208818
5594,0.207107
5595,0.203712
5596,0.200577
5597,0.199223
5598,0.202572
5599,0.205877
5600,0.208266
5601,0.211252
5602,0.213078
5603,0.217157
5604,0.224849
5605,0.227755
5606,0.228831
5607,0.229709
5608,0.231826
5609,0.232303
5610,0.232294
5611,0.233565
5612,0.236157
5613,0.237564
5614,0.240428
5615,0.241935
5616,0.24385
5617,0.24483
5618,0.245691
5619,0.24721
5620,0.247976
5621,0.250034
5622,0.251325
5623,0.25484
5624,0.25868
5625,0.263592
5626,0.270478
5627,0.27764
5628,0.281036
5629,0.289449
5630,0.297729
5631,0.303326
5632,0.305984
5633,0.305907
5634,0.305878
5635,0.306032
5636,0.309331
5637,0.31093
5638,0.310651
5639,0.306116
5640,0.304297
5641,0.310185
5642,0.312599
5643,0.311667
5644,0.300879
5645,0.296297
5646,0.299194
5647,0.306973
5648,0.307517
5649,0.297495
5650,0.29158
5651,0.292661
5652,0.305099
5653,0.303972
5654,0.291464
5655,0.285479
5656,0.287218
5657,0.30022
5658,0.297181
5659,0.287637
5660,0.282073
5661,0.283743
5662,0.296104
5663,0.300699
5664,0.294475
5665,0.27951
5666,0.275403
5667,0.276568
5668,0.285504
5669,0.287978
5670,0.285789
5671,0.282668
5672,0.282307
5673,0.284885
5674,0.280937
5675,0.277451
5676,0.276823
5677,0.280333
5678,0.286343
5679,0.282327
5680,0.278347
5681,0.283794
5682,0.288467
5683,0.289049
5684,0.277292
5685,0.270006
5686,0.268651
5687,0.281526
5688,0.28581
5689,0.284067
5690,0.275877
5691,0.272988
5692,0.277124
5693,0.281807
5694,0.277196
5695,0.269347
5696,0.266319
5697,0.268867
5698,0.273026
5699,0.268953
5700,0.264872
5701,0.264088
5702,0.264889
5703,0.26222
5704,0.259568
5705,0.255566
5706,0.254775
5707,0.255734
5708,0.252214
5709,0.249806
5710,0.248735
5711,0.250977
5712,0.252024
5713,0.24531
5714,0.241736
5715,0.241553
5716,0.242583
5717,0.259576
5718,0.256188
5719,0.241025
5720,0.231331
5721,0.22899
5722,0.230642
5723,0.231478
5724,0.22527
5725,0.224724
5726,0.226726
5727,0.226822
5728,0.225373
5729,0.217072
5730,0.213377
5731,0.21164
5732,0.210302
5733,0.200814
5734,0.195908
5735,0.192873
5736,0.183001
5737,0.172383
5738,0.167237
5739,0.159535
5740,0.154005
5741,0.151605
5742,0.144633
5743,0.138372
5744,0.135489
5745,0.129142
5746,0.122552
5747,0.117043
5748,0.114662
5749,0.113097
5750,0.110532
5751,0.108735
5752,0.106389
5753,0.100619
5754,0.0953542
5755,0.0928913
5756,0.0895566
5757,0.0814438
5758,0.0741776
5759,0.070835
5760,0.0621164
5761,0.0575131
5762,0.0482172
5763,0.0433898
5764,0.0344439
5765,0.0303988
5766,0.0197428
5767,0.0167762
5768,0.0116218
5769,0.00629942
5770,-0.00105241
5771,-0.0115045
5772,-0.0247662
5773,-0.031896
5774,-0.0513268
5775,-0.0715963
5776,-0.140851
5777,-0.174115
5778,-0.193515
5779,-0.188885
5780,-0.177489
5781,-0.177489
5782,-0.185972
5783,-0.191111
5784,-0.192024
5785,-0.196845
5786,-0.198788
5787,-0.19561
5788,-0.193483
5789,-0.190812
5790,-0.180713
5791,-0.175464
5792,-0.169009
5793,-0.165246
5794,-0.163589
5795,-0.164499
5796,-0.165547
5797,-0.167202
5798,-0.167207
5799,-0.163032
5800,-0.16053
5801,-0.15887
5802,-0.156788
5803,-0.155696
5804,-0.156707
5805,-0.1592
5806,-0.163957
5807,-0.172704
5808,-0.189734
5809,-0.203763
5810,-0.210016
5811,-0.225443
5812,-0.233308
5813,-0.244395
5814,-0.249897
5815,-0.260662
5816,-0.271074
5817,-0.275771
5818,-0.280388
5819,-0.287942
5820,-0.291532
5821,-0.297522
5822,-0.300494
5823,-0.305155
5824,-0.307533
5825,-0.311229
5826,-0.314334
5827,-0.315645
5828,-0.316358
5829,-0.31805
5830,-0.318387
5831,-0.318336
5832,-0.317842
5833,-0.317351
5834,-0.317206
5835,-0.316461
5836,-0.315481
5837,-0.314936
5838,-0.313275
5839,-0.31241
5840,-0.310429
5841,-0.309478
5842,-0.30736
5843,-0.306327
5844,-0.304248
5845,-0.303275
5846,-0.301079
5847,-0.299985
5848,-0.298183
5849,-0.297589
5850,-0.298874
5851,-0.301198
5852,-0.302288
5853,-0.305378
5854,-0.308312
5855,-0.310079
5856,-0.310701
5857,-0.311934
5858,-0.312798
5859,-0.315174
5860,-0.316958
5861,-0.321541
5862,-0.324241
5863,-0.327806
5864,-0.329529
5865,-0.332899
5866,-0.334944
5867,-0.339558
5868,-0.342399
5869,-0.348433
5870,-0.351887
5871,-0.356543
5872,-0.35879
5873,-0.360421
5874,-0.361701
5875,-0.366478
5876,-0.370382
5877,-0.372177
5878,-0.373468
5879,-0.379119
5880,-0.38237
5881,-0.383329
5882,-0.38348
5883,-0.386334
5884,-0.388258
5885,-0.391332
5886,-0.396158
5887,-0.398793
5888,-0.405949
5889,-0.409744
5890,-0.412362
5891,-0.41353
5892,-0.41558
5893,-0.416519
5894,-0.415248
5895,-0.41439
5896,-0.415748
5897,-0.41831
5898,-0.419372
5899,-0.423098
5900,-0.425707
5901,-0.430611
5902,-0.433363
5903,-0.435917
5904,-0.43715
5905,-0.440569
5906,-0.444037
5907,-0.44541
5908,-0.447183
5909,-0.445777
5910,-0.443425
5911,-0.442349
5912,-0.437446
5913,-0.434663
5914,-0.432024
5915,-0.425694
5916,-0.422713
5917,-0.416405
5918,-0.412916
5919,-0.404815
5920,-0.40053
5921,-0.391952
5922,-0.38741
5923,-0.382826
5924,-0.382167
5925,-0.384507
5926,-0.387821
5927,-0.389084
5928,-0.383897
5929,-0.380092
5930,-0.388769
5931,-0.396245
5932,-0.398477
5933,-0.396396
5934,-0.378442
5935,-0.370343
5936,-0.371329
5937,-0.400003
5938,-0.397922
5939,-0.387786
5940,-0.331006
5941,-0.306645
5942,-0.335963
5943,-0.365777
5944,-0.369942
5945,-0.331718
5946,-0.213028
5947,-0.168019
5948,-0.192392
5949,-0.343568
5950,-0.406048
5951,-0.303715
5952,-0.159607
5953,-0.112886
5954,-0.198462
5955,-0.250988
5956,-0.250975
5957,-0.125922
5958,-0.0699716
5959,-0.100796
5960,-0.164753
5961,-0.193844
5962,-0.173542
5963,-0.0388108
5964,0.022112
5965,-0.0558845
5966,-0.151414
5967,-0.184916
5968,-0.0413368
5969,0.0224405
5970,-0.0380941
5971,-0.0824087
5972,-0.0869701
5973,0.0169946
5974,0.0679133
5975,0.000984765
5976,-0.0477297
5977,-0.0530251
5978,-0.0177662
5979,0.0425754
5980,0.0359347
5981,0.0176699
5982,-0.0117635
5983,-0.0178434
5984,0.0165045
5985,0.0359374
5986,0.0358019
5987,0.0108777
5988,-0.000875266
5989,0.0133524
5990,0.0239399
5991,0.0291234
5992,0.0294019
5993,0.0231814
5994,0.0192365
5995,0.0179441
5996,0.0186967
5997,0.0240186
5998,0.0248989
5999,0.0242541
6000,0.0227436
6001,0.0220821
6002,0.0214229
6003,0.0233362
6004,0.0246527
6005,0.0249168
6006,0.0248197
6007,0.0257544
6008,0.0267166
6009,0.0277031
6010,0.0299519
6011,0.0312811
6012,0.0377032
6013,0.0421806
6014,0.0465195
6015,0.0474958
6016,0.047428
6017,0.0475598
6018,0.0487707
6019,0.051774
6020,0.0529924
6021,0.052098
6022,0.051379
6023,0.0511208
6024,0.0526861
6025,0.0534717
6026,0.0522913
6027,0.0515567
6028,0.0513096
6029,0.0514736
6030,0.0515216
6031,0.0513799
6032,0.0503793
6033,0.0498564
6034,0.0499815
6035,0.0501441
6036,0.0490526
6037,0.0475569
6038,0.0469104
6039,0.0468721
6040,0.0468735
6041,0.0462882
6042,0.04423
6043,0.0433276
6044,0.0429851
6045,0.0429692
6046,0.0414894
6047,0.0398285
6048,0.0390935
6049,0.0388592
6050,0.038175
6051,0.0367262
6052,0.0359583
6053,0.0350319
6054,0.0347005
6055,0.0338554
6056,0.033351
6057,0.0321877
6058,0.0316894
6059,0.0312051
6060,0.0308797
6061,0.0301592
6062,0.0292015
6063,0.0286681
6064,0.0277916
6065,0.0270394
6066,0.0266955
6067,0.0257263
6068,0.0252165
6069,0.0248391
6070,0.0242497
6071,0.0239582
6072,0.023314
6073,0.0228968
6074,0.0220753
6075,0.0216734
6076,0.0212633
6077,0.0204762
6078,0.0197978
6079,0.0194848
6080,0.0188767
6081,0.0185739
6082,0.0179997
6083,0.0177202
6084,0.0171761
6085,0.0169117
6086,0.0164123
6087,0.015951
6088,0.015736
6089,0.0153353
6090,0.015143
6091,0.0147755
6092,0.0145967
6093,0.0142447
6094,0.0139029
6095,0.0137391
6096,0.013397
6097,0.0132282
6098,0.0128815
6099,0.0127086
6100,0.0123542
6101,0.0121777
6102,0.0118188
6103,0.0114639
6104,0.0112923
6105,0.0111164
6106,0.0107499
6107,0.0103978
6108,0.0100552
6109,0.0098869
6110,0.00952474
6111,0.0091581
6112,0.0089771
6113,0.00878443
6114,0.00838261
6115,0.0081996
6116,0.00803879
6117,0.00777033
6118,0.0075525
6119,0.00745818
6120,0.00740948
6121,0.00745098
6122,0.00748333
6123,0.0077034
6124,0.00798393
6125,0.00834856
6126,0.00855847
6127,0.00907709
6128,0.00963238
6129,0.00991376
6130,0.0105214
6131,0.0108341
6132,0.0116378
6133,0.0120978
6134,0.0128969
6135,0.0137092
6136,0.0140941
6137,0.0145701
6138,0.015848
6139,0.0164597
6140,0.0171934
6141,0.0181916
6142,0.0194872
6143,0.0201864
6144,0.0216387
6145,0.0224072
6146,0.0238154
6147,0.0253882
6148,0.0261541
6149,0.0270011
6150,0.0288184
6151,0.0295873
6152,0.0299377
6153,0.0304727
6154,0.030909
6155,0.0316063
6156,0.0325774
6157,0.0329022
6158,0.0328657
6159,0.0332376
6160,0.0335854
6161,0.0345081
6162,0.03492
6163,0.034859
6164,0.0348069
6165,0.0356748
6166,0.0362203
6167,0.0364241
6168,0.0364417
6169,0.0368322
6170,0.0371651
6171,0.0380909
6172,0.0385322
6173,0.0386568
6174,0.0387149
6175,0.039652
6176,0.0402299
6177,0.0406584
6178,0.0408276
6179,0.0415824
6180,0.042433
6181,0.0427995
6182,0.0434727
6183,0.0438533
6184,0.0447776
6185,0.0456725
6186,0.0460524
6187,0.0469793
6188,0.0475105
6189,0.0479721
6190,0.0491113
6191,0.0501075
6192,0.0505422
6193,0.0517692
6194,0.052933
6195,0.0534027
6196,0.0540161
6197,0.0558194
6198,0.0567245
6199,0.0579676
6200,0.0594703
6201,0.0602664
6202,0.0625737
6203,0.0638228
6204,0.064626
6205,0.0665656
6206,0.0685262
6207,0.0694488
6208,0.0723465
6209,0.0739274
6210,0.0759573
6211,0.0770015
6212,0.079494
6213,0.0811424
6214,0.0841744
6215,0.0856083
6216,0.0867359
6217,0.0887984
6218,0.0899097
6219,0.0924376
6220,0.0944736
6221,0.0962294
6222,0.0972075
6223,0.100109
6224,0.10279
6225,0.104977
6226,0.106064
6227,0.109333
6228,0.111136
6229,0.113795
6230,0.115209
6231,0.118588
6232,0.120482
6233,0.123961
6234,0.125837
6235,0.129607
6236,0.131656
6237,0.135618
6238,0.139683
6239,0.141591
6240,0.146871
6241,0.149801
6242,0.154688
6243,0.157319
6244,0.162849
6245,0.165891
6246,0.171558
6247,0.174642
6248,0.180785
6249,0.184171
6250,0.187063
6251,0.190662
6252,0.198473
6253,0.202378
6254,0.209798
6255,0.213986
6256,0.222951
6257,0.227891
6258,0.23198
6259,0.241572
6260,0.246358
6261,0.252542
6262,0.258207
6263,0.26107
6264,0.26685
6265,0.269652
6266,0.273279
6267,0.275184
6268,0.278659
6269,0.28011
6270,0.279831
6271,0.274665
6272,0.272547
6273,0.270483
6274,0.269915
6275,0.264889
6276,0.26098
6277,0.259258
6278,0.256951
6279,0.255424
6280,0.249927
6281,0.246991
6282,0.243659
6283,0.24024
6284,0.238454
6285,0.225907
6286,0.218879
6287,0.213773
6288,0.198063
6289,0.189794
6290,0.178866
6291,0.170179
6292,0.16618
6293,0.154737
6294,0.148637
6295,0.136034
6296,0.129013
6297,0.122207
6298,0.108244
6299,0.101453
6300,0.0892073
6301,0.0774875
6302,0.0719264
6303,0.0615841
6304,0.0518212
6305,0.0473215
6306,0.038443
6307,0.0343165
6308,0.0270644
6309,0.0238519
6310,0.0209129
6311,0.0145356
6312,0.00666259
6313,0.00236212
6314,-0.0040404
6315,-0.0223758
6316,-0.0305167
6317,-0.0337655
6318,-0.042165
6319,-0.0470551
6320,-0.0603729
6321,-0.0676108
6322,-0.117687
6323,-0.155783
6324,-0.206254
6325,-0.220231
6326,-0.221213
6327,-0.229822
6328,-0.236769
6329,-0.257861
6330,-0.267107
6331,-0.266199
6332,-0.269369
6333,-0.285305
6334,-0.302901
6335,-0.30858
6336,-0.308302
6337,-0.317233
6338,-0.323963
6339,-0.330539
6340,-0.338681
6341,-0.34149
6342,-0.341263
6343,-0.343155
6344,-0.345269
6345,-0.350529
6346,-0.352425
6347,-0.347848
6348,-0.345398
6349,-0.34625
6350,-0.355921
6351,-0.360078
6352,-0.350685
6353,-0.344717
6354,-0.345646
6355,-0.369143
6356,-0.339106
6357,-0.274156
6358,-0.273057
6359,-0.239341
6360,-0.196573
6361,-0.192837
6362,-0.203394
6363,-0.206502
6364,-0.18896
6365,-0.122033
6366,-0.106477
6367,-0.152354
6368,-0.184081
6369,-0.111513
6370,-0.0576608
6371,-0.0762216
6372,-0.114276
6373,-0.144855
6374,-0.137839
6375,-0.0565425
6376,-0.0192311
6377,-0.0962793
6378,-0.153281
6379,-0.105675
6380,-0.0494444
6381,-0.0310981
6382,-0.0494782
6383,-0.0925607
6384,-0.120045
6385,-0.116334
6386,-0.0828352
6387,-0.0472803
6388,-0.0683337
6389,-0.0907315
6390,-0.0932815
6391,-0.0767548
6392,-0.0457112
6393,-0.0418862
6394,-0.0590805
6395,-0.151559
6396,-0.178918
6397,-0.174939
6398,-0.140483
6399,-0.13957
6400,-0.216435
6401,-0.243163
6402,-0.190345
6403,-0.165825
6404,-0.235678
6405,-0.28241
6406,-0.298418
6407,-0.284749
6408,-0.279054
6409,-0.337988
6410,-0.373394
6411,-0.373959
6412,-0.367652
6413,-0.358363
6414,-0.359005
6415,-0.395159
6416,-0.410777
6417,-0.405737
6418,-0.36154
6419,-0.34642
6420,-0.351136
6421,-0.404617
6422,-0.423242
6423,-0.349648
6424,-0.292384
6425,-0.263508
6426,-0.277149
6427,-0.312644
6428,-0.322881
6429,-0.297056
6430,-0.271148
6431,-0.261971
6432,-0.245903
6433,-0.181995
6434,-0.148889
6435,-0.126339
6436,-0.117293
6437,-0.117644
6438,-0.116523
6439,-0.109819
6440,-0.0949995
6441,-0.0513741
6442,-0.0209059
6443,-0.0105178
6444,0.0278096
6445,0.0481107
6446,0.0751731
6447,0.08779
6448,0.101843
6449,0.109594
6450,0.139051
6451,0.157269
6452,0.155483
6453,0.146969
6454,0.159279
6455,0.17627
6456,0.210842
6457,0.213858
6458,0.143242
6459,0.105456
6460,0.187649
6461,0.251182
6462,0.270766
6463,0.140415
6464,0.0841435
6465,0.140917
6466,0.245534
6467,0.299165
6468,0.220518
6469,0.137734
6470,0.0963622
6471,0.157921
6472,0.136488
6473,0.0973843
6474,0.0890594
6475,0.153517
6476,0.118926
6477,0.103515
6478,0.108015
6479,0.284793
6480,0.357317
6481,0.32326
6482,0.154852
6483,0.0907241
6484,0.132934
6485,0.143141
6486,0.107044
6487,0.0220455
6488,0.136103
6489,0.192717
6490,0.266879
6491,0.300434
6492,0.280556
6493,0.15114
6494,0.12211
6495,0.158755
6496,0.225054
6497,0.189245
6498,0.12992
6499,0.154736
6500,0.296745
6501,0.349768
6502,0.335899
6503,0.182334
6504,0.108229
6505,0.267119
6506,0.34978
6507,0.174568
6508,0.130679
6509,0.319986
6510,0.425172
6511,0.382107
6512,0.127407
6513,0.174222
6514,0.330475
6515,0.370332
6516,0.149472
6517,-0.012936
6518,-0.0229993
6519,0.299828
6520,0.409602
6521,0.0880604
6522,-0.0832044
6523,0.0903206
6524,0.00319353
6525,-0.19001
6526,-0.127111
6527,-0.0698593
6528,0.0910029
6529,0.167071
6530,-0.125692
6531,-0.220103
6532,0.0568205
6533,0.242581
6534,0.147818
6535,-0.234255
6536,-0.171802
6537,-0.00718973
6538,0.150048
6539,0.0282628
6540,-0.212236
6541,-0.275498
6542,-0.0466571
6543,0.177292
6544,0.0545218
6545,-0.0918122
6546,-0.114918
6547,0.25399
6548,0.39487
6549,0.015743
6550,-0.169841
6551,0.101068
6552,0.290797
6553,-0.143288
6554,-0.336283
6555,-0.00102769
6556,0.18398
6557,0.0371412
6558,-0.144551
6559,0.0189155
6560,0.222579
6561,0.0764631
6562,-0.089278
6563,-0.148874
6564,0.175624
6565,0.228993
6566,0.132438
6567,-0.133699
6568,-0.0312482
6569,0.12241
6570,0.105371
6571,0.0381474
6572,-0.0221208
6573,0.120483
6574,0.232025
6575,0.0245019
6576,-0.0981168
6577,-0.107683
6578,0.196557
6579,0.165833
6580,0.0320706
6581,-0.090564
6582,0.0251588
6583,0.159451
6584,0.094303
6585,0.0272873
6586,-0.0317611
6587,0.0962895
6588,0.174964
6589,0.0364387
6590,0.0229986
6591,0.0741477
6592,0.109471
6593,0.0334206
6594,-0.0147195
6595,0.00366759
6596,0.0716778
6597,0.0404194
6598,0.00169291
6599,0.00490705
6600,0.0301748
6601,0.0533694
6602,7.20366e-05
6603,-0.0331344
6604,-0.031995
6605,0.0748819
6606,0.121739
6607,-0.0310129
6608,-0.136898
6609,-0.00682593
6610,0.107109
6611,-0.00878484
6612,-0.073606
6613,-0.127682
6614,0.0927909
6615,0.201486
6616,0.160437
6617,-0.123727
6618,-0.224207
6619,-0.15498
6620,0.108861
6621,0.112612
6622,0.0402917
6623,-0.048841
6624,-0.0750112
6625,-0.0446353
6626,0.107003
6627,0.0863302
6628,-0.0851899
6629,-0.16824
6630,-0.0268048
6631,0.088053
6632,0.139951
6633,-0.0504773
6634,-0.150843
6635,-0.00264298
6636,0.116683
6637,0.150824
6638,-0.0797177
6639,-0.184246
6640,0.0387503
6641,0.172372
6642,0.00365707
6643,-0.140191
6644,-0.0128313
6645,0.097403
6646,0.0239563
6647,-0.0487813
6648,-0.051036
6649,-0.013194
6650,-0.0265646
6651,-0.0112157
6652,-0.0290517
6653,-0.0327466
6654,-0.0784234
6655,-0.0633546
6656,0.0118893
6657,0.00841781
6658,-0.0318029
6659,-0.0881509
6660,-0.0367956
6661,0.00490166
6662,-0.0218348
6663,-0.0611809
6664,-0.0784835
6665,-0.0604341
6666,-0.0284254
6667,-0.0209753
6668,-0.057028
6669,-0.0883603
6670,-0.0941698
6671,-0.0469693
6672,-0.0291648
6673,-0.0436326
6674,-0.129318
6675,-0.166778
6676,-0.0905254
6677,-0.0423261
6678,-0.097684
6679,-0.172822
6680,-0.197652
6681,-0.0823142
6682,-0.0266395
6683,-0.0299261
6684,-0.205646
6685,-0.24852
6686,-0.230102
6687,-0.0964206
6688,-0.098333
6689,-0.197684
6690,-0.245453
6691,-0.150462
6692,-0.0830549
6693,-0.0805604
6694,-0.179825
6695,-0.177221
6696,-0.147378
6697,-0.0970146
6698,-0.120884
6699,-0.173825
6700,-0.19612
6701,-0.181686
6702,-0.130975
6703,-0.113383
6704,-0.156969
6705,-0.181682
6706,-0.186615
6707,-0.144348
6708,-0.126601
6709,-0.166125
6710,-0.191613
6711,-0.179834
6712,-0.164194
6713,-0.152589
6714,-0.15175
6715,-0.17504
6716,-0.186493
6717,-0.170453
6718,-0.159214
6719,-0.154507
6720,-0.17492
6721,-0.185458
6722,-0.172994
6723,-0.164435
6724,-0.165468
6725,-0.169909
6726,-0.173776
6727,-0.169444
6728,-0.16635
6729,-0.168019
6730,-0.170429
6731,-0.175035
6732,-0.176832
6733,-0.176926
6734,-0.175656
6735,-0.175372
6736,-0.179823
6737,-0.178792
6738,-0.177517
6739,-0.178813
6740,-0.180206
6741,-0.182685
6742,-0.18377
6743,-0.184026
6744,-0.185106
6745,-0.188889
6746,-0.190868
6747,-0.19131
6748,-0.191706
6749,-0.192549
6750,-0.192957
6751,-0.193398
6752,-0.194677
6753,-0.195481
6754,-0.199415
6755,-0.201749
6756,-0.205571
6757,-0.207863
6758,-0.212745
6759,-0.215198
6760,-0.218699
6761,-0.220819
6762,-0.22564
6763,-0.228218
6764,-0.232984
6765,-0.236022
6766,-0.241752
6767,-0.244719
6768,-0.249763
6769,-0.252694
6770,-0.258879
6771,-0.262287
6772,-0.26368
6773,-0.264011
6774,-0.264372
6775,-0.263897
6776,-0.26198
6777,-0.260911
6778,-0.260792
6779,-0.260694
6780,-0.265207
6781,-0.268097
6782,-0.271416
6783,-0.27388
6784,-0.280182
6785,-0.283077
6786,-0.285125
6787,-0.286531
6788,-0.290863
6789,-0.292739
6790,-0.294541
6791,-0.296037
6792,-0.298994
6793,-0.299977
6794,-0.30056
6795,-0.302367
6796,-0.304161
6797,-0.307222
6798,-0.308601
6799,-0.309526
6800,-0.31274
6801,-0.314009
6802,-0.314426
6803,-0.31448
6804,-0.31641
6805,-0.317497
6806,-0.318664
6807,-0.320006
6808,-0.316827
6809,-0.313987
6810,-0.311395
6811,-0.307865
6812,-0.305633
6813,-0.301047
6814,-0.298117
6815,-0.291081
6816,-0.28749
6817,-0.281796
6818,-0.278594
6819,-0.268817
6820,-0.263095
6821,-0.259086
6822,-0.259805
6823,-0.264926
6824,-0.267236
6825,-0.260332
6826,-0.256553
6827,-0.255982
6828,-0.257536
6829,-0.258067
6830,-0.246227
6831,-0.234752
6832,-0.228485
6833,-0.231808
6834,-0.230221
6835,-0.226095
6836,-0.203934
6837,-0.192315
6838,-0.183786
6839,-0.179746
6840,-0.176422
6841,-0.165237
6842,-0.122656
6843,-0.0985456
6844,-0.0934873
6845,-0.103409
6846,-0.0997744
6847,-0.0689999
6848,-0.0261645
6849,-0.00582216
6850,-0.00302452
6851,-0.00241614
6852,0.019175
6853,0.0496456
6854,0.0626592
6855,0.0631974
6856,0.0646
6857,0.074882
6858,0.0816871
6859,0.103018
6860,0.115487
6861,0.119065
6862,0.125814
6863,0.130533
6864,0.137753
6865,0.148713
6866,0.152713
6867,0.15252
6868,0.155533
6869,0.163289
6870,0.172228
6871,0.176612
6872,0.182392
6873,0.189935
6874,0.193445
6875,0.198984
6876,0.201652
6877,0.202376
6878,0.201752
6879,0.201704
6880,0.201969
6881,0.202198
6882,0.202235
6883,0.200719
6884,0.200313
6885,0.200278
6886,0.199885
6887,0.19719
6888,0.194974
6889,0.193915
6890,0.193447
6891,0.190265
6892,0.187301
6893,0.185451
6894,0.1846
6895,0.181276
6896,0.179491
6897,0.178633
6898,0.17748
6899,0.176537
6900,0.174983
6901,0.174299
6902,0.173581
6903,0.173191
6904,0.171517
6905,0.170612
6906,0.170029
6907,0.168907
6908,0.167173
6909,0.165861
6910,0.165697
6911,0.165449
6912,0.165308
6913,0.166131
6914,0.166794
6915,0.168142
6916,0.168834
6917,0.169198
6918,0.169877
6919,0.170307
6920,0.171362
6921,0.17215
6922,0.172627
6923,0.173148
6924,0.17346
6925,0.173711
6926,0.173977
6927,0.174108
6928,0.174242
6929,0.174341
6930,0.173426
6931,0.172769
6932,0.174026
6933,0.175241
6934,0.177481
6935,0.178908
6936,0.18042
6937,0.180376
6938,0.180017
6939,0.179701
6940,0.179555
6941,0.179108
6942,0.178414
6943,0.177379
6944,0.176995
6945,0.176473
6946,0.176316
6947,0.17514
6948,0.174461
6949,0.173628
6950,0.173299
6951,0.172259
6952,0.171672
6953,0.170504
6954,0.169967
6955,0.169063
6956,0.168621
6957,0.167345
6958,0.166694
6959,0.166178
6960,0.165374
6961,0.164953
6962,0.163565
6963,0.16281
6964,0.161946
6965,0.161708
6966,0.160514
6967,0.159933
6968,0.158943
6969,0.158524
6970,0.157601
6971,0.15714
6972,0.156095
6973,0.155606
6974,0.155182
6975,0.154779
6976,0.153957
6977,0.152846
6978,0.152228
6979,0.151865
6980,0.151763
6981,0.150569
6982,0.149485
6983,0.149104
6984,0.149228
6985,0.149322
6986,0.147965
6987,0.147243
6988,0.147083
6989,0.14817
6990,0.148618
6991,0.146517
6992,0.145673
6993,0.145872
6994,0.14692
6995,0.147744
6996,0.146762
6997,0.145976
6998,0.146582
6999,0.147257
7000,0.147096
7001,0.146802
7002,0.1465
7003,0.147206
7004,0.147704
7005,0.147463
7006,0.147248
7007,0.147506
7008,0.147398
7009,0.146531
7010,0.145487
7011,0.14506
7012,0.14468
7013,0.143832
7014,0.142423
7015,0.141662
7016,0.141078
7017,0.140439
7018,0.140009
7019,0.138278
7020,0.13743
7021,0.137338
7022,0.137412
7023,0.135539
7024,0.134505
7025,0.132467
7026,0.132692
7027,0.13363
7028,0.133961
7029,0.132912
7030,0.132177
7031,0.131058
7032,0.129976
7033,0.128684
7034,0.127413
7035,0.126452
7036,0.125386
7037,0.124761
7038,0.123964
7039,0.123605
7040,0.122368
7041,0.121694
7042,0.121179
7043,0.120691
7044,0.120475
7045,0.119043
7046,0.11784
7047,0.117442
7048,0.117417
7049,0.116721
7050,0.115264
7051,0.11449
7052,0.114497
7053,0.114681
7054,0.113343
7055,0.112475
7056,0.112181
7057,0.112211
7058,0.111423
7059,0.110802
7060,0.110065
7061,0.1099
7062,0.109847
7063,0.109507
7064,0.109201
7065,0.108491
7066,0.108339
7067,0.108197
7068,0.10804
7069,0.107456
7070,0.10716
7071,0.106901
7072,0.107259
7073,0.10697
7074,0.106548
7075,0.106175
7076,0.106162
7077,0.106238
7078,0.106357
7079,0.105788
7080,0.105591
7081,0.106002
7082,0.106322
7083,0.106238
7084,0.105512
7085,0.105233
7086,0.106207
7087,0.10686
7088,0.105919
7089,0.105234
7090,0.105142
7091,0.107313
7092,0.1084
7093,0.106007
7094,0.104486
7095,0.104737
7096,0.10693
7097,0.107396
7098,0.103088
7099,0.101641
7100,0.102159
7101,0.0996414
7102,0.0976909
7103,0.0944033
7104,0.0910832
7105,0.0894616
7106,0.0844782
7107,0.0816578
7108,0.0795299
7109,0.072972
7110,0.0665835
7111,0.0634682
7112,0.0600331
7113,0.0524628
7114,0.0487719
7115,0.0421074
7116,0.0363865
7117,0.0321043
7118,0.0303836
7119,0.0292936
7120,0.0278856
7121,0.0268769
7122,0.0249785
7123,0.0241433
7124,0.0237976
7125,0.0237472
7126,0.0223003
7127,0.021598
7128,0.0205966
7129,0.0202874
7130,0.0198089
7131,0.0195377
7132,0.0184304
7133,0.0179002
7134,0.0176101
7135,0.0175495
7136,0.0172428
7137,0.0161936
7138,0.01575
7139,0.0154753
7140,0.0151029
7141,0.0148085
7142,0.0139293
7143,0.0135437
7144,0.0131574
7145,0.0130048
7146,0.01232
7147,0.0119518
7148,0.0112822
7149,0.010624
7150,0.0102772
7151,0.0100914
7152,0.00954287
7153,0.00923937
7154,0.00862931
7155,0.00803859
7156,0.00745907
7157,0.0071739
7158,0.00688555
7159,0.00628603
7160,0.00599431
7161,0.00509317
7162,0.00479723
7163,0.0041926
7164,0.00387968
7165,0.00356786
7166,0.00318675
7167,0.00224064
7168,0.00174656
7169,0.00129685
7170,0.0004297
7171,-0.000274006
7172,-0.00056986
7173,-0.00122338
7174,-0.00180484
7175,-0.00205201
7176,-0.00266195
7177,-0.00321298
7178,-0.00344472
7179,-0.00371998
7180,-0.00437376
7181,-0.00464913
7182,-0.0052254
7183,-0.00549362
7184,-0.006078
7185,-0.00663162
7186,-0.00687431
7187,-0.00772722
7188,-0.00818608
7189,-0.0100251
7190,-0.0112405
7191,-0.0128727
7192,-0.0144469
7193,-0.0152263
7194,-0.0175926
7195,-0.0188877
7196,-0.0206336
7197,-0.0215537
7198,-0.0238922
7199,-0.0253252
7200,-0.0278087
7201,-0.0300623
7202,-0.0310045
7203,-0.0342727
7204,-0.0361438
7205,-0.0391947
7206,-0.0407639
7207,-0.0446302
7208,-0.0469198
7209,-0.0520863
7210,-0.0549574
7211,-0.0573605
7212,-0.063757
7213,-0.0698259
7214,-0.0756473
7215,-0.0786674
7216,-0.0862502
7217,-0.0902351
7218,-0.0965567
7219,-0.103797
7220,-0.10746
7221,-0.113646
7222,-0.116637
7223,-0.121778
7224,-0.124465
7225,-0.126997
7226,-0.132814
7227,-0.137671
7228,-0.137671
7229,-0.152481
7230,-0.157972
7231,-0.162975
7232,-0.187383
7233,-0.194766
7234,-0.197853
7235,-0.225988
7236,-0.213365
7237,-0.207296
7238,-0.215788
7239,-0.223365
7240,-0.218296
7241,-0.208857
7242,-0.20522
7243,-0.213083
7244,-0.216257
7245,-0.213596
7246,-0.211536
7247,-0.210063
7248,-0.220635
7249,-0.234767
7250,-0.239165
7251,-0.237984
7252,-0.241499
7253,-0.253604
7254,-0.263289
7255,-0.261929
7256,-0.256379
7257,-0.253606
7258,-0.267268
7259,-0.276746
7260,-0.277722
7261,-0.266807
7262,-0.258528
7263,-0.256038
7264,-0.278603
7265,-0.289885
7266,-0.27493
7267,-0.26398
7268,-0.266192
7269,-0.273551
7270,-0.283153
7271,-0.275786
7272,-0.271395
7273,-0.263723
7274,-0.267129
7275,-0.270682
7276,-0.271695
7277,-0.267359
7278,-0.265055
7279,-0.272757
7280,-0.278002
7281,-0.272201
7282,-0.267646
7283,-0.260542
7284,-0.267345
7285,-0.273367
7286,-0.268514
7287,-0.256454
7288,-0.254244
7289,-0.256733
7290,-0.269371
7291,-0.272409
7292,-0.249387
7293,-0.236366
7294,-0.230721
7295,-0.279154
7296,-0.290399
7297,-0.280011
7298,-0.190402
7299,-0.150836
7300,-0.278255
7301,-0.363947
7302,-0.237973
7303,-0.128598
7304,-0.162022
7305,-0.238957
7306,-0.317509
7307,-0.231423
7308,-0.117351
7309,-0.0804989
7310,-0.117302
7311,-0.302872
7312,-0.366596
7313,-0.258197
7314,-0.195633
7315,-0.111403
7316,-0.106009
7317,-0.250538
7318,-0.31164
7319,-0.207256
7320,-0.15268
7321,-0.0817498
7322,-0.0769603
7323,-0.222241
7324,-0.285992
7325,-0.156385
7326,-0.0989209
7327,-0.0715026
7328,-0.0875643
7329,-0.15354
7330,-0.16813
7331,-0.0344748
7332,0.0152026
7333,0.00212092
7334,-0.0717454
7335,-0.166738
7336,-0.184173
7337,-0.025603
7338,0.0255096
7339,-0.0584326
7340,-0.13149
7341,-0.151701
7342,-0.0560413
7343,0.0361218
7344,0.004581
7345,-0.0477647
7346,-0.0695637
7347,0.0245656
7348,0.0724292
7349,0.00635731
7350,-0.0392132
7351,-0.042016
7352,0.0468972
7353,0.065197
7354,0.0510453
7355,-0.0102171
7356,-0.029947
7357,0.0279166
7358,0.0567142
7359,0.0540824
7360,0.00690673
7361,-0.0114361
7362,0.0340879
7363,0.0606312
7364,0.0432444
7365,0.0265134
7366,0.0183189
7367,0.040218
7368,0.0506751
7369,0.0497058
7370,0.0357811
7371,0.0297762
7372,0.0299951
7373,0.0490218
7374,0.055755
7375,0.0545191
7376,0.0511312
7377,0.0459843
7378,0.0439512
7379,0.0465033
7380,0.0497112
7381,0.0481183
7382,0.0467114
7383,0.0461059
7384,0.0465117
7385,0.0491529
7386,0.0509038
7387,0.0513186
7388,0.0511539
7389,0.0510496
7390,0.051237
7391,0.051959
7392,0.053376
7393,0.0539409
7394,0.0534972
7395,0.0531615
7396,0.0541558
7397,0.054853
7398,0.0550785
7399,0.0549861
7400,0.0549237
7401,0.0553619
7402,0.0556682
7403,0.0558449
7404,0.0558648
7405,0.0558768
7406,0.0561614
7407,0.0563496
7408,0.0565141
7409,0.0565802
7410,0.0567017
7411,0.0567915
7412,0.0569685
7413,0.0570699
7414,0.0571126
7415,0.0571331
7416,0.0570884
7417,0.0570367
7418,0.0574109
7419,0.0576298
7420,0.0573284
7421,0.0571957
7422,0.0572353
7423,0.0577132
7424,0.0579407
7425,0.0574873
7426,0.057201
7427,0.0575282
7428,0.0578823
7429,0.05796
7430,0.0577545
7431,0.0572629
7432,0.0571231
7433,0.0577368
7434,0.058107
7435,0.0575499
7436,0.0571475
7437,0.057432
7438,0.0577497
7439,0.0576596
7440,0.0574989
7441,0.0572821
7442,0.0572579
7443,0.0574699
7444,0.0574721
7445,0.0571884
7446,0.057025
7447,0.0570841
7448,0.0570869
7449,0.0568065
7450,0.0566164
7451,0.0564696
7452,0.0564242
7453,0.0564211
7454,0.056019
7455,0.0557914
7456,0.0557041
7457,0.0557246
7458,0.0554498
7459,0.0552762
7460,0.0550488
7461,0.0549852
7462,0.0548711
7463,0.0548165
7464,0.0545256
7465,0.0543888
7466,0.0543182
7467,0.0543537
7468,0.0543693
7469,0.0539623
7470,0.0537025
7471,0.0537429
7472,0.0538074
7473,0.0535515
7474,0.0533848
7475,0.053291
7476,0.0533099
7477,0.0532987
7478,0.0531468
7479,0.052915
7480,0.0527844
7481,0.0530586
7482,0.0532302
7483,0.0528437
7484,0.0526001
7485,0.0530846
7486,0.0532991
7487,0.0527119
7488,0.0523785
7489,0.0529696
7490,0.0534574
7491,0.0531086
7492,0.0527789
7493,0.0530446
7494,0.053351
7495,0.0535143
7496,0.0532678
7497,0.0531213
7498,0.053514
7499,0.0539001
7500,0.0537884
7501,0.0537133
7502,0.0539561
7503,0.0541557
7504,0.0542684
7505,0.0543257
7506,0.0543561
7507,0.0546156
7508,0.0548386
7509,0.0550519
7510,0.055147
7511,0.0553002
7512,0.0555708
7513,0.0557214
7514,0.0560535
7515,0.0563249
7516,0.0564287
7517,0.0564731
7518,0.0569493
7519,0.0572142
7520,0.0573272
7521,0.057467
7522,0.0575736
7523,0.0581602
7524,0.0585089
7525,0.0586604
7526,0.0588621
7527,0.0590215
7528,0.0597845
7529,0.0601928
7530,0.0602761
7531,0.0602061
7532,0.0602504
7533,0.0612456
7534,0.0618192
7535,0.0619291
7536,0.0615577
7537,0.0614614
7538,0.0627575
7539,0.0635283
7540,0.0632145
7541,0.0630094
7542,0.0638103
7543,0.0648249
7544,0.0648701
7545,0.0649291
7546,0.0651683
7547,0.0654031
7548,0.0663274
7549,0.0667828
7550,0.0666975
7551,0.0666264
7552,0.0674275
7553,0.0679647
7554,0.0682236
7555,0.0683109
7556,0.0687728
7557,0.0691058
7558,0.0696574
7559,0.0700985
7560,0.0702921
7561,0.0707792
7562,0.071319
7563,0.0715818
7564,0.0720198
7565,0.0722729
7566,0.0727791
7567,0.0730741
7568,0.073537
7569,0.0737982
7570,0.0742742
7571,0.0745532
7572,0.0747835
7573,0.0752656
7574,0.0755279
7575,0.0753403
7576,0.0751392
7577,0.0748451
7578,0.0747111
7579,0.0743084
7580,0.0740726
7581,0.0738124
7582,0.0731654
7583,0.0728685
7584,0.0723746
7585,0.0717652
7586,0.0711223
7587,0.0708411
7588,0.0701741
7589,0.069839
7590,0.0694984
7591,0.0687231
7592,0.0683687
7593,0.0677375
7594,0.0671081
7595,0.0668098
7596,0.0659681
7597,0.0655396
7598,0.0648161
7599,0.0644765
7600,0.0637027
7601,0.063301
7602,0.0624902
7603,0.0620882
7604,0.0612966
7605,0.060896
7606,0.0600331
7607,0.059183
7608,0.0587951
7609,0.0578803
7610,0.0568249
7611,0.0562739
7612,0.0554963
7613,0.0551128
7614,0.0540644
7615,0.0534833
7616,0.0529845
7617,0.0520083
7618,0.0515346
7619,0.0504532
7620,0.0493519
7621,0.0488388
7622,0.048335
7623,0.0471354
7624,0.045972
7625,0.0454213
7626,0.0442606
7627,0.043639
7628,0.0430536
7629,0.041769
7630,0.0411197
7631,0.0399582
7632,0.0393351
7633,0.0386983
7634,0.0373534
7635,0.0366667
7636,0.0355055
7637,0.0348919
7638,0.0335498
7639,0.0321899
7640,0.0315269
7641,0.0303503
7642,0.0297224
7643,0.028389
7644,0.0276625
7645,0.0270439
7646,0.0259177
7647,0.0253162
7648,0.0238342
7649,0.023109
7650,0.0220828
7651,0.0216403
7652,0.0204468
7653,0.0197495
7654,0.0186397
7655,0.0181005
7656,0.0171962
7657,0.0167001
7658,0.0155784
7659,0.0144567
7660,0.0139166
7661,0.0136654
7662,0.0135633
7663,0.0122819
7664,0.0110512
7665,0.0105948
7666,0.0112528
7667,0.0110986
7668,0.0096497
7669,0.00881999
7670,0.00859503
7671,0.00901993
7672,0.00867658
7673,0.0082077
7674,0.00709218
7675,0.00691485
7676,0.0070793
7677,0.00758512
7678,0.00768783
7679,0.00635306
7680,0.0056575
7681,0.0063555
7682,0.00725456
7683,0.00744811
7684,0.00584623
7685,0.00511877
7686,0.00491671
7687,0.00672457
7688,0.00764682
7689,0.00635263
7690,0.00550569
7691,0.0049127
7692,0.00498537
7693,0.00563065
7694,0.00659611
7695,0.0068135
7696,0.00543832
7697,0.0048063
7698,0.00518869
7699,0.00574529
7700,0.006279
7701,0.0062814
7702,0.00522928
7703,0.00475121
7704,0.00548916
7705,0.00623813
7706,0.00649665
7707,0.00630024
7708,0.00577807
7709,0.00524763
7710,-0.010198
7711,-0.0254858
7712,-0.00852493
7713,0.00241363
7714,0.0157666
7715,0.0193052
7716,0.0177633
7717,0.0158642
7718,0.0115094
7719,0.00957207
7720,0.00835446
7721,0.00759545
7722,0.00750337
7723,0.00866551
7724,0.0103665
7725,0.0110714
7726,0.0108678
7727,0.00957216
7728,0.00884538
7729,0.00840296
7730,0.00828311
7731,0.00827325
7732,0.00779383
7733,0.00651055
7734,0.00600272
7735,0.00563297
7736,0.00518536
7737,0.0054992
7738,0.00662084
7739,0.0125379
7740,0.015187
7741,0.0153953
7742,0.0126301
7743,0.0109905
7744,0.009658
7745,0.00777362
7746,0.00703618
7747,0.00599225
7748,0.0055647
7749,0.00486929
7750,0.00432851
7751,0.0041033
7752,0.00389359
7753,0.00386571
7754,0.00399404
7755,0.00412342
7756,0.0042934
7757,0.00484852
7758,0.0054341
7759,0.00561176
7760,0.00601866
7761,0.00616387
7762,0.00532231
7763,0.00325986
7764,0.00229655
7765,0.00226933
7766,0.00263333
7767,0.00337746
7768,0.00379827
7769,0.00555201
7770,0.00654794
7771,0.00741977
7772,0.00693844
7773,0.00639569
7774,0.00560641
7775,0.00436899
7776,0.00387888
7777,0.00358492
7778,0.00324706
7779,0.00309998
7780,0.00286697
7781,0.00266645
7782,0.00257137
7783,0.00248182
7784,0.0023463
7785,0.00229831
7786,0.0022699
7787,0.0022586
7788,0.00228109
7789,0.00230084
7790,0.00235439
7791,0.00239014
7792,0.00239381
7793,0.00215903
7794,0.00203897
7795,0.00170198
7796,0.00150331
7797,0.00134997
7798,0.00156407
7799,0.00191512
7800,0.00208096
7801,0.00207679
7802,0.00222335
7803,0.00270131
7804,0.0029901
7805,0.00303738
7806,0.0040212
7807,0.00443205
7808,0.00434672
7809,0.00406211
7810,0.00346633
7811,0.00322581
7812,0.00303919
7813,0.00275714
7814,0.00249428
7815,0.00224485
7816,0.00213085
7817,0.00186524
7818,0.0017367
7819,0.00146839
7820,0.00134105
7821,0.00109275
7822,0.00097793
7823,0.000871534
7824,0.000675135
7825,0.000512847
7826,0.000382888
7827,0.000327113
7828,0.000255502
7829,0.000205082
7830,0.00018249
7831,0.00017207
7832,0.000168656
7833,0.000170557
7834,0.000171158
7835,0.000169285
7836,9.49301e-05
7837,4.72208e-05
7838,-0.000528625
7839,-0.00102073
7840,-0.00193086
7841,-0.00178706
7842,0.000261705
7843,0.00147856
7844,0.00307053
7845,0.00374917
7846,0.00364245
7847,0.00238658
7848,0.00175821
7849,0.000549342
7850,-0.000216209
7851,-0.00046489
7852,-0.000580313
7853,-0.000622689
7854,-0.000648876
7855,-0.000599699
7856,-0.000569142
7857,-0.000519409
7858,-0.000500595
7859,-0.000480445
7860,-0.000474103
7861,-0.000472348
7862,-0.00049245
7863,-0.000504089
7864,-0.000568018
7865,-0.000606785
7866,-0.000747792
7867,-0.000826234
7868,-0.000919124
7869,-0.00117951
7870,-0.00140611
7871,-0.0015041
7872,-0.00156073
7873,-0.00155134
7874,-0.00129647
7875,-0.00112069
7876,-0.000611711
7877,-0.000280847
7878,-0.000688539
7879,-0.00127705
7880,-0.00303137
7881,-0.003911
7882,-0.00345833
7883,-0.00191466
7884,-0.00111616
7885,-0.000962609
7886,-0.00106175
7887,-0.00120469
7888,-0.00124984
7889,-0.00161477
7890,-0.00242058
7891,-0.00277838
7892,-0.00291924
7893,-0.0029445
7894,-0.00259956
7895,-0.00237279
7896,-0.00186077
7897,-0.00159265
7898,-0.0014612
7899,-0.00143621
7900,-0.00142473
7901,-0.00150127
7902,-0.00170452
7903,-0.00215848
7904,-0.00294997
7905,-0.00340709
7906,-0.00374366
7907,-0.00316365
7908,-0.00275871
7909,-0.00176866
7910,-0.00132322
7911,-0.00117752
7912,-0.00127685
7913,-0.00130766
7914,-0.00203075
7915,-0.00273093
7916,-0.00416158
7917,-0.00472011
7918,-0.00494648
7919,-0.00353246
7920,-0.00238704
7921,-0.00205449
7922,-0.00199039
7923,-0.00207329
7924,-0.00210066
7925,-0.00274607
7926,-0.00394474
7927,-0.00453317
7928,-0.00422199
7929,-0.00389745
7930,-0.00239408
7931,-0.00132088
7932,-0.00103825
7933,-0.00125358
7934,-0.00135773
7935,-0.00160377
7936,-0.00180871
7937,-0.00216843
7938,-0.00322971
7939,-0.00359205
7940,-0.00351779
7941,-0.00263166
7942,-0.00203176
7943,-0.00110206
7944,-0.000710808
7945,-0.000654265
7946,-0.00065741
7947,-0.000648136
7948,-0.000788155
7949,-0.000884316
7950,-0.00129338
7951,-0.00154739
7952,-0.00168446
7953,-0.00167275
7954,-0.00143924
7955,-0.00130303
7956,-0.000900738
7957,-0.00073412
7958,-0.000470105
7959,-0.000353379
7960,-0.000183693
7961,-4.03922e-05
7962,3.82322e-05
7963,5.18169e-05
7964,-0.0001201
7965,-0.000237503
7966,-0.000374706
7967,-0.000738778
7968,-0.000907124
7969,-0.00106269
7970,-0.00134785
7971,-0.00146172
7972,-0.00163236
7973,-0.00165151
7974,-0.00157602
7975,-0.00137481
7976,-0.0012489
7977,-0.00102073
7978,-0.000925541
7979,-0.0011199
7980,-0.00133289
7981,-0.00250129
7982,-0.0032693
7983,-0.00392713
7984,-0.00398488
7985,-0.00464637
7986,-0.00846538
7987,-0.0100503
7988,-0.00664591
7989,-0.00367137
7990,-0.00252354
7991,-0.00244947
7992,-0.00328827
7993,-0.00421255
7994,-0.00467898
7995,-0.00550445
7996,-0.00592028
7997,-0.00631232
7998,-0.00791803
7999,-0.00880716
8000,-0.00970406
8001,-0.0101979
8002,-0.010291
8003,-0.00934288
8004,-0.00858945
8005,-0.00840719
8006,-0.00866567
8007,-0.00936357
8008,-0.00967354
8009,-0.00981976
8010,-0.00999587
8011,-0.0116924
8012,-0.0137439
8013,-0.0147004
8014,-0.0150258
8015,-0.0152076
8016,-0.0181792
8017,-0.0216786
8018,-0.0229705
8019,-0.0189805
8020,-0.0170985
8021,-0.0155142
8022,-0.0153124
8023,-0.0172103
8024,-0.0188325
8025,-0.0206061
8026,-0.0212367
8027,-0.0222987
8028,-0.022895
8029,-0.0257346
8030,-0.0291219
8031,-0.0306649
8032,-0.0281632
8033,-0.0268844
8034,-0.0233897
8035,-0.0223705
8036,-0.0226774
8037,-0.0234461
8038,-0.0254103
8039,-0.0263339
8040,-0.0270452
8041,-0.0274232
8042,-0.0289783
8043,-0.0300543
8044,-0.0302078
8045,-0.0291695
8046,-0.0288144
8047,-0.0291723
8048,-0.029294
8049,-0.0276345
8050,-0.0260455
8051,-0.0256752
8052,-0.0258465
8053,-0.0253961
8054,-0.0246331
8055,-0.0242424
8056,-0.0230767
8057,-0.0227238
8058,-0.0235724
8059,-0.0250129
8060,-0.0257577
8061,-0.0269841
8062,-0.0275191
8063,-0.027724
8064,-0.0280648
8065,-0.0264257
8066,-0.0246965
8067,-0.0217858
8068,-0.020786
8069,-0.0202048
8070,-0.0203205
8071,-0.0204521
8072,-0.020461
8073,-0.0200275
8074,-0.0196982
8075,-0.0193372
8076,-0.0184879
8077,-0.0180558
8078,-0.0175816
8079,-0.0167946
8080,-0.0164326
8081,-0.0154591
8082,-0.0150312
8083,-0.0144981
8084,-0.0143126
8085,-0.0142871
8086,-0.0143874
8087,-0.0149115
8088,-0.0151568
8089,-0.0149036
8090,-0.0145809
8091,-0.0132771
8092,-0.0125971
8093,-0.0118835
8094,-0.0117781
8095,-0.0119833
8096,-0.0123822
8097,-0.0126376
8098,-0.0121443
8099,-0.0119417
8100,-0.0103643
8101,-0.00958289
8102,-0.00921114
8103,-0.00892472
8104,-0.00851307
8105,-0.00828955
8106,-0.00768154
8107,-0.00743144
8108,-0.00721032
8109,-0.00716863
8110,-0.00721017
8111,-0.00727274
8112,-0.00729434
8113,-0.00722275
8114,-0.00704083
8115,-0.00650809
8116,-0.00604822
8117,-0.00490623
8118,-0.00474988
8119,-0.00439375
8120,-0.00372645
8121,-0.00358412
8122,-0.00393142
8123,-0.00426349
8124,-0.00500023
8125,-0.00530405
8126,-0.00551072
8127,-0.00561393
8128,-0.00572712
8129,-0.00573541
8130,-0.00586368
8131,-0.00599454
8132,-0.00582407
8133,-0.00558539
8134,-0.00546826
8135,-0.00549091
8136,-0.00564895
8137,-0.0062819
8138,-0.00664999
8139,-0.00746744
8140,-0.00787926
8141,-0.00864282
8142,-0.00900086
8143,-0.00962522
8144,-0.00991188
8145,-0.0120311
8146,-0.0137815
8147,-0.0140924
8148,-0.0120529
8149,-0.0110617
8150,-0.010335
8151,-0.00987753
8152,-0.0098644
8153,-0.010344
8154,-0.0106811
8155,-0.0110557
8156,-0.0118375
8157,-0.0126301
8158,-0.0139662
8159,-0.0172268
8160,-0.0190436
8161,-0.0183564
8162,-0.0174317
8163,-0.0148869
8164,-0.0138237
8165,-0.012909
8166,-0.0128254
8167,-0.0129507
8168,-0.0135495
8169,-0.01389
8170,-0.0154939
8171,-0.0175131
8172,-0.0184046
8173,-0.0199579
8174,-0.0217454
8175,-0.0217728
8176,-0.0186009
8177,-0.0171286
8178,-0.0151077
8179,-0.0145533
8180,-0.0144541
8181,-0.0146054
8182,-0.0153277
8183,-0.0157928
8184,-0.0162607
8185,-0.0177629
8186,-0.0185788
8187,-0.0205095
8188,-0.0224935
8189,-0.0222581
8190,-0.0197313
8191,-0.0183328
8192,-0.0162252
8193,-0.015609
8194,-0.0153467
8195,-0.0155288
8196,-0.0161305
8197,-0.0165279
8198,-0.0177736
8199,-0.0185003
8200,-0.0213404
8201,-0.024286
8202,-0.0252876
8203,-0.0228109
8204,-0.0214679
8205,-0.0181807
8206,-0.01698
8207,-0.016264
8208,-0.0159225
8209,-0.0159414
8210,-0.0164989
8211,-0.0169152
8212,-0.0178804
8213,-0.0198616
8214,-0.0211333
8215,-0.0236075
8216,-0.0248168
8217,-0.0225088
8218,-0.0211043
8219,-0.0178521
8220,-0.0166835
8221,-0.0159959
8222,-0.0156738
8223,-0.0156936
8224,-0.0160456
8225,-0.0166824
8226,-0.0170726
8227,-0.0189555
8228,-0.0202086
8229,-0.024704
8230,-0.024423
8231,-0.0227865
8232,-0.0189723
8233,-0.0172293
8234,-0.0154933
8235,-0.0149167
8236,-0.0148619
8237,-0.0150013
8238,-0.0154374
8239,-0.0159326
8240,-0.0162056
8241,-0.0171627
8242,-0.0183735
8243,-0.0189508
8244,-0.0212231
8245,-0.0216867
8246,-0.0209161
8247,-0.0175933
8248,-0.0150239
8249,-0.013795
8250,-0.0135322
8251,-0.0137393
8252,-0.0139341
8253,-0.0143472
8254,-0.014557
8255,-0.0149246
8256,-0.0151209
8257,-0.0169336
8258,-0.0183181
8259,-0.0193992
8260,-0.0188519
8261,-0.0176794
8262,-0.014885
8263,-0.0137452
8264,-0.0126236
8265,-0.0123541
8266,-0.0123819
8267,-0.0124939
8268,-0.0126427
8269,-0.012933
8270,-0.0132057
8271,-0.0133338
8272,-0.0143306
8273,-0.0151155
8274,-0.01749
8275,-0.0187006
8276,-0.0172358
8277,-0.0137968
8278,-0.0123484
8279,-0.0113851
8280,-0.0106062
8281,-0.0104211
8282,-0.0104617
8283,-0.0105492
8284,-0.0107526
8285,-0.0109281
8286,-0.0110032
8287,-0.0110486
8288,-0.0110341
8289,-0.0108728
8290,-0.0107083
8291,-0.0115933
8292,-0.012279
8293,-0.0109441
8294,-0.00928993
8295,-0.00857477
8296,-0.00787905
8297,-0.00771079
8298,-0.00764877
8299,-0.00766803
8300,-0.00772955
8301,-0.00778677
8302,-0.00781642
8303,-0.00780277
8304,-0.00762472
8305,-0.00748862
8306,-0.00711417
8307,-0.00691245
8308,-0.00668779
8309,-0.00612169
8310,-0.00584213
8311,-0.0052456
8312,-0.00498616
8313,-0.00479586
8314,-0.00463301
8315,-0.00458024
8316,-0.00457009
8317,-0.00452416
8318,-0.00448779
8319,-0.00431196
8320,-0.00419046
8321,-0.00389072
8322,-0.00373961
8323,-0.00337204
8324,-0.00316341
8325,-0.00267625
8326,-0.00242092
8327,-0.00194839
8328,-0.00176169
8329,-0.00175015
8330,-0.0018844
8331,-0.00191777
8332,-0.00143892
8333,-0.00116199
8334,-0.000852032
8335,-0.000266127
8336,-2.42853e-06
8337,5.43076e-05
8338,0.000202652
8339,0.000297184
8340,0.000278115
8341,-0.000120597
8342,-0.000409461
8343,-0.000395774
8344,-0.000261276
8345,0.000260319
8346,0.000692859
8347,0.000898923
8348,0.000883452
8349,0.000727551
8350,0.000690314
8351,0.00063602
8352,0.000585431
8353,0.000324741
8354,-7.36476e-05
8355,-0.00029188
8356,-0.000855745
8357,-0.0011426
8358,-0.00168941
8359,-0.00194593
8360,-0.00217521
8361,-0.0025796
8362,-0.00283305
8363,-0.0033228
8364,-0.00369219
8365,-0.00468202
8366,-0.00492026
8367,-0.00374106
8368,-0.00331066
8369,-0.00325602
8370,-0.00345312
8371,-0.0043172
8372,-0.00482573
8373,-0.00596161
8374,-0.00661013
8375,-0.0121097
8376,-0.0149906
8377,-0.0154818
8378,-0.0120405
8379,-0.0103872
8380,-0.00794846
8381,-0.0069533
8382,-0.00678818
8383,-0.00948636
8384,-0.0119262
8385,-0.0126248
8386,-0.0132827
8387,-0.0138252
8388,-0.0155203
8389,-0.0166735
8390,-0.0191985
8391,-0.0205777
8392,-0.0210304
8393,-0.0197925
8394,-0.0179306
8395,-0.0168382
8396,-0.0170454
8397,-0.0193983
8398,-0.0204902
8399,-0.0200573
8400,-0.0201348
8401,-0.0212244
8402,-0.0221268
8403,-0.0249318
8404,-0.0264804
8405,-0.0293975
8406,-0.0310474
8407,-0.0312352
8408,-0.0288964
8409,-0.0272355
8410,-0.0240113
8411,-0.0228642
8412,-0.0270774
8413,-0.0300488
8414,-0.0318583
8415,-0.032746
8416,-0.0331704
8417,-0.0358924
8418,-0.0379274
8419,-0.0382463
8420,-0.0353543
8421,-0.0338349
8422,-0.0315296
8423,-0.0281151
8424,-0.0270359
8425,-0.0309599
8426,-0.0348722
8427,-0.0363647
8428,-0.0368085
8429,-0.0365656
8430,-0.0364107
8431,-0.0356898
8432,-0.035178
8433,-0.0348662
8434,-0.0342804
8435,-0.03177
8436,-0.0310299
8437,-0.0335951
8438,-0.0351327
8439,-0.0337942
8440,-0.0316664
8441,-0.0305044
8442,-0.0290966
8443,-0.0268298
8444,-0.0259142
8445,-0.0253322
8446,-0.0252152
8447,-0.0254774
8448,-0.0263842
8449,-0.02691
8450,-0.0278168
8451,-0.0282391
8452,-0.0285021
8453,-0.0312273
8454,-0.0332085
8455,-0.0343313
8456,-0.0328115
8457,-0.0270296
8458,-0.0229256
8459,-0.0203421
8460,-0.0186785
8461,-0.0178702
8462,-0.0180803
8463,-0.0184206
8464,-0.0189209
8465,-0.0201933
8466,-0.0205862
8467,-0.0206862
8468,-0.0204151
8469,-0.0202305
8470,-0.0196598
8471,-0.0193709
8472,-0.01914
8473,-0.0190008
8474,-0.0189579
8475,-0.0215664
8476,-0.0238467
8477,-0.0260277
8478,-0.026632
8479,-0.0223059
8480,-0.020394
8481,-0.0178432
8482,-0.0168066
8483,-0.0162935
8484,-0.0163554
8485,-0.0185309
8486,-0.0199045
8487,-0.0218129
8488,-0.0226559
8489,-0.023513
8490,-0.0238433
8491,-0.0243164
8492,-0.0246011
8493,-0.0253453
8494,-0.0257729
8495,-0.0260444
8496,-0.0266192
8497,-0.0269811
8498,-0.027085
8499,-0.0272328
8500,-0.0273784
8501,-0.0274516
8502,-0.0275919
8503,-0.0281418
8504,-0.0289725
8505,-0.0294699
8506,-0.0304565
8507,-0.043837
8508,-0.0494588
8509,-0.0393402
8510,-0.0324878
8511,-0.0271618
8512,-0.0257812
8513,-0.0324518
8514,-0.0364882
8515,-0.035901
8516,-0.0351023
8517,-0.0347969
8518,-0.0347015
8519,-0.0350282
8520,-0.0357496
8521,-0.0375238
8522,-0.0387047
8523,-0.0391022
8524,-0.0398566
8525,-0.0407226
8526,-0.0411125
8527,-0.0420121
8528,-0.042462
8529,-0.0421569
8530,-0.0418449
8531,-0.0406365
8532,-0.0392935
8533,-0.0386413
8534,-0.0388026
8535,-0.040215
8536,-0.0409415
8537,-0.0412053
8538,-0.0420031
8539,-0.0426753
8540,-0.0506057
8541,-0.0564525
8542,-0.0552634
8543,-0.0527272
8544,-0.0441136
8545,-0.0372357
8546,-0.0356069
8547,-0.0366899
8548,-0.0399403
8549,-0.0437816
8550,-0.0449657
8551,-0.0450439
8552,-0.0449671
8553,-0.0449716
8554,-0.0457578
8555,-0.0481538
8556,-0.0487193
8557,-0.0478671
8558,-0.0474582
8559,-0.0495015
8560,-0.050829
8561,-0.0500745
8562,-0.0492532
8563,-0.0480069
8564,-0.0475576
8565,-0.0473479
8566,-0.0467641
8567,-0.0458296
8568,-0.0453492
8569,-0.0452939
8570,-0.0454599
8571,-0.0461909
8572,-0.0469141
8573,-0.0472753
8574,-0.0483263
8575,-0.0489552
8576,-0.049618
8577,-0.0529693
8578,-0.0545728
8579,-0.0543929
8580,-0.0494693
8581,-0.0446611
8582,-0.0433583
8583,-0.0436563
8584,-0.045161
8585,-0.0459333
8586,-0.0460928
8587,-0.0479792
8588,-0.0493752
8589,-0.0507847
8590,-0.052756
8591,-0.0516374
8592,-0.0502163
8593,-0.0448478
8594,-0.0422858
8595,-0.0465311
8596,-0.0446926
8597,-0.0455586
8598,-0.0447406
8599,-0.0440125
8600,-0.0438497
8601,-0.0468102
8602,-0.0484802
8603,-0.0487725
8604,-0.0479169
8605,-0.0475819
8606,-0.048021
8607,-0.0507433
8608,-0.0517908
8609,-0.0478455
8610,-0.0434761
8611,-0.0412769
8612,-0.0407999
8613,-0.0418354
8614,-0.0423267
8615,-0.0423606
8616,-0.0425972
8617,-0.0429496
8618,-0.0457291
8619,-0.0471999
8620,-0.0473344
8621,-0.0466383
8622,-0.046179
8623,-0.0451906
8624,-0.0445919
8625,-0.0414491
8626,-0.0398014
8627,-0.0384817
8628,-0.0383403
8629,-0.0392457
8630,-0.0398994
8631,-0.0401267
8632,-0.0403784
8633,-0.0424645
8634,-0.0437614
8635,-0.0451697
8636,-0.0476487
8637,-0.0481765
8638,-0.0461128
8639,-0.0400635
8640,-0.0371985
8641,-0.0346619
8642,-0.0344885
8643,-0.0354042
8644,-0.0372564
8645,-0.0377176
8646,-0.0375764
8647,-0.0375837
8648,-0.0397415
8649,-0.041018
8650,-0.041572
8651,-0.0416464
8652,-0.0400816
8653,-0.0390579
8654,-0.0380522
8655,-0.0355572
8656,-0.0331452
8657,-0.0320327
8658,-0.0332591
8659,-0.0342487
8660,-0.0341221
8661,-0.033949
8662,-0.0362248
8663,-0.038274
8664,-0.0411974
8665,-0.0422694
8666,-0.038529
8667,-0.0361867
8668,-0.0299906
8669,-0.0275432
8670,-0.0276017
8671,-0.0301926
8672,-0.0312256
8673,-0.0308804
8674,-0.0306087
8675,-0.0305978
8676,-0.0314083
8677,-0.0321953
8678,-0.0324111
8679,-0.032172
8680,-0.0320963
8681,-0.0333942
8682,-0.0340311
8683,-0.0324877
8684,-0.0314567
8685,-0.0286701
8686,-0.0266485
8687,-0.0260099
8688,-0.0257651
8689,-0.0256843
8690,-0.025108
8691,-0.0248974
8692,-0.0257506
8693,-0.0263537
8694,-0.0278008
8695,-0.0287698
8696,-0.0318767
8697,-0.0334721
8698,-0.030389
8699,-0.0258255
8700,-0.023475
8701,-0.020362
8702,-0.0193716
8703,-0.0210929
8704,-0.0224863
8705,-0.0223897
8706,-0.0222481
8707,-0.0220917
8708,-0.0224397
8709,-0.0227612
8710,-0.0236176
8711,-0.0263905
8712,-0.0264506
8713,-0.0254566
8714,-0.0217643
8715,-0.0198145
8716,-0.0169573
8717,-0.0160063
8718,-0.0158519
8719,-0.0162632
8720,-0.0166117
8721,-0.0166473
8722,-0.0167037
8723,-0.017163
8724,-0.0180296
8725,-0.0185595
8726,-0.021535
8727,-0.0231206
8728,-0.0189325
8729,-0.0169031
8730,-0.013674
8731,-0.012547
8732,-0.0115963
8733,-0.0113904
8734,-0.0113403
8735,-0.0114373
8736,-0.0115261
8737,-0.0117715
8738,-0.0121719
8739,-0.0130603
8740,-0.0136583
8741,-0.0147256
8742,-0.0162004
8743,-0.0164012
8744,-0.0146752
8745,-0.0115244
8746,-0.0101431
8747,-0.00906858
8748,-0.00793626
8749,-0.00741083
8750,-0.00727374
8751,-0.00729256
8752,-0.00735968
8753,-0.00739408
8754,-0.0073951
8755,-0.00736783
8756,-0.00727737
8757,-0.0070828
8758,-0.00690962
8759,-0.0063088
8760,-0.00565667
8761,-0.00529296
8762,-0.00441133
8763,-0.00365648
8764,-0.00336206
8765,-0.00295937
8766,-0.00273964
8767,-0.00267463
8768,-0.00262266
8769,-0.00260915
8770,-0.00259653
8771,-0.00252745
8772,-0.00244244
8773,-0.00225472
8774,-0.00212525
8775,-0.00176058
8776,-0.00125913
8777,-0.000981002
8778,-0.00029971
8779,4.54694e-05
8780,0.000614037
8781,0.000838134
8782,0.00111304
8783,0.0012642
8784,0.00134213
8785,0.00137012
8786,0.00142114
8787,0.00148318
8788,0.00160602
8789,0.00167902
8790,0.00189097
8791,0.00218632
8792,0.00235537
8793,0.00254138
8794,0.00297379
8795,0.00338506
8796,0.00357993
8797,0.00391765
8798,0.00419846
8799,0.00432267
8800,0.00446298
8801,0.00451901
8802,0.00458374
8803,0.00461955
8804,0.00467159
8805,0.00475188
8806,0.00480324
8807,0.00484505
8808,0.0049507
8809,0.00500369
8810,0.00505525
8811,0.00508891
8812,0.00510917
8813,0.00510798
8814,0.0050994
8815,0.00503318
8816,0.00498976
8817,0.00485407
8818,0.00477631
8819,0.00457678
8820,0.00446746
8821,0.00422645
8822,0.00409177
8823,0.00376967
8824,0.00361322
8825,0.00326729
8826,0.00308782
8827,0.00269677
8828,0.00249439
8829,0.0019162
8830,0.00111685
8831,0.000691449
8832,0.000364076
8833,0.000175467
8834,-0.000661366
8835,-0.00163856
8836,-0.00210005
8837,-0.00270133
8838,-0.00303787
8839,-0.00406413
8840,-0.00513371
8841,-0.00563959
8842,-0.00598395
8843,-0.00669765
8844,-0.00715548
8845,-0.0083904
8846,-0.0090707
8847,-0.00974706
8848,-0.0100829
8849,-0.0105424
8850,-0.0118165
8851,-0.0128621
8852,-0.0135528
8853,-0.0138844
8854,-0.0148962
8855,-0.0154959
8856,-0.0161983
8857,-0.0168819
8858,-0.0178408
8859,-0.0183972
8860,-0.0189807
8861,-0.0193951
8862,-0.0196373
8863,-0.0199951
8864,-0.0210201
8865,-0.0217429
8866,-0.0219935
8867,-0.0224788
8868,-0.0236728
8869,-0.0239688
8870,-0.0243069
8871,-0.0248687
8872,-0.0251931
8873,-0.0258516
8874,-0.0265237
8875,-0.0268673
8876,-0.0274437
8877,-0.0277619
8878,-0.0280857
8879,-0.0292225
8880,-0.030902
8881,-0.031899
8882,-0.0339216
8883,-0.0338702
8884,-0.0306345
8885,-0.0292649
8886,-0.0271733
8887,-0.0264626
8888,-0.0294616
8889,-0.0323529
8890,-0.0333378
8891,-0.0336822
8892,-0.033948
8893,-0.0337251
8894,-0.0336679
8895,-0.0347701
8896,-0.0354748
8897,-0.0362669
8898,-0.0365996
8899,-0.0375038
8900,-0.0380252
8901,-0.0384818
8902,-0.0395474
8903,-0.0403373
8904,-0.0409162
8905,-0.0411842
8906,-0.0415006
8907,-0.0422034
8908,-0.0421406
8909,-0.0418613
8910,-0.0397255
8911,-0.0387577
8912,-0.0417691
8913,-0.0440881
8914,-0.0484888
8915,-0.0502879
8916,-0.0484083
8917,-0.047279
8918,-0.0454073
8919,-0.044964
8920,-0.0458953
8921,-0.0470014
8922,-0.0475709
8923,-0.04775
8924,-0.0491541
8925,-0.0496767
8926,-0.050697
8927,-0.0513111
8928,-0.0528926
8929,-0.0537225
8930,-0.0548096
8931,-0.055311
8932,-0.0562791
8933,-0.0568127
8934,-0.0571753
8935,-0.0579037
8936,-0.0581932
8937,-0.058365
8938,-0.0585443
8939,-0.0586311
8940,-0.0591488
8941,-0.0573903
8942,-0.0553732
8943,-0.0581631
8944,-0.0600887
8945,-0.0633927
8946,-0.0646044
8947,-0.0638271
8948,-0.062987
8949,-0.0671832
8950,-0.0698487
8951,-0.0702749
8952,-0.0674937
8953,-0.0598651
8954,-0.0588291
8955,-0.0649595
8956,-0.0696706
8957,-0.0716372
8958,-0.0706333
8959,-0.0703396
8960,-0.0705975
8961,-0.0711911
8962,-0.0712878
8963,-0.0710944
8964,-0.0710106
8965,-0.0719853
8966,-0.0726412
8967,-0.0727348
8968,-0.0720711
8969,-0.0720895
8970,-0.0723456
8971,-0.0736877
8972,-0.0742697
8973,-0.0740366
8974,-0.0732492
8975,-0.0729845
8976,-0.0732336
8977,-0.0743622
8978,-0.0745859
8979,-0.0742996
8980,-0.0736687
8981,-0.073878
8982,-0.0741884
8983,-0.0747169
8984,-0.0745399
8985,-0.0742421
8986,-0.0742439
8987,-0.074419
8988,-0.0744775
8989,-0.0745467
8990,-0.074592
8991,-0.0744945
8992,-0.0744667
8993,-0.0743453
8994,-0.0742665
8995,-0.0741622
8996,-0.0742953
8997,-0.074378
8998,-0.0741962
8999,-0.0740879
9000,-0.074067
9001,-0.0740971
9002,-0.0740448
9003,-0.0737529
9004,-0.073617
9005,-0.0736034
9006,-0.0736369
9007,-0.0733628
9008,-0.0731979
9009,-0.069997
9010,-0.0686391
9011,-0.0675711
9012,-0.0732519
9013,-0.0773485
9014,-0.0784095
9015,-0.0777921
9016,-0.076619
9017,-0.0898251
9018,-0.101367
9019,-0.104217
9020,-0.0922865
9021,-0.0846759
9022,-0.10294
9023,-0.121076
9024,-0.127052
9025,-0.120769
9026,-0.0920539
9027,-0.0831292
9028,-0.146476
9029,-0.188445
9030,-0.19194
9031,-0.0379754
9032,-0.0133969
9033,-0.0493004
9034,-0.303962
9035,-0.412255
9036,-0.221744
9037,-0.0514734
9038,-0.0861461
9039,-0.166515
9040,-0.330333
9041,-0.40915
9042,-0.322951
9043,-0.141248
9044,-0.0908233
9045,-0.102264
9046,-0.296434
9047,-0.371762
9048,-0.369958
9049,-0.234194
9050,-0.054284
9051,-0.112995
9052,-0.205536
9053,-0.355326
9054,-0.393717
9055,-0.138452
9056,-0.0418965
9057,-0.180502
9058,-0.301563
9059,-0.350488
9060,-0.317544
9061,-0.101298
9062,-0.0260802
9063,-0.0422167
9064,-0.179024
9065,-0.472284
9066,-0.443357
9067,-0.309583
9068,-0.0589854
9069,0.0277435
9070,-0.257652
9071,-0.394046
9072,-0.42245
9073,-0.256116
9074,-0.19228
9075,-0.188115
9076,-0.216137
9077,-0.309258
9078,-0.416162
9079,-0.44731
9080,-0.281821
9081,0.0153983
9082,-0.0422302
9083,-0.257086
9084,-0.450192
9085,-0.388865
9086,-0.238338
9087,-0.203088
9088,-0.170306
9089,-0.177444
9090,-0.198437
9091,-0.27831
9092,-0.338803
9093,-0.350294
9094,-0.0891901
9095,-0.0106773
9096,-0.04512
9097,-0.450836
9098,-0.639898
9099,-0.561358
9100,-0.116563
9101,0.047426
9102,0.0458162
9103,-0.282936
9104,-0.429192
9105,-0.228461
9106,-0.0579826
9107,-0.186419
9108,-0.314047
9109,-0.233798
9110,-0.117621
9111,-0.0148972
9112,-0.317173
9113,-0.505571
9114,-0.300399
9115,0.047411
9116,0.182262
9117,-0.195271
9118,-0.400989
9119,-0.408545
9120,-0.327293
9121,-0.189187
9122,-0.0853597
9123,-0.0988919
9124,-0.341557
9125,-0.35487
9126,-0.2212
9127,-0.001539
9128,0.00545459
9129,-0.415342
9130,-0.553297
9131,0.0161177
9132,0.276569
9133,-0.172275
9134,-0.355096
9135,-0.287863
9136,-0.11985
9137,-0.179601
9138,-0.292161
9139,-0.310712
9140,0.0449778
9141,0.210614
9142,-0.11922
9143,-0.337088
9144,-0.232412
9145,-0.100075
9146,-0.0903647
9147,-0.0944789
9148,-0.0832739
9149,-0.0123618
9150,-0.177625
9151,-0.308992
9152,-0.176783
9153,0.065699
9154,0.181475
9155,-0.00955267
9156,-0.299074
9157,-0.355024
9158,0.0798959
9159,0.0665226
9160,-0.104362
9161,-0.27334
9162,-0.0120034
9163,0.168535
9164,0.0171928
9165,-0.32513
9166,-0.478364
9167,-0.0454381
9168,0.227602
9169,0.161379
9170,0.000485019
9171,-0.0474934
9172,0.0325252
9173,0.0470759
9174,-0.0757728
9175,-0.115431
9176,-0.0542854
9177,0.137747
9178,0.169957
9179,0.140088
9180,0.0642461
9181,0.0391418
9182,0.0768619
9183,0.097944
9184,0.0650029
9185,0.02112
9186,0.0414389
9187,0.0874415
9188,0.128829
9189,0.0997638
9190,0.081652
9191,0.0869366
9192,0.0928755
9193,0.0992367
9194,0.0995762
9195,0.0941637
9196,0.0940692
9197,0.09507
9198,0.0936373
9199,0.0923622
9200,0.088555
9201,0.0871941
9202,0.0892308
9203,0.0906425
9204,0.0901608
9205,0.0900417
9206,0.0910708
9207,0.0918978
9208,0.0921139
9209,0.0910002
9210,0.0902894
9211,0.0887429
9212,0.0877705
9213,0.0863612
9214,0.0833202
9215,0.0820568
9216,0.0842256
9217,0.0862056
9218,0.0887823
9219,0.0896958
9220,0.0879417
9221,0.0869399
9222,0.0862552
9223,0.0857767
9224,0.0836469
9225,0.0826806
9226,0.0944434
9227,0.0981648
9228,0.0966286
9229,0.090625
9230,0.0869726
9231,0.0861721
9232,0.0856033
9233,0.0892668
9234,0.09098
9235,0.086834
9236,0.0847778
9237,0.0843286
9238,0.0856208
9239,0.0863023
9240,0.0855741
9241,0.0836194
9242,0.0823904
9243,0.080321
9244,0.0795477
9245,0.0790204
9246,0.0846975
9247,0.0886302
9248,0.0886999
9249,0.0875575
9250,0.0855452
9251,0.0844292
9252,0.0841449
9253,0.0833291
9254,0.0839528
9255,0.084804
9256,0.0846484
9257,0.079725
9258,0.0775441
9259,0.0780688
9260,0.0791427
9261,0.0798514
9262,0.0781629
9263,0.0761661
9264,0.0747473
9265,0.0741665
9266,0.0736667
9267,0.0947586
9268,0.115246
9269,0.108828
9270,0.0801611
9271,0.0647229
9272,0.0655177
9273,0.0688334
9274,0.0777043
9275,0.0805348
9276,0.0785305
9277,0.0711463
9278,0.0677954
9279,0.0639879
9280,0.0631348
9281,0.0635649
9282,0.063368
9283,0.0617499
9284,0.0599279
9285,0.0592183
9286,0.0607761
9287,0.0621899
9288,0.0629388
9289,0.0609901
9290,0.0595667
9291,0.0570431
9292,0.0554172
9293,0.0550318
9294,0.0551985
9295,0.0620836
9296,0.0666243
9297,0.0667447
9298,0.0589411
9299,0.0479062
9300,0.04301
9301,0.0434976
9302,0.0459638
9303,0.0485132
9304,0.0489057
9305,0.0461797
9306,0.0436041
9307,0.0425074
9308,0.0420867
9309,0.0406081
9310,0.0395029
9311,0.0361386
9312,0.034733
9313,0.0330196
9314,0.0325095
9315,0.034927
9316,0.0377916
9317,0.0394398
9318,0.039281
9319,0.0348368
9320,0.0282005
9321,0.0254084
9322,0.0234501
9323,0.0254727
9324,0.0279845
9325,0.0286613
9326,0.0276981
9327,0.0267098
9328,0.0252229
9329,0.0245777
9330,0.02414
9331,0.0229672
9332,0.0215063
9333,0.0199879
9334,0.0195894
9335,0.0241693
9336,0.0255278
9337,0.02462
9338,0.02212
9339,0.0149118
9340,0.0119354
9341,0.00937586
9342,0.00876138
9343,0.00666272
9344,0.00608891
9345,0.00407566
9346,0.00467153
9347,0.0058258
9348,0.00833737
9349,0.0105552
9350,0.00865738
9351,0.00660895
9352,0.00144342
9353,-0.00313281
9354,-0.00499366
9355,-0.00684727
9356,-0.00728218
9357,-0.00821326
9358,-0.00867798
9359,-0.00978417
9360,-0.0102427
9361,-0.0106289
9362,-0.0113026
9363,-0.0118339
9364,-0.0120546
9365,-0.0128565
9366,-0.0133102
9367,-0.0139553
9368,-0.0141425
9369,-0.0154604
9370,-0.0165135
9371,-0.01742
9372,-0.0167258
9373,-0.0161531
9374,-0.0161792
9375,-0.0162107
9376,-0.0164637
9377,-0.0165693
9378,-0.0168444
9379,-0.0169576
9380,-0.0173125
9381,-0.0175051
9382,-0.0180125
9383,-0.0185344
9384,-0.0187629
9385,-0.0190512
9386,-0.0197823
9387,-0.0201115
9388,-0.0207887
9389,-0.0211182
9390,-0.0218613
9391,-0.0222518
9392,-0.0232755
9393,-0.0244428
9394,-0.0250076
9395,-0.0274117
9396,-0.0288899
9397,-0.0297851
9398,-0.0304297
9399,-0.0310709
9400,-0.0329187
9401,-0.0342084
9402,-0.0346234
9403,-0.0347161
9404,-0.0349562
9405,-0.040674
9406,-0.044064
9407,-0.0440393
9408,-0.0422112
9409,-0.038726
9410,-0.0365079
9411,-0.0358839
9412,-0.0367975
9413,-0.0377783
9414,-0.0387175
9415,-0.0405256
9416,-0.0413473
9417,-0.041923
9418,-0.0429276
9419,-0.0439566
9420,-0.0444471
9421,-0.0456315
9422,-0.0462566
9423,-0.046888
9424,-0.0471864
9425,-0.0480505
9426,-0.0488257
9427,-0.0490694
9428,-0.0498114
9429,-0.0502269
9430,-0.0505624
9431,-0.0509906
9432,-0.0518909
9433,-0.0526233
9434,-0.0529231
9435,-0.0532785
9436,-0.0543038
9437,-0.054997
9438,-0.0551994
9439,-0.0560239
9440,-0.0565142
9441,-0.0572058
9442,-0.0575303
9443,-0.0580136
9444,-0.0583431
9445,-0.0591118
9446,-0.0595185
9447,-0.0598667
9448,-0.0601871
9449,-0.0607613
9450,-0.0611603
9451,-0.0617941
9452,-0.0620764
9453,-0.0667004
9454,-0.0708787
9455,-0.0756737
9456,-0.087274
9457,-0.092308
9458,-0.0966003
9459,-0.0988514
9460,-0.114549
9461,-0.130196
9462,-0.135576
9463,-0.131646
9464,-0.130467
9465,-0.148135
9466,-0.172513
9467,-0.168374
9468,-0.167088
9469,-0.163718
9470,-0.176916
9471,-0.186525
9472,-0.194772
9473,-0.197154
9474,-0.191853
9475,-0.197372
9476,-0.20395
9477,-0.219408
9478,-0.236812
9479,-0.234915
9480,-0.22634
9481,-0.222839
9482,-0.26203
9483,-0.286758
9484,-0.290339
9485,-0.244482
9486,-0.220826
9487,-0.281554
9488,-0.331752
9489,-0.313682
9490,-0.245479
9491,-0.214225
9492,-0.344585
9493,-0.430181
9494,-0.436375
9495,-0.187967
9496,-0.130039
9497,-0.180325
9498,-0.390043
9499,-0.5382
9500,-0.343531
9501,-0.186833
9502,-0.151607
9503,-0.539841
9504,-0.742626
9505,-0.3815
9506,-0.0249544
9507,0.082663
9508,-0.416181
9509,-0.485256
9510,-0.451007
9511,-0.319225
9512,-0.28145
9513,-0.453449
9514,-0.51249
9515,-0.477113
9516,-0.265634
9517,-0.194414
9518,-0.472177
9519,-0.620163
9520,-0.408069
9521,-0.24215
9522,-0.391763
9523,-0.593264
9524,-0.647077
9525,-0.280503
9526,-0.184958
9527,-0.256437
9528,-0.612891
9529,-0.582608
9530,-0.439889
9531,-0.29395
9532,-0.47253
9533,-0.630221
9534,-0.469117
9535,-0.248051
9536,-0.337833
9537,-0.466126
9538,-0.484715
9539,-0.433992
9540,-0.408471
9541,-0.442918
9542,-0.522962
9543,-0.532877
9544,-0.393558
9545,-0.333424
9546,-0.413898
9547,-0.489617
9548,-0.479628
9549,-0.452601
9550,-0.433748
9551,-0.507176
9552,-0.558426
9553,-0.428207
9554,-0.324927
9555,-0.304996
9556,-0.505505
9557,-0.555
9558,-0.514649
9559,-0.43837
9560,-0.490948
9561,-0.548791
9562,-0.460679
9563,-0.392655
9564,-0.390982
9565,-0.473985
9566,-0.516491
9567,-0.477366
9568,-0.451044
9569,-0.454543
9570,-0.493255
9571,-0.461563
9572,-0.426338
9573,-0.425179
9574,-0.477028
9575,-0.509965
9576,-0.497981
9577,-0.472203
9578,-0.455501
9579,-0.448351
9580,-0.43958
9581,-0.439159
9582,-0.46078
9583,-0.476438
9584,-0.48746
9585,-0.475979
9586,-0.462736
9587,-0.457572
9588,-0.448957
9589,-0.433379
9590,-0.428287
9591,-0.439014
9592,-0.443956
9593,-0.445378
9594,-0.416552
9595,-0.38484
9596,-0.370521
9597,-0.38712
9598,-0.420121
9599,-0.436948
9600,-0.418546
9601,-0.400804
9602,-0.365246
9603,-0.355645
9604,-0.37796
9605,-0.397781
9606,-0.415797
9607,-0.417046
9608,-0.385952
9609,-0.366183
9610,-0.352132
9611,-0.36828
9612,-0.479192
9613,-0.425142
9614,-0.136882
9615,-0.116715
9616,-0.645547
9617,-0.824708
9618,-0.585638
9619,0.143014
9620,0.365188
9621,0.413175
9622,-0.29244
9623,-0.734888
9624,-0.859204
9625,-0.769767
9626,-0.422046
9627,-0.190951
9628,0.0134455
9629,0.13168
9630,-0.0906015
9631,-0.505788
9632,-0.741575
9633,-0.80308
9634,-0.681919
9635,-0.12896
9636,0.131389
9637,0.290281
9638,0.233342
9639,0.181294
9640,-0.0804647
9641,-0.499917
9642,-0.797043
9643,-0.769879
9644,-0.639891
9645,-0.0849028
9646,0.295287
9647,0.412151
9648,0.310705
9649,0.155346
9650,-0.233941
9651,-0.590058
9652,-0.754478
9653,-0.541726
9654,-0.103753
9655,0.270566
9656,0.417472
9657,0.289906
9658,-0.308571
9659,-0.638522
9660,-0.702722
9661,-0.631638
9662,-0.105367
9663,0.158424
9664,0.484719
9665,0.597265
9666,0.327538
9667,0.0636111
9668,-0.326169
9669,-0.645065
9670,-0.784487
9671,-0.44251
9672,0.100853
9673,0.363026
9674,0.479925
9675,0.526478
9676,0.336532
9677,-0.00263443
9678,-0.390946
9679,-0.581015
9680,-0.516883
9681,-0.118917
9682,0.372007
9683,0.527001
9684,0.591934
9685,0.552619
9686,0.504894
9687,0.044431
9688,-0.367356
9689,-0.544758
9690,-0.454223
9691,-0.321112
9692,0.158389
9693,0.409245
9694,0.657135
9695,0.684288
9696,0.655202
9697,0.508943
9698,0.00537359
9699,-0.402286
9700,-0.630162
9701,-0.694548
9702,-0.148063
9703,0.127482
9704,0.46671
9705,0.584827
9706,0.573551
9707,0.535356
9708,0.257836
9709,-0.160768
9710,-0.415084
9711,-0.463264
9712,-0.129142
9713,0.396769
9714,0.652895
9715,0.774174
9716,0.683055
9717,0.516207
9718,0.436349
9719,0.184756
9720,0.0309189
9721,0.138113
9722,0.436565
9723,0.595763
9724,0.675133
9725,0.638878
9726,0.605967
9727,0.467386
9728,0.395281
9729,0.361778
9730,0.373884
9731,0.422261
9732,0.496001
9733,0.516578
9734,0.511988
9735,0.466608
9736,0.440194
9737,0.409757
9738,0.398965
9739,0.394349
9740,0.405183
9741,0.412229
9742,0.411913
9743,0.400133
9744,0.385532
9745,0.378379
9746,0.371229
9747,0.368645
9748,0.365688
9749,0.364441
9750,0.361237
9751,0.358848
9752,0.351297
9753,0.346907
9754,0.339526
9755,0.336657
9756,0.334342
9757,0.330052
9758,0.327896
9759,0.3232
9760,0.320978
9761,0.314575
9762,0.31096
9763,0.307891
9764,0.30343
9765,0.297859
9766,0.294472
9767,0.288137
9768,0.285433
9769,0.281568
9770,0.279608
9771,0.273821
9772,0.270606
9773,0.267949
9774,0.265461
9775,0.260303
9776,0.254063
9777,0.250697
9778,0.246084
9779,0.24395
9780,0.239367
9781,0.236863
9782,0.231573
9783,0.22883
9784,0.226268
9785,0.22078
9786,0.218085
9787,0.213157
9788,0.21073
9789,0.206054
9790,0.203647
9791,0.198784
9792,0.196254
9793,0.18886
9794,0.186416
9795,0.180793
9796,0.178501
9797,0.174596
9798,0.172632
9799,0.167885
9800,0.165353
9801,0.161015
9802,0.158915
9803,0.154575
9804,0.152364
9805,0.148048
9806,0.145846
9807,0.14198
9808,0.137752
9809,0.135493
9810,0.131338
9811,0.129426
9812,0.126012
9813,0.124276
9814,0.12043
9815,0.118409
9816,0.114696
9817,0.112853
9818,0.111166
9819,0.109256
9820,0.105518
9821,0.10192
9822,0.100185
9823,0.098706
9824,0.0954482
9825,0.0938232
9826,0.0903871
9827,0.0870732
9828,0.0854564
9829,0.0825606
9830,0.0810957
9831,0.0781042
9832,0.0765553
9833,0.0751505
9834,0.0720831
9835,0.0706037
9836,0.0677678
9837,0.0663622
9838,0.0637182
9839,0.0594845
9840,0.0566629
9841,0.0439437
9842,0.0370521
9843,0.0213234
9844,0.0111946
9845,0.00133898
9846,-0.0150658
9847,-0.0221894
9848,-0.0267451
9849,-0.0370396
9850,-0.0423812
9851,-0.0571253
9852,-0.0731534
9853,-0.0809985
9854,-0.0957082
9855,-0.108101
9856,-0.113511
9857,-0.1185
9858,-0.131048
9859,-0.137332
9860,-0.149012
9861,-0.155524
9862,-0.16255
9863,-0.176688
9864,-0.183223
9865,-0.19159
9866,-0.195887
9867,-0.208262
9868,-0.215023
9869,-0.224701
9870,-0.229386
9871,-0.240924
9872,-0.247339
9873,-0.256638
9874,-0.260888
9875,-0.269479
9876,-0.274523
9877,-0.284944
9878,-0.288215
9879,-0.290171
9880,-0.295678
9881,-0.297534
9882,-0.296907
9883,-0.296012
9884,-0.299498
9885,-0.302882
9886,-0.311522
9887,-0.319342
9888,-0.325216
9889,-0.327654
9890,-0.329461
9891,-0.334093
9892,-0.336585
9893,-0.343806
9894,-0.348263
9895,-0.354636
9896,-0.357962
9897,-0.361975
9898,-0.36632
9899,-0.368547
9900,-0.374753
9901,-0.378191
9902,-0.381228
9903,-0.386045
9904,-0.390252
9905,-0.392251
9906,-0.397142
9907,-0.39983
9908,-0.404809
9909,-0.407347
9910,-0.411466
9911,-0.413461
9912,-0.416509
9913,-0.418124
9914,-0.422024
9915,-0.424299
9916,-0.428248
9917,-0.430202
9918,-0.431964
9919,-0.434858
9920,-0.436417
9921,-0.439572
9922,-0.441266
9923,-0.444559
9924,-0.447582
9925,-0.448919
9926,-0.451375
9927,-0.452773
9928,-0.456119
9929,-0.458007
9930,-0.460137
9931,-0.461036
9932,-0.461505
9933,-0.462431
9934,-0.464521
9935,-0.465689
9936,-0.46733
9937,-0.468067
9938,-0.468955
9939,-0.469488
9940,-0.470198
9941,-0.470719
9942,-0.472317
9943,-0.473307
9944,-0.473881
9945,-0.473979
9946,-0.473805
9947,-0.473919
9948,-0.474226
9949,-0.474648
9950,-0.475573
9951,-0.476048
9952,-0.47599
9953,-0.474756
9954,-0.473936
9955,-0.474032
9956,-0.474398
9957,-0.475019
9958,-0.475319
9959,-0.475048
9960,-0.473422
9961,-0.472509
9962,-0.471285
9963,-0.471142
9964,-0.471696
9965,-0.471841
9966,-0.471563
9967,-0.470312
9968,-0.467462
9969,-0.465477
9970,-0.465038
9971,-0.465628
9972,-0.465491
9973,-0.463213
9974,-0.460924
9975,-0.457482
9976,-0.455976
9977,-0.456167
9978,-0.456629
9979,-0.45542
9980,-0.452349
9981,-0.450417
9982,-0.447802
9983,-0.44682
9984,-0.446558
9985,-0.445876
9986,-0.443965
9987,-0.44188
9988,-0.439073
9989,-0.43652
9990,-0.434759
9991,-0.435401
9992,-0.434945
9993,-0.432318
9994,-0.427689
9995,-0.423559
9996,-0.422316
9997,-0.423558
9998,-0.423985
9999,-0.42055
10000,-0.413956
10001,-0.410346
