time,y
0,6.58941e-06
1,6.59274e-06
2,3.98152e-06
3,-1.23439e-06
4,-1.44587e-05
5,-1.8439e-05
6,-2.01307e-05
7,-2.21645e-05
8,-2.44737e-05
9,-3.05196e-05
10,-3.48478e-05
11,-3.40555e-05
12,-2.51018e-05
13,-1.78395e-05
14,-3.94237e-06
15,7.77227e-07
16,4.04578e-06
17,1.56085e-05
18,2.70502e-05
19,4.24653e-05
20,7.2702e-05
21,7.83078e-05
22,7.69967e-05
23,7.92085e-05
24,0.000104007
25,0.000127895
26,0.000154238
27,0.000177291
28,0.000158776
29,0.000158764
30,0.000167489
31,0.000191855
32,0.000248237
33,0.000274273
34,0.000289485
35,0.00027953
36,0.000284535
37,0.000308391
38,0.000340546
39,0.000391975
40,0.00040021
41,0.000403216
42,0.000416115
43,0.00042855
44,0.000466115
45,0.000511677
46,0.000533676
47,0.000560817
48,0.00056536
49,0.000580529
50,0.000592051
51,0.000606706
52,0.000623209
53,0.00065713
54,0.000673628
55,0.000702682
56,0.000715346
57,0.000742069
58,0.000756115
59,0.000770555
60,0.000800034
61,0.000829555
62,0.000844061
63,0.000871872
64,0.000885243
65,0.000898458
66,0.000924532
67,0.000937393
68,0.000962667
69,0.000975065
70,0.000987269
71,0.000999261
72,0.00102274
73,0.00104579
74,0.0010572
75,0.00107981
76,0.00109102
77,0.00111308
78,0.00112391
79,0.0011346
80,0.00115563
81,0.00116601
82,0.00118645
83,0.00119653
84,0.00121633
85,0.00122607
86,0.00123572
87,0.00125467
88,0.00126395
89,0.00128211
90,0.00129098
91,0.00129973
92,0.00131695
93,0.00132543
94,0.00134208
95,0.00135024
96,0.00136621
97,0.00137401
98,0.00138169
99,0.00139661
100,0.00140386
101,0.0014181
102,0.00142513
103,0.00143211
104,0.00143904
105,0.00144591
106,0.00145941
107,0.00146602
108,0.00147251
109,0.00147887
110,0.00148509
111,0.00149727
112,0.00150914
113,0.00151497
114,0.00152642
115,0.00153757
116,0.00154303
117,0.00155377
118,0.00155905
119,0.00156426
120,0.0015745
121,0.00157952
122,0.00158943
123,0.00159918
124,0.00160399
125,0.00160876
126,0.00161818
127,0.00162283
128,0.00162745
129,0.00163659
130,0.00164112
131,0.00165514
132,0.00168144
133,0.00169982
134,0.00170509
135,0.00171068
136,0.00171207
137,0.0017134
138,0.00171814
139,0.00172153
140,0.0017297
141,0.00173367
142,0.00174097
143,0.00174422
144,0.00175037
145,0.00175342
146,0.00175972
147,0.00176301
148,0.00176637
149,0.00177309
150,0.00177643
151,0.00178305
152,0.00178634
153,0.00178961
154,0.00179617
155,0.00179945
156,0.00180275
157,0.00180934
158,0.00181264
159,0.00181924
160,0.00182254
161,0.00182914
162,0.00183244
163,0.00183904
164,0.00184234
165,0.00184895
166,0.00185229
167,0.00185903
168,0.00186245
169,0.00186939
170,0.00187292
171,0.00188011
172,0.00188377
173,0.00189118
174,0.00189493
175,0.00189871
176,0.00190637
177,0.00191025
178,0.00191814
179,0.00192214
180,0.00193027
181,0.00193438
182,0.00193854
183,0.00194695
184,0.00195122
185,0.00195986
186,0.00196425
187,0.00196866
188,0.00197759
189,0.00198211
190,0.00199123
191,0.00199584
192,0.00200049
193,0.0020025
194,0.00200438
195,0.00201472
196,0.00203211
197,0.0020422
198,0.00206188
199,0.00207121
200,0.00208007
201,0.00209663
202,0.00210442
203,0.0021193
204,0.00212646
205,0.00213347
206,0.0021471
207,0.00215375
208,0.00216673
209,0.00217309
210,0.00218558
211,0.00219173
212,0.00220384
213,0.00220982
214,0.00222162
215,0.00222745
216,0.00223324
217,0.00224472
218,0.00225041
219,0.00226171
220,0.00226733
221,0.00227293
222,0.00228407
223,0.00228962
224,0.0023007
225,0.00230624
226,0.00231732
227,0.00232285
228,0.00232838
229,0.00233942
230,0.00234494
231,0.00235598
232,0.0023615
233,0.00236703
234,0.00237809
235,0.00238362
236,0.00239471
237,0.00240026
238,0.00240582
239,0.00241695
240,0.00242254
241,0.00242813
242,0.00243934
243,0.00244496
244,0.00245623
245,0.00246187
246,0.00246753
247,0.00247887
248,0.00249025
249,0.00249595
250,0.00250739
251,0.00251312
252,0.00251886
253,0.00253036
254,0.00253612
255,0.00254767
256,0.00255345
257,0.00255923
258,0.00257082
259,0.00257662
260,0.00258824
261,0.00259406
262,0.00259988
263,0.00261154
264,0.00261737
265,0.00262904
266,0.00264071
267,0.00264656
268,0.0026524
269,0.00266408
270,0.00266992
271,0.0026816
272,0.00268744
273,0.00269327
274,0.00270493
275,0.00271075
276,0.00272239
277,0.0027282
278,0.00273981
279,0.00274561
280,0.00275718
281,0.00276296
282,0.0027745
283,0.00278025
284,0.00279174
285,0.00279747
286,0.00280891
287,0.00281461
288,0.0028203
289,0.00283186
290,0.00283756
291,0.00284886
292,0.00286006
293,0.00286563
294,0.00287118
295,0.00288221
296,0.0028877
297,0.00289865
298,0.0029041
299,0.00291495
300,0.00292036
301,0.00293113
302,0.00293649
303,0.00294717
304,0.0029525
305,0.00296309
306,0.00296837
307,0.00297363
308,0.0029841
309,0.00298931
310,0.00299968
311,0.00300484
312,0.00300998
313,0.00302022
314,0.00302531
315,0.00303543
316,0.00304047
317,0.00305049
318,0.00305547
319,0.00306538
320,0.00307521
321,0.00308497
322,0.00308982
323,0.00309947
324,0.00310904
325,0.00311379
326,0.00311853
327,0.00312794
328,0.00313261
329,0.0031419
330,0.0031511
331,0.00315567
332,0.00316475
333,0.00317374
334,0.0031782
335,0.00318265
336,0.00319146
337,0.00319584
338,0.00320453
339,0.00320884
340,0.0032174
341,0.00322164
342,0.00323007
343,0.00323425
344,0.00324254
345,0.00324665
346,0.00325073
347,0.0032548
348,0.00326285
349,0.00326684
350,0.00327476
351,0.00327868
352,0.00328645
353,0.0032903
354,0.00329413
355,0.00329793
356,0.00330545
357,0.00330918
358,0.00331655
359,0.00332384
360,0.00332744
361,0.00333459
362,0.00333812
363,0.00334512
364,0.00334859
365,0.00335202
366,0.00335883
367,0.00336554
368,0.00337215
369,0.00337868
370,0.00338511
371,0.00338829
372,0.00339145
373,0.00339458
374,0.00339769
375,0.00340384
376,0.00340688
377,0.0034099
378,0.00341589
379,0.0034218
380,0.00342472
381,0.00342763
382,0.00342493
383,0.00342145
384,0.00342098
385,0.00342255
386,0.00342419
387,0.00342609
388,0.0034301
389,0.00343215
390,0.00343625
391,0.0034403
392,0.00344229
393,0.00344624
394,0.00344819
395,0.00345012
396,0.00344647
397,0.0034412
398,0.00343947
399,0.00343994
400,0.00344085
401,0.00344318
402,0.00344585
403,0.00344722
404,0.00344861
405,0.00345137
406,0.00345273
407,0.00345547
408,0.00345826
409,0.00345969
410,0.00346113
411,0.00346405
412,0.00346704
413,0.00346856
414,0.00347162
415,0.00347318
416,0.0034763
417,0.00347947
418,0.00348267
419,0.00348428
420,0.0034859
421,0.00348753
422,0.00349081
423,0.00349246
424,0.00349578
425,0.00349745
426,0.00350081
427,0.0035025
428,0.00350589
429,0.00350759
430,0.0035093
431,0.00351272
432,0.00351444
433,0.00351789
434,0.00352134
435,0.00352307
436,0.00352655
437,0.00352828
438,0.00353002
439,0.00353349
440,0.00353523
441,0.00353697
442,0.00354046
443,0.00354394
444,0.00354568
445,0.00354916
446,0.0035509
447,0.00355438
448,0.00355612
449,0.00355786
450,0.00355959
451,0.00356306
452,0.00356479
453,0.00356652
454,0.00356997
455,0.00357342
456,0.00357513
457,0.00357685
458,0.00357857
459,0.00358198
460,0.00358368
461,0.00358538
462,0.00358707
463,0.00359044
464,0.00359211
465,0.00359379
466,0.00359711
467,0.00359876
468,0.00360204
469,0.00360367
470,0.00360691
471,0.00360852
472,0.00361013
473,0.00361331
474,0.00361489
475,0.00361803
476,0.00361959
477,0.00362269
478,0.00362422
479,0.00362575
480,0.00362878
481,0.00363028
482,0.00363327
483,0.00363475
484,0.00363768
485,0.00363913
486,0.00364202
487,0.00364345
488,0.00364487
489,0.00364769
490,0.00364908
491,0.00365185
492,0.00365322
493,0.00365593
494,0.00365728
495,0.00365994
496,0.00366127
497,0.00366388
498,0.00366518
499,0.00366774
500,0.00366901
501,0.00367153
502,0.00367277
503,0.00367401
504,0.00367646
505,0.00367767
506,0.00368007
507,0.00368125
508,0.0036836
509,0.00368476
510,0.00368706
511,0.0036882
512,0.00369045
513,0.00369156
514,0.00369266
515,0.00369485
516,0.00369593
517,0.00369807
518,0.00369912
519,0.00370017
520,0.00370224
521,0.00370326
522,0.00370529
523,0.00370629
524,0.00370826
525,0.00370924
526,0.00371117
527,0.00371212
528,0.00371306
529,0.00371493
530,0.00371585
531,0.00371767
532,0.00371857
533,0.00372034
534,0.00372122
535,0.00372295
536,0.0037238
537,0.00372464
538,0.00372631
539,0.00372713
540,0.00372875
541,0.00372955
542,0.00373035
543,0.00373191
544,0.00373268
545,0.0037342
546,0.00373494
547,0.00373642
548,0.00373714
549,0.00373857
550,0.00373928
551,0.00374067
552,0.00374135
553,0.00374202
554,0.00374335
555,0.00374401
556,0.00374465
557,0.00374592
558,0.00374717
559,0.00374778
560,0.00374838
561,0.00374957
562,0.00375015
563,0.0037513
564,0.00375186
565,0.00375242
566,0.00375351
567,0.00375405
568,0.0037551
569,0.00375561
570,0.00375662
571,0.00375712
572,0.00375809
573,0.00375856
574,0.00375903
575,0.00375994
576,0.00376039
577,0.00376127
578,0.0037617
579,0.00376253
580,0.00376294
581,0.00376374
582,0.00376413
583,0.00376489
584,0.00376526
585,0.00377025
586,0.00377404
587,0.00377715
588,0.00378115
589,0.00378204
590,0.00378248
591,0.00378275
592,0.0037827
593,0.0037825
594,0.00378224
595,0.0037821
596,0.00378181
597,0.00378167
598,0.00378153
599,0.00378124
600,0.00378109
601,0.00378094
602,0.00378063
603,0.00378046
604,0.00378012
605,0.00377993
606,0.00377956
607,0.00377936
608,0.00377915
609,0.00377872
610,0.0037785
611,0.00377827
612,0.00377778
613,0.00377753
614,0.003777
615,0.00377644
616,0.00377614
617,0.00377553
618,0.00377488
619,0.00377454
620,0.0037742
621,0.00377386
622,0.00377351
623,0.00377274
624,0.00377188
625,0.00377143
626,0.00377051
627,0.00377003
628,0.00376956
629,0.00376858
630,0.00376807
631,0.00376703
632,0.0037665
633,0.00376595
634,0.00376484
635,0.00376426
636,0.00376308
637,0.00376248
638,0.00376124
639,0.0037606
640,0.00375996
641,0.00375864
642,0.00375797
643,0.00375659
644,0.00375588
645,0.00375444
646,0.0037537
647,0.0037522
648,0.00375065
649,0.00374986
650,0.00374826
651,0.00374744
652,0.00374577
653,0.00374493
654,0.0037432
655,0.00374232
656,0.00374054
657,0.00373963
658,0.00373779
659,0.00373685
660,0.00373495
661,0.00373399
662,0.00373301
663,0.00373103
664,0.00373003
665,0.00372799
666,0.00372696
667,0.00372591
668,0.0037238
669,0.00372272
670,0.00372055
671,0.00371944
672,0.00371721
673,0.00371607
674,0.00371378
675,0.00371262
676,0.00371027
677,0.00370907
678,0.00370787
679,0.00370544
680,0.00370421
681,0.00370172
682,0.00370046
683,0.00369791
684,0.00369662
685,0.00369402
686,0.0036927
687,0.00369137
688,0.0036887
689,0.00368598
690,0.00368323
691,0.00368184
692,0.00367903
693,0.00367762
694,0.00367477
695,0.00367333
696,0.00367188
697,0.00366896
698,0.00366601
699,0.00366452
700,0.00366303
701,0.00366001
702,0.00365849
703,0.00365696
704,0.00365388
705,0.00365233
706,0.0036492
707,0.00364762
708,0.00364445
709,0.00364286
710,0.00364125
711,0.00363804
712,0.00363642
713,0.00363317
714,0.00363153
715,0.00362989
716,0.0036266
717,0.00362495
718,0.00362163
719,0.00361996
720,0.00361662
721,0.00361494
722,0.00361157
723,0.00360988
724,0.00360818
725,0.00348937
726,0.00343012
727,0.00344353
728,0.00347193
729,0.00346333
730,0.00341599
731,0.00339724
732,0.00338222
733,0.00336569
734,0.00335597
735,0.00335238
736,0.00334557
737,0.00334216
738,0.00333877
739,0.00333544
740,0.00333218
741,0.00332594
742,0.00332296
743,0.00331728
744,0.00331456
745,0.00331192
746,0.00330684
747,0.00330439
748,0.00329968
749,0.00329741
750,0.003293
751,0.00329086
752,0.00328671
753,0.00328468
754,0.00328074
755,0.00327882
756,0.00327506
757,0.00327322
758,0.0032714
759,0.00326783
760,0.00326607
761,0.00326261
762,0.00326091
763,0.00325754
764,0.00325422
765,0.00325095
766,0.00324932
767,0.0032461
768,0.0032445
769,0.00324133
770,0.00323974
771,0.00323659
772,0.00323503
773,0.00323346
774,0.00323034
775,0.00322723
776,0.00322567
777,0.00322412
778,0.00322102
779,0.00321947
780,0.00321637
781,0.00321482
782,0.00321328
783,0.00321018
784,0.00320863
785,0.00320552
786,0.00320397
787,0.00320086
788,0.0031993
789,0.00319618
790,0.00319462
791,0.00319149
792,0.00318992
793,0.00318835
794,0.00318521
795,0.00318363
796,0.00318048
797,0.0031789
798,0.00317731
799,0.00317414
800,0.00317255
801,0.00316937
802,0.00316777
803,0.00316457
804,0.00316297
805,0.00316137
806,0.00315815
807,0.00315654
808,0.00315331
809,0.0031517
810,0.00315008
811,0.00314683
812,0.00314521
813,0.00314195
814,0.00313868
815,0.00313705
816,0.00313541
817,0.00313213
818,0.00313049
819,0.00312884
820,0.00312555
821,0.0031239
822,0.0031206
823,0.00311895
824,0.00311564
825,0.00311399
826,0.00311068
827,0.00310903
828,0.00310571
829,0.00310406
830,0.0031024
831,0.00309909
832,0.00309743
833,0.00309412
834,0.00309246
835,0.00308915
836,0.0030875
837,0.00308419
838,0.00308253
839,0.00307922
840,0.00307757
841,0.00307592
842,0.00307261
843,0.00307096
844,0.00306766
845,0.00306601
846,0.00306436
847,0.00306106
848,0.00305941
849,0.00305611
850,0.00305446
851,0.00305281
852,0.00304952
853,0.00304787
854,0.00304458
855,0.00304294
856,0.00304129
857,0.00303801
858,0.00303473
859,0.00303145
860,0.00302981
861,0.00302818
862,0.00302491
863,0.00302328
864,0.00302002
865,0.00301839
866,0.00301513
867,0.0030135
868,0.00301025
869,0.00300863
870,0.00300538
871,0.00300376
872,0.00300051
873,0.00299889
874,0.00299727
875,0.00299403
876,0.00299241
877,0.00298917
878,0.00298755
879,0.00298593
880,0.00298269
881,0.00298108
882,0.00297946
883,0.00297622
884,0.0029746
885,0.00297137
886,0.00296813
887,0.00296651
888,0.00296489
889,0.00294949
890,0.00294336
891,0.00293449
892,0.00293155
893,0.00292757
894,0.00292604
895,0.00292469
896,0.0029222
897,0.0029198
898,0.00291861
899,0.00291621
900,0.00291499
901,0.00291254
902,0.00291129
903,0.00290877
904,0.0029075
905,0.00290492
906,0.00290361
907,0.00290096
908,0.00289961
909,0.00289689
910,0.00289552
911,0.00289274
912,0.00289133
913,0.00288849
914,0.00288706
915,0.00288562
916,0.00288272
917,0.00287978
918,0.0028783
919,0.00287532
920,0.00287382
921,0.00287232
922,0.00286929
923,0.00286777
924,0.00286471
925,0.00286317
926,0.00286162
927,0.00285852
928,0.00285697
929,0.00285384
930,0.0028507
931,0.00284913
932,0.00284596
933,0.00284438
934,0.00284279
935,0.0028396
936,0.00283801
937,0.00283481
938,0.0028332
939,0.00282999
940,0.00282676
941,0.00282515
942,0.00282191
943,0.00281867
944,0.00281705
945,0.0028138
946,0.00281218
947,0.00281055
948,0.00280892
949,0.00280566
950,0.0028024
951,0.00280076
952,0.00279913
953,0.00279586
954,0.00279422
955,0.00279258
956,0.0027893
957,0.00278766
958,0.00278438
959,0.00278274
960,0.00277945
961,0.0027778
962,0.00277451
963,0.00277287
964,0.00277122
965,0.00276793
966,0.00276628
967,0.00276463
968,0.00276134
969,0.00275804
970,0.00275639
971,0.00275309
972,0.00275144
973,0.00274979
974,0.00274649
975,0.00274484
976,0.00274153
977,0.00273988
978,0.00273823
979,0.00273492
980,0.00273327
981,0.00272996
982,0.00272831
983,0.002725
984,0.00272335
985,0.0027217
986,0.00271839
987,0.00271673
988,0.00271342
989,0.00271177
990,0.00271011
991,0.0027068
992,0.00270515
993,0.00270183
994,0.00270018
995,0.00269687
996,0.00269521
997,0.0026919
998,0.00269024
999,0.00268693
1000,0.00268527
1001,0.00268361
1002,0.0026803
1003,0.00267864
1004,0.00267699
1005,0.00267367
1006,0.00267201
1007,0.0026687
1008,0.00266704
1009,0.00266372
1010,0.00266206
1011,0.00265875
1012,0.00265709
1013,0.00265543
1014,0.00265211
1015,0.00265046
1016,0.00264714
1017,0.00264548
1018,0.00264216
1019,0.0026405
1020,0.00263718
1021,0.00263552
1022,0.00263221
1023,0.00263055
1024,0.00262889
1025,0.00262557
1026,0.00262391
1027,0.00262059
1028,0.00261893
1029,0.00261727
1030,0.00261396
1031,0.0026123
1032,0.00260898
1033,0.00260732
1034,0.002604
1035,0.00260234
1036,0.00259902
1037,0.00259736
1038,0.0025957
1039,0.00259238
1040,0.00259073
1041,0.00258741
1042,0.00258575
1043,0.00258243
1044,0.00258077
1045,0.00257745
1046,0.00257579
1047,0.00257248
1048,0.00257082
1049,0.0025675
1050,0.00256584
1051,0.00256252
1052,0.00256086
1053,0.00255921
1054,0.00255755
1055,0.00255423
1056,0.00255257
1057,0.00254926
1058,0.00254594
1059,0.00254428
1060,0.00254097
1061,0.00253931
1062,0.00253765
1063,0.00253434
1064,0.00253268
1065,0.00253102
1066,0.00252771
1067,0.00252605
1068,0.00252274
1069,0.00252108
1070,0.00251777
1071,0.00251611
1072,0.0025128
1073,0.00251114
1074,0.00250783
1075,0.00250617
1076,0.00250452
1077,0.0025012
1078,0.00249789
1079,0.00249624
1080,0.00249293
1081,0.00249127
1082,0.00248796
1083,0.00248465
1084,0.00248299
1085,0.00248134
1086,0.00247803
1087,0.00247638
1088,0.00247307
1089,0.00246976
1090,0.00246645
1091,0.00246314
1092,0.00246149
1093,0.00245818
1094,0.00245653
1095,0.00245488
1096,0.00245157
1097,0.00244992
1098,0.00244662
1099,0.00244331
1100,0.00244166
1101,0.00243836
1102,0.00243506
1103,0.00243176
1104,0.00243011
1105,0.00242846
1106,0.00242516
1107,0.00242351
1108,0.00242186
1109,0.00241856
1110,0.00241691
1111,0.00241527
1112,0.00241197
1113,0.00241033
1114,0.00240868
1115,0.00240539
1116,0.00240374
1117,0.00240209
1118,0.0023988
1119,0.00239716
1120,0.00239551
1121,0.00239223
1122,0.00239058
1123,0.00238894
1124,0.00238565
1125,0.00238401
1126,0.00238237
1127,0.00237908
1128,0.00237744
1129,0.00237415
1130,0.00237087
1131,0.00236923
1132,0.00236595
1133,0.00236431
1134,0.00236267
1135,0.00235939
1136,0.00235775
1137,0.00235447
1138,0.00235283
1139,0.00234955
1140,0.00234628
1141,0.00234464
1142,0.002343
1143,0.00233973
1144,0.00233809
1145,0.00233646
1146,0.00233319
1147,0.00233155
1148,0.00232828
1149,0.00232665
1150,0.00232338
1151,0.00232175
1152,0.00231848
1153,0.00231685
1154,0.00231358
1155,0.00231195
1156,0.00230869
1157,0.00230706
1158,0.00230543
1159,0.00230217
1160,0.00230054
1161,0.00229728
1162,0.00229565
1163,0.00229239
1164,0.00229077
1165,0.00228914
1166,0.00228589
1167,0.00228263
1168,0.00228101
1169,0.00227938
1170,0.00227613
1171,0.00227451
1172,0.00227126
1173,0.00226964
1174,0.00226639
1175,0.00226315
1176,0.00226153
1177,0.0022599
1178,0.00225666
1179,0.00225504
1180,0.0022518
1181,0.00225018
1182,0.00224694
1183,0.00224532
1184,0.00224209
1185,0.00224047
1186,0.00223724
1187,0.00223562
1188,0.002234
1189,0.00223077
1190,0.00222916
1191,0.00222754
1192,0.00222431
1193,0.00222109
1194,0.00221948
1195,0.00221625
1196,0.00221464
1197,0.00221303
1198,0.00220981
1199,0.0022082
1200,0.00220498
1201,0.00220337
1202,0.00220015
1203,0.00219854
1204,0.00219694
1205,0.00219372
1206,0.00219212
1207,0.00219051
1208,0.0021873
1209,0.00218569
1210,0.00218249
1211,0.00218088
1212,0.00217768
1213,0.00217607
1214,0.00217287
1215,0.00217127
1216,0.00216807
1217,0.00216647
1218,0.00216327
1219,0.00216007
1220,0.00215847
1221,0.00215528
1222,0.00215368
1223,0.00215208
1224,0.00214889
1225,0.0021457
1226,0.00214251
1227,0.00214092
1228,0.00213773
1229,0.00213454
1230,0.00213295
1231,0.00212977
1232,0.00212818
1233,0.00212659
1234,0.00212341
1235,0.00212182
1236,0.00211864
1237,0.00211706
1238,0.00211389
1239,0.0021123
1240,0.00211072
1241,0.00210755
1242,0.00210438
1243,0.0021028
1244,0.00209963
1245,0.00209805
1246,0.00209489
1247,0.00209331
1248,0.00209173
1249,0.00208857
1250,0.002087
1251,0.00208542
1252,0.00208226
1253,0.00207911
1254,0.00207753
1255,0.00207437
1256,0.0020728
1257,0.00206964
1258,0.00206807
1259,0.00206649
1260,0.00206333
1261,0.00206176
1262,0.00206018
1263,0.00205702
1264,0.00205387
1265,0.00205229
1266,0.00204913
1267,0.00204756
1268,0.00204598
1269,0.00204282
1270,0.00204124
1271,0.00203808
1272,0.0020365
1273,0.00203334
1274,0.00203176
1275,0.0020286
1276,0.00202702
1277,0.00202544
1278,0.00202228
1279,0.0020207
1280,0.00201753
1281,0.00201595
1282,0.00201279
1283,0.0020112
1284,0.00200804
1285,0.00200645
1286,0.00200328
1287,0.0020017
1288,0.00199853
1289,0.00199695
1290,0.00199536
1291,0.00199377
1292,0.0019906
1293,0.00198902
1294,0.00198743
1295,0.00198426
1296,0.00198267
1297,0.00198108
1298,0.00197791
1299,0.00197474
1300,0.00197156
1301,0.00196997
1302,0.00196838
1303,0.0019652
1304,0.00196362
1305,0.00196203
1306,0.00196044
1307,0.00195727
1308,0.00195569
1309,0.00195252
1310,0.00194935
1311,0.00194619
1312,0.00194461
1313,0.00194303
1314,0.00194145
1315,0.00193987
1316,0.0019383
1317,0.00193515
1318,0.00193357
1319,0.00193043
1320,0.00192885
1321,0.00192728
1322,0.00192415
1323,0.00192258
1324,0.00191945
1325,0.00191788
1326,0.00191476
1327,0.00191319
1328,0.00191007
1329,0.00190852
1330,0.0019054
1331,0.00190385
1332,0.00190074
1333,0.00189919
1334,0.00189764
1335,0.00189454
1336,0.001893
1337,0.00188991
1338,0.00188837
1339,0.00188528
1340,0.00188374
1341,0.00188067
1342,0.00187913
1343,0.0018776
1344,0.00187453
1345,0.001873
1346,0.00186994
1347,0.00186842
1348,0.00186537
1349,0.00186385
1350,0.00186081
1351,0.00185929
1352,0.00185625
1353,0.00185474
1354,0.00185323
1355,0.0018502
1356,0.00184869
1357,0.00184719
1358,0.00184417
1359,0.00184267
1360,0.00183967
1361,0.00183817
1362,0.00183517
1363,0.00183367
1364,0.00183069
1365,0.00182919
1366,0.0018277
1367,0.00182473
1368,0.00182324
1369,0.00182027
1370,0.00181879
1371,0.00181583
1372,0.00181435
1373,0.00181288
1374,0.00180993
1375,0.00180845
1376,0.00180551
1377,0.00180404
1378,0.00180111
1379,0.00179964
1380,0.00179672
1381,0.00179526
1382,0.0017938
1383,0.00179088
1384,0.00178943
1385,0.00178652
1386,0.00178507
1387,0.00178362
1388,0.00178072
1389,0.00177783
1390,0.00177639
1391,0.0017735
1392,0.00177206
1393,0.00176918
1394,0.00176775
1395,0.00176631
1396,0.00176345
1397,0.00176202
1398,0.00176059
1399,0.00175773
1400,0.00175488
1401,0.00175346
1402,0.00175062
1403,0.0017492
1404,0.00174778
1405,0.00174495
1406,0.00174353
1407,0.00174212
1408,0.0017393
1409,0.00173789
1410,0.00173508
1411,0.00173367
1412,0.00173086
1413,0.00172946
1414,0.00172666
1415,0.00172526
1416,0.00172247
1417,0.00172108
1418,0.00171969
1419,0.0017169
1420,0.00171551
1421,0.00171274
1422,0.00171135
1423,0.00170859
1424,0.00170582
1425,0.00170444
1426,0.00170306
1427,0.00170168
1428,0.00169893
1429,0.00169756
1430,0.00169482
1431,0.00169345
1432,0.00169071
1433,0.00168934
1434,0.00168661
1435,0.00168389
1436,0.00168253
1437,0.00168117
1438,0.00167845
1439,0.0016771
1440,0.00167574
1441,0.00167304
1442,0.00167169
1443,0.00166899
1444,0.00166764
1445,0.00166495
1446,0.0016636
1447,0.00166092
1448,0.00165958
1449,0.0016569
1450,0.00165557
1451,0.0016529
1452,0.00165156
1453,0.00165023
1454,0.00164757
1455,0.00164624
1456,0.00164491
1457,0.00164226
1458,0.00163961
1459,0.00163697
1460,0.00163565
1461,0.00163301
1462,0.00163169
1463,0.00163038
1464,0.00162775
1465,0.00162644
1466,0.00162382
1467,0.00162251
1468,0.0016212
1469,0.00161859
1470,0.00161729
1471,0.00161598
1472,0.00161468
1473,0.00161208
1474,0.00161078
1475,0.00160948
1476,0.00160689
1477,0.0016056
1478,0.00160301
1479,0.00160043
1480,0.00159786
1481,0.00159657
1482,0.001594
1483,0.00159143
1484,0.00159015
1485,0.00158759
1486,0.00158631
1487,0.00158503
1488,0.00158248
1489,0.00158121
1490,0.00157866
1491,0.00157739
1492,0.00157486
1493,0.00157359
1494,0.00157106
1495,0.00156979
1496,0.00156853
1497,0.00156601
1498,0.00156475
1499,0.00156349
1500,0.00155972
1501,0.00155847
1502,0.00155596
1503,0.00155471
1504,0.00155346
1505,0.00155096
1506,0.00154971
1507,0.00154722
1508,0.00154598
1509,0.00154473
1510,0.00154225
1511,0.00154101
1512,0.00153977
1513,0.0015373
1514,0.00153606
1515,0.00153359
1516,0.00153236
1517,0.0015299
1518,0.00152867
1519,0.00152622
1520,0.00152499
1521,0.00152254
1522,0.00152132
1523,0.00151888
1524,0.00151766
1525,0.00151644
1526,0.001514
1527,0.00151279
1528,0.00151036
1529,0.00150915
1530,0.00150794
1531,0.00150552
1532,0.00150432
1533,0.00150311
1534,0.0015007
1535,0.0014995
1536,0.0014971
1537,0.0014959
1538,0.00149351
1539,0.00149231
1540,0.00148992
1541,0.00148873
1542,0.00148635
1543,0.00148397
1544,0.00148278
1545,0.0014816
1546,0.00147923
1547,0.00147805
1548,0.00147687
1549,0.00147451
1550,0.00147333
1551,0.00147215
1552,0.0014698
1553,0.00146863
1554,0.00146746
1555,0.00146512
1556,0.00146395
1557,0.00146161
1558,0.00146045
1559,0.00145928
1560,0.00145696
1561,0.0014558
1562,0.00145348
1563,0.00145116
1564,0.00145001
1565,0.00144885
1566,0.0014477
1567,0.00144655
1568,0.00144425
1569,0.00144195
1570,0.0014408
1571,0.00143851
1572,0.00143737
1573,0.00143623
1574,0.00143394
1575,0.00143167
1576,0.00142939
1577,0.00142826
1578,0.00142712
1579,0.00142486
1580,0.00142373
1581,0.0014226
1582,0.00142034
1583,0.00141922
1584,0.00141809
1585,0.00141584
1586,0.00141472
1587,0.00141248
1588,0.00141024
1589,0.00140913
1590,0.00140801
1591,0.00140578
1592,0.00140467
1593,0.00140245
1594,0.00140134
1595,0.00140023
1596,0.00139802
1597,0.00139691
1598,0.00139471
1599,0.0013936
1600,0.0013914
1601,0.0013903
1602,0.00138811
1603,0.00138701
1604,0.00138483
1605,0.00138373
1606,0.00138264
1607,0.00138155
1608,0.00137938
1609,0.00137829
1610,0.00137612
1611,0.00137503
1612,0.00137287
1613,0.00137179
1614,0.00136963
1615,0.00136855
1616,0.0013664
1617,0.00136532
1618,0.00136425
1619,0.00136211
1620,0.00136104
1621,0.00135997
1622,0.00135783
1623,0.0013557
1624,0.00135463
1625,0.00135251
1626,0.00135145
1627,0.00134933
1628,0.00134827
1629,0.00134721
1630,0.0013451
1631,0.00134405
1632,0.00134299
1633,0.00134089
1634,0.00133984
1635,0.00133774
1636,0.0013367
1637,0.00133565
1638,0.00133356
1639,0.00133252
1640,0.00133044
1641,0.0013294
1642,0.00132732
1643,0.00132628
1644,0.00132421
1645,0.00132318
1646,0.00132111
1647,0.00132008
1648,0.00131905
1649,0.00131699
1650,0.00131597
1651,0.00131392
1652,0.00131187
1653,0.00131085
1654,0.00130982
1655,0.0013088
1656,0.00130677
1657,0.00130473
1658,0.00130372
1659,0.0013027
1660,0.00130068
1661,0.00129967
1662,0.00129866
1663,0.00129664
1664,0.00129563
1665,0.00129362
1666,0.00129161
1667,0.00129061
1668,0.00128961
1669,0.00128761
1670,0.00128661
1671,0.00128461
1672,0.00128362
1673,0.00128262
1674,0.00131775
1675,0.00133045
1676,0.00133974
1677,0.00134866
1678,0.0013497
1679,0.00134949
1680,0.00134755
1681,0.00134616
1682,0.00134308
1683,0.00134149
1684,0.0013399
1685,0.00133671
1686,0.00133513
1687,0.00133355
1688,0.00133197
1689,0.00132885
1690,0.0013273
1691,0.00132575
1692,0.0013227
1693,0.00132118
1694,0.00131819
1695,0.00131671
1696,0.00131378
1697,0.00131233
1698,0.0013109
1699,0.00130948
1700,0.00130666
1701,0.00130527
1702,0.00130389
1703,0.00130117
1704,0.00129849
1705,0.00129716
1706,0.00129585
1707,0.00129454
1708,0.00129196
1709,0.00129069
1710,0.00128942
1711,0.00128691
1712,0.00128567
1713,0.00128444
1714,0.001282
1715,0.00128079
1716,0.00127959
1717,0.00127721
1718,0.00127603
1719,0.00127486
1720,0.00127254
1721,0.00127138
1722,0.0012691
1723,0.00126796
1724,0.00126683
1725,0.00126571
1726,0.00126347
1727,0.00126126
1728,0.00126016
1729,0.00125688
1730,0.0012558
1731,0.00125472
1732,0.00125364
1733,0.00125151
1734,0.00125044
1735,0.00124938
1736,0.00124833
1737,0.00124622
1738,0.00124517
1739,0.00124308
1740,0.00124204
1741,0.001241
1742,0.00123893
1743,0.0012379
1744,0.00123584
1745,0.00123482
1746,0.00123277
1747,0.00123175
1748,0.00122972
1749,0.00122871
1750,0.00122669
1751,0.00122568
1752,0.00122467
1753,0.00122266
1754,0.00122166
1755,0.00121966
1756,0.00121867
1757,0.00121767
1758,0.00121568
1759,0.00121469
1760,0.00121271
1761,0.00121173
1762,0.00120975
1763,0.00120877
1764,0.00120681
1765,0.00120583
1766,0.00120485
1767,0.00120289
1768,0.00120192
1769,0.00120094
1770,0.001199
1771,0.00119803
1772,0.00119609
1773,0.00119512
1774,0.00119319
1775,0.00119222
1776,0.0011903
1777,0.00118934
1778,0.00118838
1779,0.00118646
1780,0.0011855
1781,0.00118359
1782,0.00118264
1783,0.00118073
1784,0.00117978
1785,0.00117788
1786,0.00117694
1787,0.00117599
1788,0.0011741
1789,0.00117316
1790,0.00117127
1791,0.00117033
1792,0.00116939
1793,0.00116752
1794,0.00116565
1795,0.00116471
1796,0.00116285
1797,0.00116191
1798,0.00116006
1799,0.00115913
1800,0.0011582
1801,0.00115635
1802,0.00115542
1803,0.0011545
1804,0.00115266
1805,0.00115174
1806,0.0011499
1807,0.00114807
1808,0.00114715
1809,0.00114533
1810,0.00114441
1811,0.00114259
1812,0.00114168
1813,0.00113987
1814,0.00113896
1815,0.00113716
1816,0.00113625
1817,0.00113445
1818,0.00113355
1819,0.00113265
1820,0.00113086
1821,0.00112907
1822,0.00112817
1823,0.00112639
1824,0.0011255
1825,0.00112461
1826,0.00112372
1827,0.00112195
1828,0.00112106
1829,0.00111929
1830,0.00111841
1831,0.00111665
1832,0.00111577
1833,0.00111401
1834,0.00111314
1835,0.00111139
1836,0.00111051
1837,0.00110964
1838,0.0011079
1839,0.00110703
1840,0.00110529
1841,0.00110443
1842,0.0011027
1843,0.00110183
1844,0.00110011
1845,0.00109925
1846,0.00109753
1847,0.00109667
1848,0.00109581
1849,0.0010941
1850,0.00109325
1851,0.0010924
1852,0.0010907
1853,0.00108985
1854,0.00108815
1855,0.0010873
1856,0.00108561
1857,0.00108477
1858,0.00108309
1859,0.00108224
1860,0.00108057
1861,0.00107889
1862,0.00107722
1863,0.00107639
1864,0.00107555
1865,0.00107389
1866,0.00107306
1867,0.0010714
1868,0.00107057
1869,0.00106892
1870,0.0010681
1871,0.00106645
1872,0.00106563
1873,0.00106481
1874,0.00106317
1875,0.00106154
1876,0.00105991
1877,0.00105909
1878,0.00105747
1879,0.00105666
1880,0.00105504
1881,0.00105342
1882,0.00105262
1883,0.00105181
1884,0.0010502
1885,0.0010494
1886,0.0010486
1887,0.001047
1888,0.0010462
1889,0.0010454
1890,0.00104461
1891,0.00104302
1892,0.00104222
1893,0.00104064
1894,0.00103985
1895,0.00103906
1896,0.00103748
1897,0.00103669
1898,0.0010359
1899,0.00103433
1900,0.00103355
1901,0.00103199
1902,0.0010312
1903,0.00102965
1904,0.00102887
1905,0.00102731
1906,0.00102654
1907,0.00102577
1908,0.00102422
1909,0.00102345
1910,0.00102191
1911,0.00102114
1912,0.00102037
1913,0.00101884
1914,0.00101807
1915,0.00101654
1916,0.00101502
1917,0.00101426
1918,0.0010135
1919,0.00101198
1920,0.00101122
1921,0.00100971
1922,0.00100896
1923,0.0010082
1924,0.0010067
1925,0.00100595
1926,0.0010052
1927,0.0010037
1928,0.00100295
1929,0.00100146
1930,0.00100072
1931,0.00099923
1932,0.000998488
1933,0.000997006
1934,0.000996267
1935,0.00099479
1936,0.000994054
1937,0.000993318
1938,0.000991849
1939,0.000991116
1940,0.000990384
1941,0.000988922
1942,0.000988193
1943,0.000986736
1944,0.000985283
1945,0.000984558
1946,0.00098311
1947,0.000982388
1948,0.000981666
1949,0.000980226
1950,0.000979507
1951,0.000978789
1952,0.000977355
1953,0.00097664
1954,0.000975212
1955,0.000974499
1956,0.000973787
1957,0.000972365
1958,0.000971656
1959,0.000970947
1960,0.000969533
1961,0.000968827
1962,0.000967418
1963,0.000966714
1964,0.00096531
1965,0.000964609
1966,0.00096321
1967,0.000962512
1968,0.000961118
1969,0.000960422
1970,0.000959727
1971,0.00095834
1972,0.000957648
1973,0.000956956
1974,0.000955576
1975,0.000954199
1976,0.000953512
1977,0.000952139
1978,0.000951454
1979,0.000950087
1980,0.000949405
1981,0.000948724
1982,0.000947365
1983,0.000946686
1984,0.000945331
1985,0.000944655
1986,0.000943979
1987,0.000942631
1988,0.000941958
1989,0.000940615
1990,0.000939945
1991,0.000938606
1992,0.000937939
1993,0.000936605
1994,0.00093594
1995,0.000935275
1996,0.000933948
1997,0.000933286
1998,0.000931964
1999,0.000931305
2000,0.000929988
2001,0.00092933
2002,0.000928674
2003,0.000928019
2004,0.00092671
2005,0.000926058
2006,0.000924754
2007,0.000924103
2008,0.000922804
2009,0.000922156
2010,0.000921508
2011,0.000920862
2012,0.000920216
2013,0.000918927
2014,0.000918284
2015,0.000917641
2016,0.000916359
2017,0.000915719
2018,0.000915079
2019,0.000913803
2020,0.000913166
2021,0.000912531
2022,0.000911261
2023,0.000910628
2024,0.000909363
2025,0.000908732
2026,0.000907471
2027,0.000906842
2028,0.000906214
2029,0.00090496
2030,0.000904334
2031,0.000903085
2032,0.000902461
2033,0.000901217
2034,0.000900595
2035,0.000899975
2036,0.000898737
2037,0.000897502
2038,0.000896885
2039,0.000895655
2040,0.000895041
2041,0.000894428
2042,0.00089978
2043,0.000901574
2044,0.000903441
2045,0.000903569
2046,0.000902941
2047,0.000902363
2048,0.000901695
2049,0.000900255
2050,0.000899506
2051,0.00089798
2052,0.000897212
2053,0.000895668
2054,0.000894897
2055,0.000893357
2056,0.000892589
2057,0.00089106
2058,0.0008903
2059,0.000889542
2060,0.000888038
2061,0.000887291
2062,0.000885808
2063,0.000885072
2064,0.000883612
2065,0.000882887
2066,0.00088145
2067,0.000880738
2068,0.000880029
2069,0.000878624
2070,0.000877927
2071,0.000876544
2072,0.000875859
2073,0.000874499
2074,0.000873824
2075,0.000872485
2076,0.000871821
2077,0.000871161
2078,0.000869849
2079,0.000869198
2080,0.000867905
2081,0.000867263
2082,0.000865987
2083,0.000865353
2084,0.000864722
2085,0.000863468
2086,0.000862845
2087,0.000861606
2088,0.000860991
2089,0.000860377
2090,0.000859157
2091,0.00085855
2092,0.000857342
2093,0.000856741
2094,0.000855545
2095,0.00085495
2096,0.000853765
2097,0.000853175
2098,0.000851999
2099,0.000851414
2100,0.000850248
2101,0.000849668
2102,0.00084851
2103,0.000847934
2104,0.000847359
2105,0.000846213
2106,0.000845642
2107,0.000845072
2108,0.000843936
2109,0.00084337
2110,0.000842241
2111,0.000841678
2112,0.000840555
2113,0.000839996
2114,0.000838879
2115,0.000838322
2116,0.000837766
2117,0.000836658
2118,0.000836105
2119,0.000835002
2120,0.000834452
2121,0.000833355
2122,0.000832261
2123,0.000831714
2124,0.000831169
2125,0.000830081
2126,0.000829539
2127,0.000828997
2128,0.000827917
2129,0.000827378
2130,0.000826302
2131,0.000825765
2132,0.00086928
2133,0.000955721
2134,0.00104838
2135,0.00102558
2136,0.000947656
2137,0.000919805
2138,0.000920097
2139,0.000957901
2140,0.000966623
2141,0.000950254
2142,0.000920742
2143,0.000909089
2144,0.000899572
2145,0.000884795
2146,0.000878935
2147,0.000868774
2148,0.000864206
2149,0.000855716
2150,0.000851735
2151,0.000844243
2152,0.000840716
2153,0.000834086
2154,0.000830971
2155,0.000825121
2156,0.000822375
2157,0.000819745
2158,0.000814795
2159,0.000812471
2160,0.000808107
2161,0.000806058
2162,0.000804093
2163,0.000800391
2164,0.00079865
2165,0.000795371
2166,0.000793826
2167,0.000790913
2168,0.000789538
2169,0.000786937
2170,0.000785704
2171,0.000783369
2172,0.000782264
2173,0.000780161
2174,0.000778187
2175,0.000776333
2176,0.000775447
2177,0.000774585
2178,0.000772924
2179,0.000772124
2180,0.000771344
2181,0.000769834
2182,0.000769103
2183,0.000767685
2184,0.000766997
2185,0.000765654
2186,0.000764354
2187,0.000763717
2188,0.00076247
2189,0.000761858
2190,0.000761253
2191,0.00076006
2192,0.000759471
2193,0.000758887
2194,0.000757732
2195,0.00075716
2196,0.000756026
2197,0.000754904
2198,0.00075379
2199,0.000753236
2200,0.000752684
2201,0.000751584
2202,0.000751036
2203,0.000750489
2204,0.000749398
2205,0.000748854
2206,0.00074831
2207,0.000747224
2208,0.00074614
2209,0.000745598
2210,0.000744515
2211,0.000743973
2212,0.000742891
2213,0.00074235
2214,0.000741267
2215,0.000740726
2216,0.000740185
2217,0.000739102
2218,0.000738561
2219,0.00073802
2220,0.000736938
2221,0.000736396
2222,0.000735314
2223,0.000734773
2224,0.00073369
2225,0.000733149
2226,0.000732068
2227,0.000731527
2228,0.000730446
2229,0.000729906
2230,0.000728826
2231,0.000728287
2232,0.000727748
2233,0.00072667
2234,0.000726133
2235,0.000725057
2236,0.00072452
2237,0.000723448
2238,0.000722912
2239,0.000722377
2240,0.000722113
2241,0.000723392
2242,0.000729017
2243,0.000733022
2244,0.000741834
2245,0.000746284
2246,0.000750589
2247,0.000758521
2248,0.000762142
2249,0.000768761
2250,0.000771782
2251,0.00077731
2252,0.000779837
2253,0.000784456
2254,0.000786564
2255,0.000790402
2256,0.000792146
2257,0.000793775
2258,0.00079673
2259,0.000798063
2260,0.0007993
2261,0.000803611
2262,0.000810294
2263,0.000812644
2264,0.000815825
2265,0.00081688
2266,0.000817721
2267,0.000819044
2268,0.000819566
2269,0.000820016
2270,0.000820408
2271,0.000821036
2272,0.000821276
2273,0.000821468
2274,0.000821612
2275,0.000821775
2276,0.000821796
2277,0.000821726
2278,0.00082164
2279,0.000821372
2280,0.000821194
2281,0.000820759
2282,0.000820504
2283,0.000819928
2284,0.000819609
2285,0.00081927
2286,0.000818543
2287,0.000818155
2288,0.000817336
2289,0.000816906
2290,0.000816464
2291,0.000815549
2292,0.000815076
2293,0.000814105
2294,0.000813607
2295,0.000812591
2296,0.000812073
2297,0.000811022
2298,0.00081049
2299,0.000809414
2300,0.00080887
2301,0.000808324
2302,0.000807224
2303,0.000806672
2304,0.000805561
2305,0.000805004
2306,0.000803886
2307,0.000803327
2308,0.000802207
2309,0.000801647
2310,0.000800527
2311,0.000799968
2312,0.000799409
2313,0.000798293
2314,0.000797737
2315,0.000796627
2316,0.000796073
2317,0.000794969
2318,0.000794419
2319,0.000793323
2320,0.000792777
2321,0.000791689
2322,0.000791147
2323,0.000790068
2324,0.00078953
2325,0.000788994
2326,0.000787927
2327,0.000787396
2328,0.000786866
2329,0.000785812
2330,0.000784763
2331,0.000784242
2332,0.000783088
2333,0.000782371
2334,0.000781124
2335,0.00078058
2336,0.0007796
2337,0.000779142
2338,0.000778696
2339,0.000777816
2340,0.000777379
2341,0.000776507
2342,0.000776072
2343,0.000775286
2344,0.000775
2345,0.000774314
2346,0.000773918
2347,0.000773058
2348,0.000772606
2349,0.000772147
2350,0.000771219
2351,0.000770752
2352,0.000769817
2353,0.000769349
2354,0.000768881
2355,0.000767944
2356,0.000767477
2357,0.000766541
2358,0.000766074
2359,0.000765141
2360,0.000764675
2361,0.000763744
2362,0.000763279
2363,0.000762351
2364,0.000761889
2365,0.000760965
2366,0.000760504
2367,0.000759584
2368,0.000759125
2369,0.00075821
2370,0.000757753
2371,0.000757298
2372,0.000756389
2373,0.000755936
2374,0.000755483
2375,0.000754581
2376,0.000753682
2377,0.000753234
2378,0.00075234
2379,0.000751894
2380,0.000751005
2381,0.000750562
2382,0.000750119
2383,0.000749678
2384,0.000748798
2385,0.000748359
2386,0.000747484
2387,0.000747048
2388,0.000746178
2389,0.000745745
2390,0.00074488
2391,0.000744449
2392,0.00074359
2393,0.000743161
2394,0.000742307
2395,0.000741881
2396,0.000741032
2397,0.000740608
2398,0.000740186
2399,0.000739344
2400,0.000738924
2401,0.000738086
2402,0.000737669
2403,0.000736837
2404,0.000736422
2405,0.000735594
2406,0.000735182
2407,0.000734359
2408,0.000733949
2409,0.000733132
2410,0.000732724
2411,0.000732317
2412,0.000731506
2413,0.000731102
2414,0.000730699
2415,0.000729894
2416,0.000729494
2417,0.000728694
2418,0.000728295
2419,0.0007275
2420,0.000727104
2421,0.000726314
2422,0.00072592
2423,0.000725134
2424,0.000724742
2425,0.000723961
2426,0.000723572
2427,0.000722796
2428,0.000722409
2429,0.000722023
2430,0.000721253
2431,0.000720869
2432,0.000720104
2433,0.000719722
2434,0.000718961
2435,0.000718582
2436,0.000717826
2437,0.000717449
2438,0.000716697
2439,0.000716323
2440,0.000715575
2441,0.000715203
2442,0.00071446
2443,0.00071409
2444,0.000713721
2445,0.000712984
2446,0.000712617
2447,0.000712251
2448,0.000711521
2449,0.000711157
2450,0.000710431
2451,0.000709708
2452,0.000709347
2453,0.000708629
2454,0.00070827
2455,0.000707913
2456,0.000707556
2457,0.000706845
2458,0.000706491
2459,0.000705784
2460,0.000705432
2461,0.000704729
2462,0.000704379
2463,0.000703681
2464,0.000703333
2465,0.000702986
2466,0.000702294
2467,0.000701949
2468,0.000701261
2469,0.000700918
2470,0.000700235
2471,0.000699894
2472,0.000699216
2473,0.000698877
2474,0.00069854
2475,0.000697867
2476,0.000697531
2477,0.000696862
2478,0.000696529
2479,0.000695864
2480,0.000695533
2481,0.000694872
2482,0.000694543
2483,0.000694214
2484,0.00069356
2485,0.000693233
2486,0.000692583
2487,0.000692259
2488,0.000691935
2489,0.00069129
2490,0.000690648
2491,0.000690328
2492,0.000689691
2493,0.000689373
2494,0.00068874
2495,0.000688424
2496,0.000687794
2497,0.00068748
2498,0.000686855
2499,0.000686543
2500,0.000686232
2501,0.000685612
2502,0.000685303
2503,0.000684995
2504,0.000684381
2505,0.000684075
2506,0.000683769
2507,0.000683161
2508,0.000682858
2509,0.000682253
2510,0.000681952
2511,0.000681651
2512,0.000681052
2513,0.000680753
2514,0.000680158
2515,0.000679861
2516,0.00067927
2517,0.000678681
2518,0.000678388
2519,0.000677802
2520,0.00067722
2521,0.00067664
2522,0.000676351
2523,0.000676062
2524,0.000675487
2525,0.000675201
2526,0.000674631
2527,0.000674064
2528,0.000673498
2529,0.000673216
2530,0.000672654
2531,0.000672095
2532,0.000671817
2533,0.000671261
2534,0.000670985
2535,0.00067071
2536,0.000670161
2537,0.000669887
2538,0.000669342
2539,0.000668799
2540,0.000668258
2541,0.000667719
2542,0.000667451
2543,0.000667184
2544,0.000666917
2545,0.000666386
2546,0.000666122
2547,0.000665595
2548,0.000665333
2549,0.000665071
2550,0.000664549
2551,0.000664289
2552,0.00066403
2553,0.000663513
2554,0.000663256
2555,0.000662743
2556,0.000662488
2557,0.000661979
2558,0.000661725
2559,0.00066122
2560,0.000660968
2561,0.000660717
2562,0.000660217
2563,0.000659968
2564,0.000659472
2565,0.000659224
2566,0.000658732
2567,0.000658486
2568,0.000657997
2569,0.000657754
2570,0.000657269
2571,0.000657027
2572,0.000656786
2573,0.000656306
2574,0.000656067
2575,0.000655591
2576,0.000655353
2577,0.000655117
2578,0.000654645
2579,0.00065441
2580,0.000653942
2581,0.00065371
2582,0.000653245
2583,0.000653014
2584,0.000652553
2585,0.000652324
2586,0.000652095
2587,0.00065164
2588,0.000651413
2589,0.000650961
2590,0.000650736
2591,0.000650511
2592,0.000650064
2593,0.000649842
2594,0.000649398
2595,0.000649177
2596,0.000648738
2597,0.000648519
2598,0.000648083
2599,0.000647866
2600,0.000647433
2601,0.000647217
2602,0.000646788
2603,0.000646575
2604,0.000646361
2605,0.000645937
2606,0.000645727
2607,0.000645516
2608,0.000645097
2609,0.00064468
2610,0.000644473
2611,0.000644266
2612,0.000643855
2613,0.000643445
2614,0.000643241
2615,0.000643038
2616,0.000642634
2617,0.000642232
2618,0.000641831
2619,0.000641432
2620,0.000641037
2621,0.00064084
2622,0.000640644
2623,0.000640448
2624,0.000640059
2625,0.000639866
2626,0.000639673
2627,0.000639481
2628,0.000639289
2629,0.000638907
2630,0.000638528
2631,0.00063815
2632,0.000637962
2633,0.000637774
2634,0.0006374
2635,0.000637215
2636,0.00063703
2637,0.000636846
2638,0.00063648
2639,0.000636297
2640,0.000635934
2641,0.000635754
2642,0.000635574
2643,0.000635215
2644,0.000635037
2645,0.000634682
2646,0.000634505
2647,0.000634153
2648,0.000633978
2649,0.000633629
2650,0.000633456
2651,0.00063311
2652,0.000632938
2653,0.000632596
2654,0.000632426
2655,0.000632257
2656,0.00063192
2657,0.000631753
2658,0.000631585
2659,0.000631253
2660,0.000631087
2661,0.000630758
2662,0.00063043
2663,0.000630267
2664,0.000629943
2665,0.000629782
2666,0.000629621
2667,0.00062946
2668,0.000629142
2669,0.000628983
2670,0.000628825
2671,0.000628511
2672,0.000628355
2673,0.000628044
2674,0.000627734
2675,0.00062758
2676,0.000627274
2677,0.000627121
2678,0.000626969
2679,0.000626818
2680,0.000626518
2681,0.000626368
2682,0.00062622
2683,0.000625923
2684,0.000625776
2685,0.000625483
2686,0.000625337
2687,0.000625047
2688,0.000624903
2689,0.000624759
2690,0.000624473
2691,0.000624331
2692,0.000624189
2693,0.000623908
2694,0.000623768
2695,0.000623489
2696,0.00062335
2697,0.000623074
2698,0.000622937
2699,0.000622664
2700,0.000622529
2701,0.000622258
2702,0.000622124
2703,0.00062199
2704,0.000621724
2705,0.000621592
2706,0.000621329
2707,0.000621199
2708,0.000620939
2709,0.000620681
2710,0.000620552
2711,0.000620296
2712,0.000620169
2713,0.000619917
2714,0.000619791
2715,0.000619666
2716,0.000619418
2717,0.000619295
2718,0.000619172
2719,0.000619049
2720,0.000618928
2721,0.000618685
2722,0.000618565
2723,0.000618445
2724,0.000618207
2725,0.000618089
2726,0.00061797
2727,0.000617736
2728,0.000617619
2729,0.000617503
2730,0.000617272
2731,0.000617157
2732,0.000616929
2733,0.000616815
2734,0.00061659
2735,0.00061659
2736,0.000616366
2737,0.000616256
2738,0.000616146
2739,0.000615926
2740,0.000615817
2741,0.000615709
2742,0.0006156
2743,0.000615385
2744,0.000615279
2745,0.000615172
2746,0.00061496
2747,0.000614855
2748,0.000614751
2749,0.000614543
2750,0.00061444
2751,0.000614132
2752,0.000614031
2753,0.000613828
2754,0.000613727
2755,0.000613627
2756,0.000613428
2757,0.000613329
2758,0.000613133
2759,0.000613036
2760,0.000612939
2761,0.000612747
2762,0.000612651
2763,0.000612556
2764,0.000612461
2765,0.000612274
2766,0.00061218
2767,0.000612088
2768,0.000611995
2769,0.000611903
2770,0.00061172
2771,0.000611539
2772,0.00061145
2773,0.00061136
2774,0.000611182
2775,0.000611094
2776,0.000610919
2777,0.000610832
2778,0.000610659
2779,0.000610573
2780,0.000610403
2781,0.000610318
2782,0.00061015
2783,0.000609984
2784,0.000609818
2785,0.000609736
2786,0.000609654
2787,0.000609492
2788,0.000609412
2789,0.000609253
2790,0.000609174
2791,0.000609017
2792,0.000608862
2793,0.000608785
2794,0.000608632
2795,0.000608557
2796,0.000608481
2797,0.000608332
2798,0.000608258
2799,0.000608184
2800,0.000608038
2801,0.000607966
2802,0.000607822
2803,0.000607679
2804,0.000607609
2805,0.000607539
2806,0.000607617
2807,0.000607609
2808,0.000607572
2809,0.000607425
2810,0.000607326
2811,0.000607107
2812,0.000606881
2813,0.000606767
2814,0.000606545
2815,0.000606437
2816,0.000606227
2817,0.000606125
2818,0.000606025
2819,0.000605926
2820,0.000605829
2821,0.000605734
2822,0.000605641
2823,0.000605459
2824,0.000605283
2825,0.000605113
2826,0.000605029
2827,0.000604867
2828,0.000604788
2829,0.00060471
2830,0.000604634
2831,0.000604485
2832,0.000604413
2833,0.000604342
2834,0.000604272
2835,0.000604135
2836,0.000604068
2837,0.000603938
2838,0.000603811
2839,0.000603749
2840,0.000603688
2841,0.000438933
2842,0.000424882
2843,0.000512279
2844,0.000572753
2845,0.000544637
2846,0.000480269
2847,0.000397422
2848,0.000383516
2849,0.000469169
2850,0.000541318
2851,0.00047009
2852,0.000262041
2853,0.000217098
2854,0.000311402
2855,0.000412513
2856,0.000464491
2857,0.000339121
2858,0.000207726
2859,0.00018958
2860,0.000337023
2861,0.000458236
2862,0.000313356
2863,8.66848e-05
2864,5.10472e-05
2865,0.000260112
2866,0.000571882
2867,0.00054169
2868,-0.000150172
2869,-0.000332809
2870,2.50097e-05
2871,0.000430801
2872,0.000500918
2873,0.000178857
2874,-6.99586e-05
2875,0.000347545
2876,0.000883203
2877,0.00100795
2878,0.000355838
2879,0.000203322
2880,0.000566035
2881,0.000701732
2882,0.000233225
2883,-0.000157237
2884,0.000281364
2885,0.000981352
2886,0.00128484
2887,0.000943101
2888,0.000642631
2889,0.00100278
2890,0.00134486
2891,0.00166973
2892,0.00123834
2893,0.000640556
2894,0.000427193
2895,0.000801276
2896,0.00111652
2897,0.000612805
2898,0.00025892
2899,1.39838e-05
2900,0.000389204
2901,0.000702038
2902,0.000345745
2903,2.05928e-05
2904,0.000676109
2905,0.00101528
2906,0.00102553
2907,0.000375485
2908,1.83865e-06
2909,0.000235479
2910,0.000518604
2911,0.000315777
2912,8.2108e-05
2913,0.000287318
2914,0.000952912
2915,0.00076462
2916,0.000218861
2917,-0.000157345
2918,0.000220133
2919,0.000615644
2920,0.000274468
2921,-8.69606e-05
2922,0.000216224
2923,0.000593386
2924,0.000368563
2925,7.60574e-05
2926,0.000489845
2927,0.000749999
2928,0.000555523
2929,0.000292927
2930,-5.1845e-07
2931,0.000202734
2932,0.000692137
2933,0.000865151
2934,0.000452278
2935,0.000119688
2936,0.000595449
2937,0.00152405
2938,0.0014951
2939,0.0011711
2940,0.000922068
2941,0.00125029
2942,0.00154506
2943,0.00125603
2944,0.000958602
2945,0.00127576
2946,0.00215975
2947,0.00222578
2948,0.00198468
2949,0.00168117
2950,0.00210549
2951,0.00236114
2952,0.002385
2953,0.0018908
2954,0.00160433
2955,0.00155432
2956,0.0020256
2957,0.00231896
2958,0.00218766
2959,0.00154756
2960,0.00142826
2961,0.00154738
2962,0.00188159
2963,0.0018977
2964,0.00169692
2965,0.00158588
2966,0.0016139
2967,0.00174262
2968,0.00183637
2969,0.00171145
2970,0.00144156
2971,0.00150043
2972,0.00168878
2973,0.00182173
2974,0.00165264
2975,0.00147969
2976,0.00160232
2977,0.00174099
2978,0.00164094
2979,0.00140848
2980,0.00133885
2981,0.00160256
2982,0.0017615
2983,0.00148441
2984,0.00129219
2985,0.00183507
2986,0.00206655
2987,0.00179572
2988,0.00113714
2989,0.00128329
2990,0.00165049
2991,0.00170063
2992,0.000924459
2993,0.00067454
2994,0.00105604
2995,0.00126972
2996,0.0011735
2997,0.000537076
2998,0.000320305
2999,0.000628968
3000,0.00124101
3001,0.00104958
3002,0.00122081
3003,0.0017096
3004,0.00238434
3005,0.00355536
3006,0.00397083
3007,0.00446349
3008,0.00584954
3009,0.00665956
3010,0.00738997
3011,0.00799726
3012,0.00925573
3013,0.0100286
3014,0.0115005
3015,0.0121751
3016,0.0128217
3017,0.0143787
3018,0.015214
3019,0.0160555
3020,0.0168182
3021,0.0182194
3022,0.0190146
3023,0.0198834
3024,0.021495
3025,0.0229044
3026,0.0236264
3027,0.0252984
3028,0.0271068
3029,0.0271068
3030,0.0285646
3031,0.0299478
3032,0.0307716
3033,0.0325606
3034,0.0334401
3035,0.0350482
3036,0.0365457
3037,0.0381855
3038,0.0399872
3039,0.0408216
3040,0.0423705
3041,0.0431192
3042,0.0439271
3043,0.0457397
3044,0.0475833
3045,0.0484367
3046,0.0492511
3047,0.0500564
3048,0.0517597
3049,0.0526636
3050,0.0535495
3051,0.0552084
3052,0.0559984
3053,0.0576789
3054,0.0595093
3055,0.0612794
3056,0.0621128
3057,0.0637671
3058,0.0654945
3059,0.0672547
3060,0.0689567
3061,0.0697961
3062,0.0714845
3063,0.0723488
3064,0.0732208
3065,0.0740856
3066,0.0757803
3067,0.0774677
3068,0.0783281
3069,0.0791984
3070,0.0800666
3071,0.0817727
3072,0.0826137
3073,0.0834633
3074,0.0852058
3075,0.0860909
3076,0.0878163
3077,0.0886516
3078,0.0903483
3079,0.0912251
3080,0.0921032
3081,0.0938049
3082,0.0946328
3083,0.0963314
3084,0.097216
3085,0.0989628
3086,0.0998127
3087,0.101493
3088,0.10234
3089,0.103196
3090,0.104907
3091,0.105754
3092,0.107447
3093,0.108301
3094,0.109158
3095,0.110854
3096,0.111691
3097,0.112529
3098,0.113379
3099,0.1151
3100,0.116812
3101,0.117652
3102,0.118483
3103,0.120162
3104,0.12102
3105,0.121879
3106,0.122725
3107,0.12439
3108,0.125218
3109,0.126056
3110,0.127763
3111,0.128622
3112,0.13031
3113,0.131138
3114,0.132815
3115,0.133671
3116,0.135369
3117,0.137032
3118,0.137861
3119,0.139549
3120,0.140406
3121,0.142101
3122,0.142932
3123,0.144603
3124,0.145451
3125,0.147146
3126,0.147983
3127,0.149648
3128,0.150484
3129,0.151321
3130,0.152158
3131,0.153795
3132,0.154591
3133,0.155381
3134,0.156186
3135,0.157009
3136,0.158653
3137,0.159458
3138,0.161039
3139,0.162627
3140,0.163434
3141,0.164248
3142,0.16587
3143,0.166674
3144,0.167474
3145,0.168281
3146,0.1691
3147,0.170756
3148,0.171587
3149,0.173237
3150,0.174877
3151,0.176525
3152,0.178199
3153,0.179043
3154,0.180729
3155,0.181568
3156,0.183248
3157,0.184093
3158,0.185797
3159,0.186657
3160,0.18837
3161,0.189221
3162,0.190072
3163,0.19093
3164,0.191796
3165,0.193533
3166,0.194399
3167,0.196133
3168,0.197005
3169,0.19788
3170,0.19963
3171,0.200503
3172,0.202255
3173,0.203135
3174,0.204896
3175,0.205774
3176,0.207527
3177,0.208402
3178,0.209276
3179,0.211006
3180,0.211856
3181,0.212696
3182,0.214357
3183,0.215979
3184,0.216771
3185,0.217549
3186,0.218311
3187,0.219792
3188,0.220515
3189,0.221226
3190,0.222617
3191,0.223299
3192,0.224652
3193,0.225328
3194,0.22667
3195,0.227333
3196,0.228638
3197,0.229279
3198,0.229911
3199,0.231141
3200,0.231737
3201,0.232324
3202,0.232903
3203,0.234042
3204,0.234602
3205,0.235157
3206,0.236244
3207,0.237302
3208,0.237821
3209,0.238828
3210,0.239315
3211,0.239791
3212,0.240714
3213,0.24116
3214,0.242027
3215,0.242448
3216,0.243267
3217,0.243663
3218,0.24405
3219,0.244425
3220,0.244785
3221,0.245461
3222,0.245775
3223,0.246358
3224,0.246624
3225,0.246874
3226,0.247334
3227,0.247548
3228,0.247949
3229,0.248138
3230,0.24849
3231,0.248652
3232,0.248805
3233,0.248945
3234,0.249181
3235,0.249279
3236,0.249365
3237,0.249507
3238,0.249564
3239,0.249613
3240,0.249647
3241,0.249656
3242,0.249631
3243,0.24952
3244,0.24943
3245,0.249184
3246,0.249024
3247,0.248838
3248,0.248405
3249,0.248157
3250,0.247592
3251,0.247271
3252,0.24657
3253,0.246189
3254,0.245365
3255,0.244923
3256,0.244463
3257,0.243522
3258,0.243045
3259,0.242067
3260,0.241563
3261,0.240537
3262,0.240019
3263,0.238964
3264,0.238423
3265,0.237876
3266,0.236779
3267,0.236231
3268,0.235123
3269,0.234558
3270,0.233423
3271,0.232856
3272,0.231715
3273,0.231135
3274,0.230552
3275,0.229387
3276,0.228808
3277,0.227633
3278,0.227034
3279,0.226432
3280,0.225238
3281,0.224647
3282,0.223451
3283,0.22284
3284,0.221612
3285,0.221002
3286,0.219782
3287,0.219168
3288,0.217931
3289,0.21731
3290,0.216068
3291,0.215444
3292,0.21419
3293,0.213562
3294,0.212302
3295,0.21167
3296,0.210402
3297,0.209766
3298,0.208493
3299,0.207855
3300,0.206575
3301,0.205932
3302,0.205288
3303,0.203999
3304,0.203353
3305,0.202057
3306,0.201405
3307,0.2001
3308,0.199448
3309,0.19814
3310,0.197483
3311,0.196166
3312,0.19485
3313,0.193532
3314,0.192871
3315,0.192208
3316,0.191545
3317,0.190219
3318,0.189556
3319,0.188227
3320,0.18756
3321,0.186894
3322,0.185562
3323,0.184896
3324,0.18423
3325,0.183564
3326,0.182231
3327,0.181566
3328,0.180239
3329,0.179577
3330,0.178255
3331,0.177594
3332,0.176277
3333,0.175621
3334,0.174315
3335,0.173665
3336,0.173017
3337,0.171732
3338,0.171095
3339,0.170461
3340,0.1692
3341,0.168572
3342,0.167331
3343,0.166717
3344,0.166107
3345,0.164891
3346,0.163686
3347,0.16309
3348,0.161911
3349,0.161326
3350,0.160745
3351,0.159594
3352,0.159026
3353,0.157904
3354,0.157351
3355,0.156259
3356,0.155722
3357,0.154665
3358,0.154146
3359,0.153633
3360,0.152626
3361,0.152133
3362,0.151165
3363,0.150692
3364,0.149765
3365,0.149312
3366,0.148866
3367,0.147995
3368,0.147145
3369,0.146313
3370,0.145903
3371,0.145103
3372,0.144329
3373,0.14395
3374,0.143214
3375,0.14286
3376,0.142512
3377,0.141846
3378,0.141527
3379,0.141216
3380,0.140625
3381,0.140076
3382,0.139818
3383,0.139572
3384,0.139113
3385,0.138901
3386,0.138507
3387,0.138157
3388,0.137997
3389,0.137848
3390,0.137581
3391,0.137463
3392,0.137255
3393,0.137165
3394,0.137013
3395,0.136951
3396,0.136897
3397,0.136839
3398,0.136837
3399,0.136889
3400,0.136952
3401,0.137133
3402,0.137253
3403,0.137393
3404,0.137729
3405,0.13814
3406,0.13836
3407,0.138587
3408,0.139054
3409,0.139294
3410,0.139789
3411,0.140042
3412,0.1403
3413,0.14084
3414,0.141421
3415,0.141722
3416,0.142028
3417,0.142665
3418,0.142999
3419,0.143684
3420,0.144031
3421,0.144738
3422,0.1451
3423,0.145851
3424,0.146238
3425,0.146629
3426,0.147414
3427,0.14781
3428,0.148626
3429,0.149047
3430,0.149895
3431,0.150321
3432,0.151185
3433,0.151627
3434,0.152074
3435,0.152969
3436,0.153418
3437,0.154325
3438,0.154787
3439,0.155723
3440,0.156195
3441,0.157145
3442,0.157626
3443,0.15811
3444,0.158597
3445,0.159576
3446,0.160068
3447,0.161062
3448,0.161566
3449,0.162578
3450,0.163086
3451,0.164109
3452,0.164627
3453,0.16515
3454,0.166194
3455,0.166715
3456,0.167765
3457,0.168298
3458,0.169365
3459,0.17043
3460,0.1715
3461,0.172583
3462,0.173126
3463,0.173668
3464,0.174756
3465,0.175302
3466,0.175852
3467,0.176954
3468,0.177507
3469,0.178616
3470,0.179174
3471,0.180293
3472,0.180853
3473,0.181976
3474,0.182539
3475,0.183104
3476,0.184235
3477,0.184799
3478,0.185931
3479,0.1865
3480,0.187069
3481,0.188204
3482,0.189337
3483,0.190474
3484,0.191615
3485,0.192186
3486,0.192756
3487,0.193892
3488,0.194458
3489,0.195026
3490,0.195594
3491,0.196162
3492,0.197295
3493,0.19786
3494,0.19899
3495,0.199555
3496,0.20012
3497,0.200684
3498,0.201809
3499,0.202372
3500,0.202935
3501,0.204061
3502,0.204623
3503,0.205746
3504,0.206308
3505,0.206869
3506,0.207988
3507,0.208545
3508,0.209656
3509,0.21021
3510,0.211315
3511,0.211865
3512,0.212962
3513,0.213509
3514,0.2146
3515,0.215143
3516,0.216228
3517,0.21677
3518,0.217312
3519,0.218396
3520,0.218939
3521,0.220025
3522,0.220567
3523,0.221651
3524,0.222193
3525,0.222736
3526,0.223822
3527,0.224366
3528,0.225453
3529,0.225997
3530,0.227087
3531,0.228178
3532,0.228725
3533,0.229819
3534,0.230366
3535,0.231462
3536,0.232011
3537,0.232562
3538,0.233663
3539,0.234216
3540,0.235321
3541,0.235876
3542,0.236986
3543,0.237543
3544,0.238658
3545,0.239216
3546,0.240336
3547,0.240898
3548,0.242023
3549,0.242587
3550,0.243152
3551,0.244285
3552,0.244853
3553,0.245992
3554,0.246563
3555,0.247708
3556,0.248858
3557,0.250011
3558,0.25117
3559,0.251752
3560,0.252924
3561,0.254102
3562,0.254691
3563,0.25587
3564,0.257055
3565,0.257652
3566,0.258252
3567,0.258853
3568,0.259457
3569,0.260673
3570,0.2619
3571,0.262517
3572,0.263761
3573,0.26502
3574,0.26629
3575,0.267572
3576,0.268217
3577,0.269516
3578,0.270171
3579,0.271491
3580,0.272823
3581,0.274169
3582,0.274848
3583,0.276221
3584,0.277616
3585,0.278321
3586,0.279743
3587,0.280461
3588,0.281907
3589,0.282637
3590,0.284107
3591,0.284848
3592,0.28634
3593,0.287092
3594,0.288605
3595,0.289366
3596,0.290894
3597,0.291659
3598,0.293189
3599,0.293953
3600,0.295482
3601,0.296246
3602,0.297772
3603,0.298533
3604,0.300051
3605,0.300809
3606,0.302317
3607,0.303068
3608,0.304563
3609,0.305305
3610,0.306045
3611,0.307517
3612,0.308248
3613,0.309706
3614,0.310436
3615,0.311902
3616,0.312639
3617,0.313375
3618,0.314836
3619,0.315558
3620,0.316979
3621,0.31768
3622,0.319068
3623,0.319755
3624,0.321116
3625,0.321787
3626,0.323101
3627,0.323743
3628,0.324376
3629,0.325612
3630,0.326217
3631,0.326813
3632,0.32797
3633,0.32853
3634,0.329612
3635,0.330134
3636,0.331141
3637,0.331627
3638,0.332553
3639,0.332987
3640,0.333403
3641,0.333794
3642,0.334506
3643,0.334829
3644,0.335134
3645,0.335423
3646,0.33595
3647,0.336185
3648,0.336595
3649,0.336769
3650,0.337062
3651,0.337176
3652,0.337319
3653,0.337344
3654,0.337342
3655,0.33727
3656,0.337106
3657,0.336991
3658,0.336692
3659,0.336318
3660,0.336111
3661,0.335663
3662,0.33542
3663,0.334887
3664,0.334277
3665,0.333946
3666,0.333236
3667,0.332858
3668,0.332465
3669,0.331634
3670,0.331197
3671,0.330288
3672,0.329817
3673,0.329337
3674,0.328356
3675,0.327353
3676,0.326844
3677,0.325803
3678,0.325269
3679,0.324727
3680,0.323633
3681,0.322535
3682,0.321985
3683,0.320867
3684,0.320294
3685,0.319127
3686,0.317944
3687,0.316755
3688,0.316159
3689,0.315562
3690,0.314353
3691,0.31374
3692,0.312502
3693,0.311876
3694,0.310613
3695,0.309977
3696,0.309338
3697,0.308694
3698,0.308043
3699,0.307384
3700,0.306717
3701,0.306041
3702,0.304665
3703,0.303968
3704,0.30256
3705,0.301849
3706,0.30041
3707,0.29968
3708,0.298943
3709,0.298196
3710,0.296673
3711,0.295898
3712,0.295115
3713,0.294326
3714,0.292726
3715,0.291915
3716,0.291098
3717,0.289441
3718,0.287751
3719,0.286894
3720,0.28516
3721,0.284285
3722,0.282526
3723,0.280753
3724,0.279863
3725,0.278969
3726,0.277171
3727,0.27536
3728,0.27445
3729,0.273537
3730,0.272618
3731,0.270769
3732,0.269838
3733,0.268905
3734,0.267968
3735,0.267028
3736,0.265141
3737,0.264195
3738,0.263247
3739,0.261346
3740,0.260394
3741,0.259439
3742,0.257531
3743,0.256575
3744,0.255619
3745,0.254661
3746,0.252745
3747,0.251787
3748,0.25083
3749,0.249875
3750,0.247971
3751,0.247023
3752,0.245135
3753,0.244194
3754,0.242323
3755,0.241393
3756,0.239541
3757,0.238621
3758,0.237703
3759,0.235875
3760,0.234043
3761,0.23312
3762,0.232192
3763,0.230319
3764,0.229376
3765,0.22748
3766,0.226528
3767,0.225575
3768,0.223663
3769,0.222702
3770,0.220776
3771,0.21981
3772,0.218842
3773,0.216899
3774,0.214947
3775,0.213969
3776,0.212011
3777,0.21103
3778,0.209066
3779,0.208083
3780,0.207099
3781,0.206116
3782,0.205133
3783,0.203165
3784,0.202181
3785,0.200215
3786,0.199234
3787,0.198255
3788,0.197278
3789,0.195332
3790,0.193399
3791,0.192437
3792,0.190522
3793,0.18957
3794,0.187676
3795,0.186734
3796,0.185796
3797,0.184862
3798,0.183005
3799,0.181161
3800,0.180244
3801,0.17933
3802,0.178421
3803,0.176613
3804,0.175713
3805,0.174815
3806,0.17392
3807,0.172137
3808,0.171249
3809,0.169485
3810,0.168611
3811,0.166872
3812,0.166009
3813,0.16515
3814,0.164296
3815,0.163448
3816,0.161767
3817,0.160933
3818,0.15928
3819,0.157645
3820,0.156027
3821,0.155225
3822,0.153638
3823,0.152851
3824,0.152069
3825,0.150514
3826,0.149742
3827,0.148974
3828,0.147451
3829,0.146696
3830,0.145945
3831,0.145198
3832,0.14372
3833,0.142988
3834,0.141541
3835,0.140825
3836,0.140115
3837,0.139407
3838,0.138698
3839,0.137278
3840,0.135853
3841,0.135134
3842,0.13441
3843,0.132945
3844,0.132203
3845,0.130709
3846,0.129201
3847,0.12844
3848,0.127672
3849,0.126899
3850,0.126124
3851,0.12457
3852,0.12379
3853,0.122216
3854,0.121419
3855,0.120616
3856,0.119004
3857,0.118196
3858,0.116567
3859,0.115742
3860,0.114076
3861,0.113236
3862,0.111552
3863,0.110709
3864,0.109863
3865,0.108161
3866,0.107306
3867,0.105593
3868,0.104736
3869,0.103013
3870,0.102145
3871,0.100396
3872,0.0995118
3873,0.0977315
3874,0.0968387
3875,0.0959446
3876,0.0941585
3877,0.0932697
3878,0.0923838
3879,0.0906093
3880,0.0897184
3881,0.0879284
3882,0.0870274
3883,0.0852197
3884,0.0843135
3885,0.0825007
3886,0.0815949
3887,0.0806896
3888,0.0787985
3889,0.0769714
3890,0.0761384
3891,0.0753606
3892,0.0745378
3893,0.0725764
3894,0.0705644
3895,0.0696789
3896,0.0680732
3897,0.067224
3898,0.066325
3899,0.0645442
3900,0.0637517
3901,0.0622562
3902,0.0614624
3903,0.0597259
3904,0.0588388
3905,0.0572887
3906,0.0566125
3907,0.0559145
3908,0.0543751
3909,0.0535725
3910,0.0521422
3911,0.051527
3912,0.0509075
3913,0.0495148
3914,0.0487686
3915,0.0474899
3916,0.0469938
3917,0.0465021
3918,0.045912
3919,0.0445962
3920,0.0440864
3921,0.0436923
3922,0.0428194
3923,0.042242
3924,0.0416585
3925,0.0409742
3926,0.0408525
3927,0.040297
3928,0.0397515
3929,0.0392702
3930,0.0389129
3931,0.0389723
3932,0.0388766
3933,0.0377784
3934,0.0369404
3935,0.0363804
3936,0.0361453
3937,0.0358895
3938,0.0347759
3939,0.0331785
3940,0.032733
3941,0.0321265
3942,0.0316711
3943,0.0309992
3944,0.0298467
3945,0.0289682
3946,0.0286421
3947,0.028135
3948,0.0275407
3949,0.0266603
3950,0.0261642
3951,0.0258623
3952,0.0251844
3953,0.0248733
3954,0.0241436
3955,0.0237824
3956,0.0234919
3957,0.0231943
3958,0.0221252
3959,0.0210209
3960,0.0204337
3961,0.0205246
3962,0.0207932
3963,0.0206954
3964,0.0196893
3965,0.0190048
3966,0.0188024
3967,0.0192702
3968,0.0191636
3969,0.0185946
3970,0.0182561
3971,0.017993
3972,0.0180427
3973,0.0185633
3974,0.0187957
3975,0.018479
3976,0.0179616
3977,0.0170392
3978,0.0169778
3979,0.0176042
3980,0.0183268
3981,0.0182951
3982,0.0176687
3983,0.017373
3984,0.0176643
3985,0.0182009
3986,0.0191855
3987,0.0189804
3988,0.0187202
3989,0.0184836
3990,0.0193891
3991,0.020273
3992,0.0212327
3993,0.0212675
3994,0.0208082
3995,0.0207518
3996,0.021461
3997,0.0229235
3998,0.0236854
3999,0.0242466
4000,0.0237479
4001,0.0232682
4002,0.0234266
4003,0.0239789
4004,0.0254021
4005,0.0258209
4006,0.0256146
4007,0.0257628
4008,0.0263051
4009,0.0277402
4010,0.0281038
4011,0.0282242
4012,0.02867
4013,0.0296148
4014,0.0305396
4015,0.0310883
4016,0.0322381
4017,0.0325244
4018,0.0325793
4019,0.0327603
4020,0.0339799
4021,0.0350777
4022,0.0364569
4023,0.0366739
4024,0.0364415
4025,0.0369959
4026,0.0377489
4027,0.0396131
4028,0.0402831
4029,0.0407215
4030,0.0407441
4031,0.0416271
4032,0.04252
4033,0.0434684
4034,0.0442625
4035,0.0441583
4036,0.0444971
4037,0.0451352
4038,0.0466368
4039,0.047196
4040,0.047895
4041,0.0480197
4042,0.048322
4043,0.0488562
4044,0.0503069
4045,0.0511263
4046,0.0510696
4047,0.0510562
4048,0.0520917
4049,0.0531237
4050,0.054544
4051,0.0546675
4052,0.0546182
4053,0.055103
4054,0.0558925
4055,0.0573008
4056,0.0576113
4057,0.0582141
4058,0.0586011
4059,0.0594353
4060,0.0600319
4061,0.0613201
4062,0.0616061
4063,0.0616187
4064,0.0619015
4065,0.0634464
4066,0.0642018
4067,0.0648269
4068,0.0651423
4069,0.0651541
4070,0.0663124
4071,0.0670931
4072,0.0683462
4073,0.0685351
4074,0.0692271
4075,0.0705089
4076,0.0710609
4077,0.0720295
4078,0.0725734
4079,0.0731626
4080,0.0737149
4081,0.0747447
4082,0.0752579
4083,0.0763984
4084,0.0770004
4085,0.0781228
4086,0.0786653
4087,0.0798505
4088,0.0804601
4089,0.0810692
4090,0.0822482
4091,0.0834662
4092,0.0841174
4093,0.084793
4094,0.0860814
4095,0.0867051
4096,0.0879578
4097,0.0886118
4098,0.0899261
4099,0.0912043
4100,0.0918313
4101,0.0924684
4102,0.0931223
4103,0.0944559
4104,0.0951268
4105,0.0957953
4106,0.0964635
4107,0.0978158
4108,0.0985032
4109,0.0998824
4110,0.100566
4111,0.101246
4112,0.101926
4113,0.102608
4114,0.103976
4115,0.10466
4116,0.105342
4117,0.106701
4118,0.10738
4119,0.108058
4120,0.109412
4121,0.110085
4122,0.111427
4123,0.112096
4124,0.113434
4125,0.114103
4126,0.114772
4127,0.116107
4128,0.116774
4129,0.118114
4130,0.118788
4131,0.120144
4132,0.120825
4133,0.121508
4134,0.122882
4135,0.123573
4136,0.124267
4137,0.125659
4138,0.126356
4139,0.127756
4140,0.128459
4141,0.129868
4142,0.131288
4143,0.132719
4144,0.133439
4145,0.134162
4146,0.135629
4147,0.136373
4148,0.137878
4149,0.13864
4150,0.140181
4151,0.141754
4152,0.143354
4153,0.144983
4154,0.145809
4155,0.147483
4156,0.148334
4157,0.150047
4158,0.150906
4159,0.151767
4160,0.152628
4161,0.154347
4162,0.155204
4163,0.156912
4164,0.157761
4165,0.158607
4166,0.159448
4167,0.161116
4168,0.161944
4169,0.162767
4170,0.164405
4171,0.166027
4172,0.166833
4173,0.168431
4174,0.169222
4175,0.170791
4176,0.171568
4177,0.172338
4178,0.173839
4179,0.174568
4180,0.175997
4181,0.176695
4182,0.177386
4183,0.178736
4184,0.179392
4185,0.180676
4186,0.181306
4187,0.182552
4188,0.183167
4189,0.18437
4190,0.184951
4191,0.186086
4192,0.186645
4193,0.18775
4194,0.188293
4195,0.188823
4196,0.189837
4197,0.190324
4198,0.191319
4199,0.191847
4200,0.192894
4201,0.193375
4202,0.194235
4203,0.194636
4204,0.195512
4205,0.196019
4206,0.197016
4207,0.197439
4208,0.198151
4209,0.198968
4210,0.199492
4211,0.200057
4212,0.200896
4213,0.201123
4214,0.201691
4215,0.202781
4216,0.203973
4217,0.204494
4218,0.205138
4219,0.205294
4220,0.205415
4221,0.205851
4222,0.205922
4223,0.205952
4224,0.205915
4225,0.205686
4226,0.205511
4227,0.205026
4228,0.204706
4229,0.204041
4230,0.203743
4231,0.203475
4232,0.203023
4233,0.202644
4234,0.202451
4235,0.20225
4236,0.202047
4237,0.201631
4238,0.201415
4239,0.201194
4240,0.200764
4241,0.200558
4242,0.200148
4243,0.199941
4244,0.199531
4245,0.199328
4246,0.198921
4247,0.198714
4248,0.198293
4249,0.19808
4250,0.197655
4251,0.19744
4252,0.197003
4253,0.196779
4254,0.196552
4255,0.196089
4256,0.195852
4257,0.195611
4258,0.195101
4259,0.194832
4260,0.194277
4261,0.193989
4262,0.193388
4263,0.192739
4264,0.192398
4265,0.192045
4266,0.191311
4267,0.190921
4268,0.190515
4269,0.189673
4270,0.189243
4271,0.188373
4272,0.187933
4273,0.187053
4274,0.186615
4275,0.185743
4276,0.185306
4277,0.184868
4278,0.183988
4279,0.183553
4280,0.183122
4281,0.182252
4282,0.181366
4283,0.180921
4284,0.180041
4285,0.179607
4286,0.179171
4287,0.178292
4288,0.177851
4289,0.176987
4290,0.176566
4291,0.175722
4292,0.175297
4293,0.174457
4294,0.17405
4295,0.17365
4296,0.172852
4297,0.172045
4298,0.171644
4299,0.170867
4300,0.170493
4301,0.169743
4302,0.169362
4303,0.168977
4304,0.16823
4305,0.167868
4306,0.167158
4307,0.166446
4308,0.166087
4309,0.165382
4310,0.164691
4311,0.164346
4312,0.163993
4313,0.16363
4314,0.162891
4315,0.162521
4316,0.16215
4317,0.161397
4318,0.160626
4319,0.159847
4320,0.159457
4321,0.158661
4322,0.15825
4323,0.157831
4324,0.157409
4325,0.156557
4326,0.156125
4327,0.155236
4328,0.1543
4329,0.153819
4330,0.152842
4331,0.151839
4332,0.1508
4333,0.150263
4334,0.149169
4335,0.148613
4336,0.147486
4337,0.146912
4338,0.146332
4339,0.145163
4340,0.144577
4341,0.143403
4342,0.142814
4343,0.141631
4344,0.141037
4345,0.139849
4346,0.139254
4347,0.138056
4348,0.137454
4349,0.136852
4350,0.135645
4351,0.135041
4352,0.13383
4353,0.133224
4354,0.132617
4355,0.131406
4356,0.1308
4357,0.129587
4358,0.128981
4359,0.127773
4360,0.12717
4361,0.125968
4362,0.12476
4363,0.124154
4364,0.123549
4365,0.122344
4366,0.121744
4367,0.120547
4368,0.119949
4369,0.118759
4370,0.118166
4371,0.117571
4372,0.116375
4373,0.115774
4374,0.114564
4375,0.113953
4376,0.112717
4377,0.112089
4378,0.110821
4379,0.110178
4380,0.108863
4381,0.107501
4382,0.106154
4383,0.105488
4384,0.104153
4385,0.103478
4386,0.102802
4387,0.102124
4388,0.100758
4389,0.0993763
4390,0.0986798
4391,0.0972736
4392,0.0965628
4393,0.0951324
4394,0.094412
4395,0.0929598
4396,0.092227
4397,0.0907539
4398,0.0900137
4399,0.0885265
4400,0.0877782
4401,0.0862697
4402,0.0855073
4403,0.08397
4404,0.0831937
4405,0.0816214
4406,0.0808214
4407,0.0791969
4408,0.0783692
4409,0.076689
4410,0.0758375
4411,0.0741296
4412,0.0724222
4413,0.0715679
4414,0.0707123
4415,0.0689969
4416,0.0672807
4417,0.0664244
4418,0.0655688
4419,0.0638555
4420,0.0621401
4421,0.0612835
4422,0.0595746
4423,0.0578654
4424,0.0561538
4425,0.0552966
4426,0.053581
4427,0.0527225
4428,0.0510097
4429,0.0501574
4430,0.0484557
4431,0.0475998
4432,0.0467402
4433,0.0452282
4434,0.0444627
4435,0.0428132
4436,0.0419193
4437,0.0401157
4438,0.0392232
4439,0.0374321
4440,0.0365325
4441,0.0356364
4442,0.0338654
4443,0.0329862
4444,0.0312299
4445,0.0303472
4446,0.028601
4447,0.0277449
4448,0.0269
4449,0.0252645
4450,0.0244747
4451,0.0229354
4452,0.0221854
4453,0.0207283
4454,0.0200242
4455,0.0193325
4456,0.0180292
4457,0.0168341
4458,0.016272
4459,0.0152118
4460,0.0147144
4461,0.0137612
4462,0.0133003
4463,0.0123975
4464,0.0119554
4465,0.0115198
4466,0.0110914
4467,0.0102673
4468,0.00948286
4469,0.00909757
4470,0.00834022
4471,0.00796922
4472,0.00760945
4473,0.00692985
4474,0.00660912
4475,0.00600265
4476,0.00571979
4477,0.00519307
4478,0.00494884
4479,0.00449718
4480,0.00428998
4481,0.00391181
4482,0.00374049
4483,0.00343178
4484,0.00315288
4485,0.00285923
4486,0.00268725
4487,0.0022965
4488,0.0018856
4489,0.00148928
4490,0.00129139
4491,0.000804143
4492,0.000502889
4493,-0.000156493
4494,-0.000433736
4495,-0.000666207
4496,-0.000858524
4497,-0.0014282
4498,-0.00189564
4499,-0.00300124
4500,-0.00328934
4501,-0.00336509
4502,-0.00338669
4503,-0.00410532
4504,-0.00474442
4505,-0.00597689
4506,-0.00627876
4507,-0.0066656
4508,-0.00692712
4509,-0.00796658
4510,-0.00871216
4511,-0.00945478
4512,-0.0104249
4513,-0.0107205
4514,-0.0117561
4515,-0.0124606
4516,-0.0135205
4517,-0.0137532
4518,-0.0145379
4519,-0.0152663
4520,-0.0161829
4521,-0.0176539
4522,-0.0183424
4523,-0.01876
4524,-0.0192574
4525,-0.0206454
4526,-0.0214248
4527,-0.0224934
4528,-0.0226426
4529,-0.0228219
4530,-0.0239216
4531,-0.0247893
4532,-0.026138
4533,-0.0264087
4534,-0.0269479
4535,-0.027425
4536,-0.0280727
4537,-0.0293229
4538,-0.0302244
4539,-0.0305494
4540,-0.0309492
4541,-0.0312592
4542,-0.0324884
4543,-0.0333252
4544,-0.0344581
4545,-0.0344983
4546,-0.0346963
4547,-0.0351316
4548,-0.0365006
4549,-0.0372181
4550,-0.0377098
4551,-0.0377196
4552,-0.0370439
4553,-0.0370285
4554,-0.0378505
4555,-0.0386585
4556,-0.0397398
4557,-0.0396852
4558,-0.0389201
4559,-0.0388539
4560,-0.0390581
4561,-0.039498
4562,-0.0402171
4563,-0.0402192
4564,-0.0399597
4565,-0.0398841
4566,-0.0402083
4567,-0.0406375
4568,-0.0409599
4569,-0.0406621
4570,-0.0405139
4571,-0.0404593
4572,-0.0410062
4573,-0.041553
4574,-0.0420129
4575,-0.0422396
4576,-0.0417894
4577,-0.0406344
4578,-0.040385
4579,-0.040416
4580,-0.0406536
4581,-0.0406047
4582,-0.0400882
4583,-0.0399286
4584,-0.0398808
4585,-0.0399528
4586,-0.0399177
4587,-0.0392672
4588,-0.0382637
4589,-0.0377311
4590,-0.037738
4591,-0.0377298
4592,-0.0369503
4593,-0.0362293
4594,-0.0356045
4595,-0.0351246
4596,-0.0352532
4597,-0.0352593
4598,-0.0346104
4599,-0.0334104
4600,-0.032844
4601,-0.0324975
4602,-0.0323632
4603,-0.032253
4604,-0.0314865
4605,-0.0302742
4606,-0.0297643
4607,-0.0291884
4608,-0.0287937
4609,-0.0284357
4610,-0.0279366
4611,-0.026921
4612,-0.0264914
4613,-0.0261091
4614,-0.0252746
4615,-0.0247904
4616,-0.0242859
4617,-0.0233516
4618,-0.0229229
4619,-0.0224946
4620,-0.0215231
4621,-0.0209814
4622,-0.0204486
4623,-0.0194874
4624,-0.0190507
4625,-0.0181268
4626,-0.0176088
4627,-0.0165825
4628,-0.0160906
4629,-0.0156132
4630,-0.0151431
4631,-0.014194
4632,-0.0137127
4633,-0.0132348
4634,-0.0123028
4635,-0.0118453
4636,-0.01091
4637,-0.00994925
4638,-0.00948173
4639,-0.00902446
4640,-0.00857192
4641,-0.00765589
4642,-0.00719108
4643,-0.0067291
4644,-0.00582852
4645,-0.00538769
4646,-0.00494374
4647,-0.00449219
4648,-0.00358296
4649,-0.00268692
4650,-0.00181032
4651,-0.00137295
4652,-0.000935466
4653,-6.45077e-05
4654,0.000368411
4655,0.000799605
4656,0.00165682
4657,0.00250895
4658,0.00293382
4659,0.00377875
4660,0.00419769
4661,0.00461441
4662,0.00544299
4663,0.00585595
4664,0.00626796
4665,0.00708622
4666,0.00749226
4667,0.00830038
4668,0.00870258
4669,0.00950233
4670,0.00989941
4671,0.0106888
4672,0.0110812
4673,0.0118616
4674,0.0122494
4675,0.0130205
4676,0.0134035
4677,0.0137849
4678,0.014542
4679,0.0149184
4680,0.0152938
4681,0.0160403
4682,0.0164113
4683,0.0171483
4684,0.0175143
4685,0.0182422
4686,0.018604
4687,0.0189644
4688,0.0196904
4689,0.0204499
4690,0.0208436
4691,0.0216448
4692,0.0220473
4693,0.0224513
4694,0.023267
4695,0.0236797
4696,0.0245114
4697,0.0249301
4698,0.0257722
4699,0.0261968
4700,0.0266238
4701,0.0274823
4702,0.0279147
4703,0.0287877
4704,0.029675
4705,0.0305749
4706,0.03103
4707,0.0314902
4708,0.0319583
4709,0.0329174
4710,0.0334068
4711,0.0343984
4712,0.0354157
4713,0.0359355
4714,0.0370071
4715,0.0381235
4716,0.039272
4717,0.0398611
4718,0.0404655
4719,0.0417349
4720,0.0423855
4721,0.0430442
4722,0.0437041
4723,0.045031
4724,0.0457015
4725,0.0463783
4726,0.0477471
4727,0.0484371
4728,0.0498212
4729,0.0505163
4730,0.0512152
4731,0.0519195
4732,0.0533423
4733,0.0540601
4734,0.0555031
4735,0.0562293
4736,0.0569592
4737,0.0576949
4738,0.0591824
4739,0.0599334
4740,0.0614424
4741,0.0622008
4742,0.0637316
4743,0.064506
4744,0.0652841
4745,0.0660645
4746,0.0668448
4747,0.0684005
4748,0.0691763
4749,0.0699526
4750,0.0715084
4751,0.0722875
4752,0.0738399
4753,0.0746127
4754,0.0753855
4755,0.0761598
4756,0.0777106
4757,0.0784856
4758,0.0792606
4759,0.0808198
4760,0.0816056
4761,0.0823941
4762,0.0839805
4763,0.0847787
4764,0.0863856
4765,0.0871955
4766,0.0880093
4767,0.0888289
4768,0.0904868
4769,0.0913253
4770,0.0930171
4771,0.0938728
4772,0.0947356
4773,0.0956037
4774,0.0973699
4775,0.0982682
4776,0.10008
4777,0.100993
4778,0.101911
4779,0.10284
4780,0.104727
4781,0.106637
4782,0.107589
4783,0.109489
4784,0.111397
4785,0.112363
4786,0.114307
4787,0.115278
4788,0.117219
4789,0.118194
4790,0.120154
4791,0.122119
4792,0.123106
4793,0.125087
4794,0.12608
4795,0.127075
4796,0.128068
4797,0.13006
4798,0.132062
4799,0.133066
4800,0.134071
4801,0.136073
4802,0.137068
4803,0.138064
4804,0.140052
4805,0.141044
4806,0.143018
4807,0.143998
4808,0.144975
4809,0.146922
4810,0.147895
4811,0.148867
4812,0.150802
4813,0.151766
4814,0.15273
4815,0.153693
4816,0.155607
4817,0.156557
4818,0.157504
4819,0.158447
4820,0.159385
4821,0.160318
4822,0.162165
4823,0.163971
4824,0.164858
4825,0.165725
4826,0.166561
4827,0.168138
4828,0.168879
4829,0.169586
4830,0.170251
4831,0.17145
4832,0.171989
4833,0.17297
4834,0.17342
4835,0.174251
4836,0.174634
4837,0.174994
4838,0.17532
4839,0.175864
4840,0.176083
4841,0.176272
4842,0.176408
4843,0.176503
4844,0.176474
4845,0.176412
4846,0.17619
4847,0.176033
4848,0.175857
4849,0.175499
4850,0.175314
4851,0.175106
4852,0.17456
4853,0.173817
4854,0.17336
4855,0.172856
4856,0.172318
4857,0.171143
4858,0.169844
4859,0.169169
4860,0.168481
4861,0.16708
4862,0.166364
4863,0.164881
4864,0.164108
4865,0.163322
4866,0.161694
4867,0.160849
4868,0.159122
4869,0.158248
4870,0.157371
4871,0.155618
4872,0.154743
4873,0.152988
4874,0.152107
4875,0.150336
4876,0.149444
4877,0.148548
4878,0.146741
4879,0.14583
4880,0.144007
4881,0.143094
4882,0.14218
4883,0.14034
4884,0.139416
4885,0.137571
4886,0.136651
4887,0.134805
4888,0.133875
4889,0.132006
4890,0.131075
4891,0.129231
4892,0.128315
4893,0.126464
4894,0.125523
4895,0.124574
4896,0.122705
4897,0.121792
4898,0.120878
4899,0.11899
4900,0.11802
4901,0.116133
4902,0.115229
4903,0.11338
4904,0.112408
4905,0.111435
4906,0.109567
4907,0.108672
4908,0.106801
4909,0.105819
4910,0.103837
4911,0.102876
4912,0.101008
4913,0.100078
4914,0.0991252
4915,0.097177
4916,0.0961993
4917,0.0942696
4918,0.0933151
4919,0.0923508
4920,0.0904022
4921,0.0894297
4922,0.0875071
4923,0.0855935
4924,0.0846307
4925,0.0836688
4926,0.0817609
4927,0.0808134
4928,0.0798659
4929,0.077968
4930,0.0770186
4931,0.0751238
4932,0.0741757
4933,0.0722713
4934,0.0713163
4935,0.0703599
4936,0.0694038
4937,0.0674859
4938,0.0665228
4939,0.0645825
4940,0.0636013
4941,0.0616249
4942,0.0606326
4943,0.0596402
4944,0.057637
4945,0.0566213
4946,0.0545676
4947,0.0535384
4948,0.0515054
4949,0.0504992
4950,0.049491
4951,0.0484745
4952,0.0464262
4953,0.0453989
4954,0.044372
4955,0.0423078
4956,0.0402249
4957,0.0391786
4958,0.0370799
4959,0.0349726
4960,0.0339167
4961,0.0328578
4962,0.0307309
4963,0.0296687
4964,0.0275509
4965,0.026497
4966,0.0244067
4967,0.0233791
4968,0.0213576
4969,0.0203622
4970,0.0184305
4971,0.0175029
4972,0.0165915
4973,0.0149163
4974,0.0134541
4975,0.0128917
4976,0.0120914
4977,0.0117577
4978,0.0117601
4979,0.0124089
4980,0.0128452
4981,0.0132304
4982,0.0130598
4983,0.0130175
4984,0.0131416
4985,0.0137436
4986,0.0141133
4987,0.0146864
4988,0.0148647
4989,0.0153484
4990,0.0160692
4991,0.0163933
4992,0.0166848
4993,0.0169617
4994,0.0172423
4995,0.0178423
4996,0.0184646
4997,0.018768
4998,0.0193665
4999,0.0196686
5000,0.0199736
5001,0.020571
5002,0.0208578
5003,0.0211403
5004,0.0216923
5005,0.0219619
5006,0.0224905
5007,0.022748
5008,0.0232485
5009,0.0234867
5010,0.0239424
5011,0.0241571
5012,0.0245617
5013,0.0247482
5014,0.0249246
5015,0.0252724
5016,0.0254387
5017,0.0257351
5018,0.0258688
5019,0.0261362
5020,0.0262662
5021,0.0263923
5022,0.0266254
5023,0.0267329
5024,0.0269472
5025,0.027055
5026,0.0272541
5027,0.0273406
5028,0.0274182
5029,0.0275105
5030,0.0274714
5031,0.0274192
5032,0.0273485
5033,0.0271477
5034,0.027021
5035,0.0268844
5036,0.0266002
5037,0.0262971
5038,0.026135
5039,0.0259688
5040,0.0256217
5041,0.0254393
5042,0.0250499
5043,0.0248381
5044,0.0246153
5045,0.0241503
5046,0.0236524
5047,0.0233853
5048,0.0231061
5049,0.0225225
5050,0.0222127
5051,0.0215503
5052,0.0211972
5053,0.0204697
5054,0.0200979
5055,0.0197182
5056,0.0193297
5057,0.0185328
5058,0.0181265
5059,0.0177154
5060,0.0168666
5061,0.0159821
5062,0.0155311
5063,0.0146203
5064,0.0141604
5065,0.0132216
5066,0.012742
5067,0.0117791
5068,0.0112994
5069,0.0108206
5070,0.00986382
5071,0.00891577
5072,0.00844858
5073,0.00752332
5074,0.00706033
5075,0.00614354
5076,0.0052499
5077,0.00481278
5078,0.00396259
5079,0.00355047
5080,0.00273946
5081,0.00233512
5082,0.00193364
5083,0.00116136
5084,0.000792591
5085,6.28905e-05
5086,-0.000673727
5087,-0.00104355
5088,-0.001409
5089,-0.00177123
5090,-0.00248943
5091,-0.00284575
5092,-0.00356552
5093,-0.00393094
5094,-0.00429887
5095,-0.00465924
5096,-0.00500478
5097,-0.00565229
5098,-0.00595835
5099,-0.00658168
5100,-0.00691015
5101,-0.00751295
5102,-0.00775365
5103,-0.00795693
5104,-0.00815814
5105,-0.00881346
5106,-0.00927325
5107,-0.00971824
5108,-0.0102343
5109,-0.0104473
5110,-0.0106627
5111,-0.0113118
5112,-0.011762
5113,-0.0121882
5114,-0.0127138
5115,-0.0128424
5116,-0.0133829
5117,-0.0138524
5118,-0.0147012
5119,-0.0149579
5120,-0.0154656
5121,-0.0157735
5122,-0.0160823
5123,-0.0166987
5124,-0.0170025
5125,-0.0175687
5126,-0.0178038
5127,-0.0182053
5128,-0.018396
5129,-0.0189289
5130,-0.0192549
5131,-0.0199201
5132,-0.0204125
5133,-0.0205635
5134,-0.0208941
5135,-0.0213613
5136,-0.0216309
5137,-0.0218456
5138,-0.0221199
5139,-0.022217
5140,-0.0223379
5141,-0.0227072
5142,-0.0231395
5143,-0.0232934
5144,-0.0234141
5145,-0.0235836
5146,-0.0236599
5147,-0.0237392
5148,-0.0238953
5149,-0.0239707
5150,-0.0241436
5151,-0.0242365
5152,-0.024391
5153,-0.0244527
5154,-0.024541
5155,-0.0245693
5156,-0.0246343
5157,-0.0246802
5158,-0.0247936
5159,-0.024854
5160,-0.0249167
5161,-0.0250584
5162,-0.0251442
5163,-0.0253529
5164,-0.0254859
5165,-0.025637
5166,-0.0259673
5167,-0.0263531
5168,-0.0265691
5169,-0.0267973
5170,-0.0270396
5171,-0.0275693
5172,-0.0278544
5173,-0.0281422
5174,-0.0284228
5175,-0.0286954
5176,-0.0292341
5177,-0.029779
5178,-0.0300534
5179,-0.0305764
5180,-0.0308246
5181,-0.0310651
5182,-0.0313048
5183,-0.031544
5184,-0.0317902
5185,-0.032284
5186,-0.0325264
5187,-0.0327647
5188,-0.0330047
5189,-0.0335027
5190,-0.0337609
5191,-0.0342682
5192,-0.0345132
5193,-0.0347542
5194,-0.0352557
5195,-0.0355202
5196,-0.0357864
5197,-0.0363137
5198,-0.0365753
5199,-0.0368369
5200,-0.0370989
5201,-0.0376136
5202,-0.0378569
5203,-0.0380909
5204,-0.0385788
5205,-0.0388454
5206,-0.0394004
5207,-0.0396832
5208,-0.0402295
5209,-0.0404949
5210,-0.0407554
5211,-0.0410277
5212,-0.041626
5213,-0.0422647
5214,-0.0425793
5215,-0.042885
5216,-0.043182
5217,-0.0437587
5218,-0.0440452
5219,-0.044339
5220,-0.0446525
5221,-0.0453249
5222,-0.0456579
5223,-0.0463109
5224,-0.0466268
5225,-0.0469338
5226,-0.0476154
5227,-0.0480647
5228,-0.0489415
5229,-0.0492682
5230,-0.0496821
5231,-0.049891
5232,-0.0501178
5233,-0.0507617
5234,-0.0511975
5235,-0.0520289
5236,-0.0523704
5237,-0.0530255
5238,-0.0533594
5239,-0.0540266
5240,-0.0543437
5241,-0.054952
5242,-0.055567
5243,-0.0558908
5244,-0.0565561
5245,-0.0568854
5246,-0.0572119
5247,-0.0578526
5248,-0.0584805
5249,-0.0591008
5250,-0.059407
5251,-0.0600253
5252,-0.0603418
5253,-0.0609816
5254,-0.0616236
5255,-0.0619448
5256,-0.0625851
5257,-0.0629038
5258,-0.0635607
5259,-0.0639117
5260,-0.064646
5261,-0.0650318
5262,-0.0658226
5263,-0.066221
5264,-0.0666214
5265,-0.0674035
5266,-0.0677723
5267,-0.0681245
5268,-0.0687745
5269,-0.0693652
5270,-0.0696686
5271,-0.069984
5272,-0.0706726
5273,-0.0710533
5274,-0.0714413
5275,-0.0722444
5276,-0.0726592
5277,-0.0735156
5278,-0.0739514
5279,-0.0743819
5280,-0.0751883
5281,-0.0755647
5282,-0.0762702
5283,-0.0765992
5284,-0.0772457
5285,-0.0775781
5286,-0.0782576
5287,-0.0786085
5288,-0.078964
5289,-0.0796949
5290,-0.0800716
5291,-0.0808271
5292,-0.0815644
5293,-0.081927
5294,-0.082285
5295,-0.0826366
5296,-0.083322
5297,-0.0836577
5298,-0.0839913
5299,-0.0846584
5300,-0.0849918
5301,-0.0853235
5302,-0.0859807
5303,-0.086306
5304,-0.0869326
5305,-0.0872244
5306,-0.0877596
5307,-0.0880006
5308,-0.0884302
5309,-0.0887912
5310,-0.0889491
5311,-0.0892127
5312,-0.0894083
5313,-0.0895686
5314,-0.0896396
5315,-0.0897052
5316,-0.0898222
5317,-0.0898742
5318,-0.0899664
5319,-0.090007
5320,-0.0900778
5321,-0.0901083
5322,-0.0901524
5323,-0.090158
5324,-0.0901469
5325,-0.090098
5326,-0.0900601
5327,-0.0899614
5328,-0.0898285
5329,-0.0896628
5330,-0.0895658
5331,-0.0893402
5332,-0.0892109
5333,-0.0890741
5334,-0.0889293
5335,-0.0886117
5336,-0.0884377
5337,-0.0880632
5338,-0.0878622
5339,-0.0876542
5340,-0.0872003
5341,-0.0869532
5342,-0.0864274
5343,-0.086148
5344,-0.0855543
5345,-0.0852355
5346,-0.0845564
5347,-0.0838208
5348,-0.0834349
5349,-0.0830368
5350,-0.0826278
5351,-0.0822047
5352,-0.0817674
5353,-0.0808562
5354,-0.0803844
5355,-0.0799043
5356,-0.0794153
5357,-0.0784089
5358,-0.0778914
5359,-0.0768249
5360,-0.0762685
5361,-0.0751502
5362,-0.0745952
5363,-0.0734971
5364,-0.0729578
5365,-0.0724247
5366,-0.0713599
5367,-0.0708171
5368,-0.0702662
5369,-0.069133
5370,-0.0679761
5371,-0.0668298
5372,-0.0662614
5373,-0.0651341
5374,-0.0645768
5375,-0.063464
5376,-0.0623438
5377,-0.0611986
5378,-0.0606126
5379,-0.0594125
5380,-0.0581825
5381,-0.0575718
5382,-0.0563654
5383,-0.0557724
5384,-0.0551924
5385,-0.0540435
5386,-0.0534641
5387,-0.0528789
5388,-0.0522872
5389,-0.0510925
5390,-0.049893
5391,-0.0492963
5392,-0.0481097
5393,-0.0469355
5394,-0.0463552
5395,-0.0457813
5396,-0.0452157
5397,-0.0441055
5398,-0.0435579
5399,-0.0430097
5400,-0.0418985
5401,-0.0413361
5402,-0.0402252
5403,-0.0396821
5404,-0.0386012
5405,-0.0380597
5406,-0.0375194
5407,-0.0364471
5408,-0.035915
5409,-0.0353823
5410,-0.0343089
5411,-0.0337692
5412,-0.0332325
5413,-0.0321756
5414,-0.0316535
5415,-0.030599
5416,-0.0300646
5417,-0.0290088
5418,-0.0284913
5419,-0.0274556
5420,-0.0269328
5421,-0.0264102
5422,-0.0253759
5423,-0.0248645
5424,-0.0238385
5425,-0.0233224
5426,-0.0222996
5427,-0.0217947
5428,-0.0207878
5429,-0.0202836
5430,-0.0197801
5431,-0.0192795
5432,-0.0182882
5433,-0.0173043
5434,-0.0163206
5435,-0.0158296
5436,-0.0148575
5437,-0.0143771
5438,-0.0134172
5439,-0.0129364
5440,-0.0124574
5441,-0.0115117
5442,-0.0110443
5443,-0.0105766
5444,-0.00963729
5445,-0.00916736
5446,-0.00824174
5447,-0.00733243
5448,-0.00687802
5449,-0.00642143
5450,-0.00550346
5451,-0.00504283
5452,-0.00412031
5453,-0.00365699
5454,-0.00273142
5455,-0.00227164
5456,-0.00181372
5457,-0.000828563
5458,-0.000352817
5459,0.000554546
5460,0.000986162
5461,0.00186868
5462,0.00232717
5463,0.00279455
5464,0.0036964
5465,0.00413457
5466,0.00500271
5467,0.00544152
5468,0.00631632
5469,0.00674561
5470,0.00716958
5471,0.00802145
5472,0.00845348
5473,0.00930978
5474,0.00972981
5475,0.0105658
5476,0.0109852
5477,0.011405
5478,0.011823
5479,0.0126495
5480,0.0130587
5481,0.0138797
5482,0.0142916
5483,0.0147038
5484,0.0151122
5485,0.0155154
5486,0.0163164
5487,0.0171197
5488,0.0179231
5489,0.0183198
5490,0.0191051
5491,0.0194961
5492,0.0202831
5493,0.0206786
5494,0.021071
5495,0.0218403
5496,0.0222193
5497,0.0229873
5498,0.0233781
5499,0.0241446
5500,0.0245158
5501,0.0252624
5502,0.0256443
5503,0.0260308
5504,0.026782
5505,0.0271451
5506,0.0275017
5507,0.0282397
5508,0.0286248
5509,0.0293733
5510,0.0297354
5511,0.030448
5512,0.030806
5513,0.0315253
5514,0.0318841
5515,0.0322387
5516,0.0329364
5517,0.0332823
5518,0.0339823
5519,0.0343369
5520,0.035032
5521,0.0353712
5522,0.0357061
5523,0.03639
5524,0.0367411
5525,0.0374272
5526,0.0377595
5527,0.0380863
5528,0.0387595
5529,0.0391096
5530,0.0397916
5531,0.0401224
5532,0.0407843
5533,0.0411206
5534,0.0414566
5535,0.0421174
5536,0.042769
5537,0.043097
5538,0.0437584
5539,0.0440901
5540,0.0447443
5541,0.0450681
5542,0.0453908
5543,0.0460419
5544,0.0463709
5545,0.0470203
5546,0.0473401
5547,0.0476577
5548,0.0483011
5549,0.048628
5550,0.0492711
5551,0.049586
5552,0.0498978
5553,0.0505333
5554,0.0511802
5555,0.0514992
5556,0.0521234
5557,0.0524348
5558,0.0527468
5559,0.0533738
5560,0.0536878
5561,0.0543084
5562,0.0546149
5563,0.0552313
5564,0.0555416
5565,0.0558528
5566,0.0564683
5567,0.0567742
5568,0.0573944
5569,0.0577093
5570,0.0583354
5571,0.0589606
5572,0.0592759
5573,0.0599087
5574,0.0602246
5575,0.0608515
5576,0.0611625
5577,0.0617853
5578,0.0620978
5579,0.0627176
5580,0.063024
5581,0.0633299
5582,0.063943
5583,0.0642499
5584,0.0648572
5585,0.0651575
5586,0.065456
5587,0.0660548
5588,0.066356
5589,0.0669522
5590,0.0672458
5591,0.0678332
5592,0.0681284
5593,0.0687148
5594,0.0690046
5595,0.0695825
5596,0.0698716
5597,0.0704474
5598,0.0707331
5599,0.0710174
5600,0.0715844
5601,0.0718681
5602,0.0724328
5603,0.0727133
5604,0.0732721
5605,0.0735509
5606,0.0738292
5607,0.0743833
5608,0.0746591
5609,0.0752091
5610,0.0754834
5611,0.0760299
5612,0.0763014
5613,0.0768438
5614,0.0771151
5615,0.0776552
5616,0.0779238
5617,0.0781917
5618,0.0787269
5619,0.0789949
5620,0.0795287
5621,0.0797942
5622,0.0800594
5623,0.0805899
5624,0.0808554
5625,0.0813839
5626,0.0816468
5627,0.0821728
5628,0.0824365
5629,0.0826998
5630,0.0832243
5631,0.0834857
5632,0.0840094
5633,0.0842719
5634,0.0845347
5635,0.0850572
5636,0.0853173
5637,0.0858398
5638,0.0861025
5639,0.0863658
5640,0.0868886
5641,0.0871484
5642,0.0876715
5643,0.0879354
5644,0.0882006
5645,0.0887258
5646,0.0889861
5647,0.0892476
5648,0.0897783
5649,0.0900465
5650,0.0905774
5651,0.0908396
5652,0.0913703
5653,0.0916406
5654,0.0921795
5655,0.0924463
5656,0.0929836
5657,0.0932558
5658,0.0938016
5659,0.094074
5660,0.0943464
5661,0.0948964
5662,0.0951747
5663,0.0957317
5664,0.0960109
5665,0.0962908
5666,0.096856
5667,0.0971426
5668,0.0977188
5669,0.0980081
5670,0.0985917
5671,0.0988868
5672,0.099481
5673,0.100081
5674,0.100382
5675,0.100686
5676,0.100992
5677,0.10161
5678,0.101923
5679,0.102551
5680,0.102869
5681,0.103512
5682,0.103837
5683,0.104492
5684,0.105154
5685,0.105488
5686,0.105825
5687,0.106508
5688,0.1072
5689,0.107549
5690,0.108254
5691,0.108972
5692,0.109699
5693,0.110066
5694,0.11081
5695,0.111188
5696,0.11157
5697,0.111954
5698,0.112728
5699,0.113121
5700,0.113919
5701,0.114325
5702,0.114734
5703,0.115146
5704,0.115562
5705,0.116409
5706,0.11684
5707,0.11771
5708,0.11815
5709,0.118593
5710,0.119043
5711,0.119497
5712,0.120418
5713,0.120884
5714,0.121353
5715,0.121828
5716,0.122795
5717,0.123782
5718,0.124281
5719,0.125296
5720,0.125816
5721,0.126342
5722,0.126874
5723,0.127962
5724,0.128519
5725,0.129085
5726,0.129659
5727,0.130836
5728,0.131441
5729,0.132053
5730,0.133314
5731,0.133963
5732,0.135289
5733,0.135968
5734,0.137363
5735,0.138082
5736,0.138815
5737,0.139548
5738,0.140993
5739,0.141709
5740,0.142423
5741,0.143136
5742,0.14456
5743,0.145983
5744,0.147405
5745,0.148114
5746,0.149525
5747,0.150228
5748,0.151629
5749,0.153019
5750,0.153709
5751,0.155075
5752,0.155749
5753,0.157091
5754,0.157758
5755,0.158422
5756,0.159082
5757,0.160389
5758,0.161037
5759,0.162324
5760,0.162962
5761,0.163595
5762,0.164224
5763,0.165469
5764,0.166086
5765,0.167284
5766,0.167855
5767,0.168409
5768,0.168934
5769,0.169895
5770,0.170333
5771,0.171136
5772,0.171506
5773,0.171862
5774,0.17221
5775,0.172884
5776,0.173208
5777,0.173521
5778,0.174107
5779,0.174376
5780,0.174857
5781,0.175068
5782,0.175439
5783,0.1756
5784,0.175748
5785,0.17601
5786,0.176125
5787,0.176324
5788,0.17641
5789,0.176556
5790,0.176617
5791,0.176671
5792,0.17673
5793,0.176711
5794,0.176661
5795,0.17658
5796,0.176474
5797,0.176337
5798,0.175974
5799,0.175755
5800,0.175522
5801,0.175285
5802,0.174778
5803,0.174502
5804,0.173875
5805,0.173491
5806,0.172518
5807,0.171965
5808,0.171376
5809,0.170774
5810,0.169536
5811,0.168886
5812,0.167528
5813,0.166831
5814,0.166131
5815,0.164715
5816,0.163261
5817,0.162515
5818,0.160988
5819,0.159422
5820,0.157833
5821,0.157028
5822,0.155385
5823,0.153699
5824,0.151993
5825,0.151134
5826,0.150269
5827,0.149392
5828,0.147609
5829,0.146707
5830,0.145808
5831,0.144915
5832,0.143136
5833,0.141345
5834,0.140445
5835,0.138654
5836,0.137767
5837,0.135994
5838,0.134212
5839,0.132437
5840,0.130685
5841,0.129814
5842,0.128064
5843,0.127183
5844,0.126301
5845,0.124581
5846,0.12376
5847,0.122952
5848,0.121282
5849,0.119565
5850,0.118732
5851,0.117238
5852,0.115903
5853,0.115234
5854,0.113695
5855,0.112853
5856,0.112058
5857,0.111046
5858,0.110792
5859,0.110437
5860,0.108992
5861,0.107951
5862,0.10696
5863,0.10566
5864,0.10531
5865,0.104686
5866,0.104198
5867,0.102816
5868,0.102072
5869,0.101123
5870,0.100911
5871,0.10039
5872,0.0999427
5873,0.0992879
5874,0.0981744
5875,0.0976303
5876,0.0972634
5877,0.0969118
5878,0.0963757
5879,0.0953676
5880,0.094876
5881,0.0946572
5882,0.0944253
5883,0.0936016
5884,0.0929705
5885,0.0918773
5886,0.0915769
5887,0.0914152
5888,0.0910258
5889,0.0906801
5890,0.0896581
5891,0.0892023
5892,0.0886637
5893,0.0885009
5894,0.0881619
5895,0.0876745
5896,0.0865668
5897,0.0860814
5898,0.0856761
5899,0.0852705
5900,0.0842288
5901,0.0835781
5902,0.0823317
5903,0.0817848
5904,0.0812454
5905,0.0806529
5906,0.0792901
5907,0.0785558
5908,0.0778451
5909,0.0772088
5910,0.0761048
5911,0.0755802
5912,0.0749886
5913,0.073587
5914,0.0721055
5915,0.0715455
5916,0.0711545
5917,0.0708134
5918,0.0705218
5919,0.0695552
5920,0.0688792
5921,0.0681001
5922,0.0666662
5923,0.0660208
5924,0.064728
5925,0.0640037
5926,0.0633708
5927,0.0628617
5928,0.0620644
5929,0.0617213
5930,0.061376
5931,0.0606576
5932,0.0603044
5933,0.0599677
5934,0.059609
5935,0.059227
5936,0.0585663
5937,0.0583316
5938,0.0581392
5939,0.057769
5940,0.0575682
5941,0.0572467
5942,0.0571029
5943,0.0570536
5944,0.0569636
5945,0.0569074
5946,0.0568278
5947,0.0568235
5948,0.0568365
5949,0.0568596
5950,0.0568682
5951,0.056878
5952,0.0569315
5953,0.056981
5954,0.0570882
5955,0.0571439
5956,0.0572548
5957,0.0573097
5958,0.0573689
5959,0.0575282
5960,0.0576223
5961,0.0578206
5962,0.0579156
5963,0.0580881
5964,0.0581655
5965,0.0582453
5966,0.0584522
5967,0.0585647
5968,0.0586788
5969,0.0588811
5970,0.058964
5971,0.0591301
5972,0.0592289
5973,0.059341
5974,0.059579
5975,0.0596932
5976,0.0599012
5977,0.0599977
5978,0.0602495
5979,0.0604125
5980,0.0606961
5981,0.0607365
5982,0.0606817
5983,0.0607816
5984,0.0610148
5985,0.0615195
5986,0.0616781
5987,0.0614004
5988,0.0610241
5989,0.0607472
5990,0.0608993
5991,0.0613224
5992,0.0621015
5993,0.0621672
5994,0.0620075
5995,0.0613492
5996,0.0608948
5997,0.0609248
5998,0.0610992
5999,0.0611937
6000,0.0609942
6001,0.0604385
6002,0.0595548
6003,0.0596944
6004,0.0601882
6005,0.0604958
6006,0.0602786
6007,0.0592789
6008,0.058167
6009,0.0577582
6010,0.0576128
6011,0.0579635
6012,0.058225
6013,0.0582176
6014,0.0579008
6015,0.0566119
6016,0.0555922
6017,0.0556806
6018,0.0564787
6019,0.056605
6020,0.0564485
6021,0.0554388
6022,0.0548535
6023,0.0545332
6024,0.0547206
6025,0.0550911
6026,0.0553301
6027,0.0551284
6028,0.0546101
6029,0.0543872
6030,0.0546568
6031,0.0551534
6032,0.0558109
6033,0.0558113
6034,0.0555463
6035,0.0546688
6036,0.0543502
6037,0.054333
6038,0.0545943
6039,0.0548264
6040,0.0546593
6041,0.053534
6042,0.0529842
6043,0.0529459
6044,0.0534351
6045,0.0539184
6046,0.054034
6047,0.0537396
6048,0.0533062
6049,0.0530583
6050,0.053223
6051,0.0536913
6052,0.054103
6053,0.0541659
6054,0.0540615
6055,0.0529779
6056,0.0527079
6057,0.0533015
6058,0.0540562
6059,0.0544083
6060,0.054294
6061,0.0546754
6062,0.0554195
6063,0.0557488
6064,0.0554208
6065,0.0550332
6066,0.0550857
6067,0.0555647
6068,0.0553225
6069,0.0548221
6070,0.054892
6071,0.0555472
6072,0.0556452
6073,0.0549567
6074,0.0547278
6075,0.0552665
6076,0.0557964
6077,0.0558802
6078,0.0556223
6079,0.0558142
6080,0.0567854
6081,0.056919
6082,0.0564567
6083,0.0561547
6084,0.0564662
6085,0.0574059
6086,0.0575494
6087,0.0571734
6088,0.0570938
6089,0.0575202
6090,0.0584379
6091,0.0584635
6092,0.0578997
6093,0.0580162
6094,0.0591455
6095,0.0599183
6096,0.0594517
6097,0.059136
6098,0.058763
6099,0.0589513
6100,0.0593767
6101,0.059888
6102,0.0600035
6103,0.0596387
6104,0.058487
6105,0.0580308
6106,0.0581745
6107,0.0584946
6108,0.0586402
6109,0.0581249
6110,0.057455
6111,0.056505
6112,0.0556783
6113,0.0557275
6114,0.0561009
6115,0.0564566
6116,0.0558165
6117,0.0542648
6118,0.0532178
6119,0.0525219
6120,0.0522058
6121,0.052314
6122,0.053291
6123,0.0534442
6124,0.0533226
6125,0.0528413
6126,0.0513707
6127,0.0505823
6128,0.0506032
6129,0.0510859
6130,0.0510971
6131,0.0508531
6132,0.0494095
6133,0.0482319
6134,0.0473978
6135,0.0469389
6136,0.0472221
6137,0.0478716
6138,0.0483616
6139,0.0472805
6140,0.0448305
6141,0.0433962
6142,0.0424098
6143,0.041893
6144,0.0421868
6145,0.0425833
6146,0.0426222
6147,0.0417268
6148,0.0407877
6149,0.0397158
6150,0.0388295
6151,0.0389579
6152,0.039905
6153,0.0403657
6154,0.0407342
6155,0.0402569
6156,0.0393741
6157,0.0382071
6158,0.0375844
6159,0.0378638
6160,0.0396665
6161,0.0403418
6162,0.0407621
6163,0.0408355
6164,0.0405456
6165,0.0394646
6166,0.0391915
6167,0.0397263
6168,0.0404896
6169,0.0415438
6170,0.0424007
6171,0.0427692
6172,0.0415937
6173,0.0405249
6174,0.039178
6175,0.0396214
6176,0.0404033
6177,0.0419012
6178,0.042264
6179,0.0422725
6180,0.0419153
6181,0.0409735
6182,0.0410411
6183,0.0422304
6184,0.0433173
6185,0.0450484
6186,0.0454361
6187,0.0451034
6188,0.0442161
6189,0.044265
6190,0.0446631
6191,0.0454045
6192,0.0469022
6193,0.0473346
6194,0.0472456
6195,0.0470885
6196,0.0469568
6197,0.0476583
6198,0.0494765
6199,0.0507062
6200,0.0515815
6201,0.0520259
6202,0.0516911
6203,0.0512711
6204,0.050767
6205,0.0506459
6206,0.0515208
6207,0.0524926
6208,0.0535999
6209,0.0546886
6210,0.0546476
6211,0.0542767
6212,0.0540105
6213,0.054554
6214,0.0552804
6215,0.0562147
6216,0.0569728
6217,0.0575065
6218,0.0572878
6219,0.056731
6220,0.0567831
6221,0.0581637
6222,0.0593101
6223,0.0603693
6224,0.0615363
6225,0.061638
6226,0.0614016
6227,0.0618936
6228,0.0636321
6229,0.0646389
6230,0.0656524
6231,0.0671298
6232,0.0674059
6233,0.0675312
6234,0.0680809
6235,0.0689866
6236,0.0713438
6237,0.0723829
6238,0.0731115
6239,0.0735144
6240,0.074444
6241,0.075376
6242,0.0766001
6243,0.07808
6244,0.0803887
6245,0.0811033
6246,0.0817687
6247,0.0821563
6248,0.0833606
6249,0.0843053
6250,0.0866066
6251,0.0875663
6252,0.0881958
6253,0.0883756
6254,0.0879701
6255,0.0879246
6256,0.0890182
6257,0.0901128
6258,0.0926639
6259,0.0934567
6260,0.0941456
6261,0.0940601
6262,0.0948247
6263,0.0957044
6264,0.0968856
6265,0.0995336
6266,0.100762
6267,0.102261
6268,0.102529
6269,0.102674
6270,0.103241
6271,0.104161
6272,0.10678
6273,0.10923
6274,0.110043
6275,0.111551
6276,0.112724
6277,0.114145
6278,0.11733
6279,0.12006
6280,0.121029
6281,0.121626
6282,0.123238
6283,0.12442
6284,0.127386
6285,0.128966
6286,0.130515
6287,0.131713
6288,0.132527
6289,0.13295
6290,0.134724
6291,0.137567
6292,0.139351
6293,0.141107
6294,0.143585
6295,0.144293
6296,0.144653
6297,0.146463
6298,0.147818
6299,0.149415
6300,0.152765
6301,0.154312
6302,0.15645
6303,0.156966
6304,0.157338
6305,0.159015
6306,0.161865
6307,0.163683
6308,0.166959
6309,0.167965
6310,0.168575
6311,0.169556
6312,0.172009
6313,0.173696
6314,0.176926
6315,0.178282
6316,0.179369
6317,0.180091
6318,0.181232
6319,0.182177
6320,0.18343
6321,0.186652
6322,0.18805
6323,0.189216
6324,0.19057
6325,0.191587
6326,0.192605
6327,0.193947
6328,0.195481
6329,0.197989
6330,0.198818
6331,0.199796
6332,0.20023
6333,0.201968
6334,0.203346
6335,0.206207
6336,0.20715
6337,0.208054
6338,0.208192
6339,0.20843
6340,0.209086
6341,0.211514
6342,0.213248
6343,0.214691
6344,0.215681
6345,0.216327
6346,0.215862
6347,0.215674
6348,0.215903
6349,0.216542
6350,0.218758
6351,0.221149
6352,0.221739
6353,0.221752
6354,0.221239
6355,0.221044
6356,0.221266
6357,0.222879
6358,0.225581
6359,0.227037
6360,0.228705
6361,0.22887
6362,0.228768
6363,0.229071
6364,0.229724
6365,0.230753
6366,0.232819
6367,0.233497
6368,0.233886
6369,0.234081
6370,0.234777
6371,0.235495
6372,0.236581
6373,0.238468
6374,0.239052
6375,0.239469
6376,0.239374
6377,0.239618
6378,0.24029
6379,0.241307
6380,0.242304
6381,0.243335
6382,0.243358
6383,0.243268
6384,0.244156
6385,0.245
6386,0.245787
6387,0.246277
6388,0.246387
6389,0.246061
6390,0.245771
6391,0.246174
6392,0.247784
6393,0.249725
6394,0.250245
6395,0.250307
6396,0.249834
6397,0.249452
6398,0.249776
6399,0.251414
6400,0.253509
6401,0.254525
6402,0.254432
6403,0.253974
6404,0.253797
6405,0.254268
6406,0.255126
6407,0.256111
6408,0.256825
6409,0.257272
6410,0.256989
6411,0.256806
6412,0.257213
6413,0.258979
6414,0.261268
6415,0.262071
6416,0.261919
6417,0.261665
6418,0.262076
6419,0.263891
6420,0.265224
6421,0.266356
6422,0.26739
6423,0.266945
6424,0.266393
6425,0.266185
6426,0.267027
6427,0.268055
6428,0.270087
6429,0.270694
6430,0.270974
6431,0.27097
6432,0.27093
6433,0.271663
6434,0.272598
6435,0.27433
6436,0.274716
6437,0.274349
6438,0.273666
6439,0.27318
6440,0.273554
6441,0.275067
6442,0.27577
6443,0.276244
6444,0.276012
6445,0.27528
6446,0.274747
6447,0.274936
6448,0.275673
6449,0.277356
6450,0.277813
6451,0.277747
6452,0.277143
6453,0.277317
6454,0.278714
6455,0.279907
6456,0.281327
6457,0.281502
6458,0.281302
6459,0.280681
6460,0.280674
6461,0.281273
6462,0.282286
6463,0.283772
6464,0.283845
6465,0.283443
6466,0.282242
6467,0.28213
6468,0.283152
6469,0.284164
6470,0.285321
6471,0.285351
6472,0.284744
6473,0.284524
6474,0.284976
6475,0.285785
6476,0.286947
6477,0.288423
6478,0.288492
6479,0.288118
6480,0.287086
6481,0.287137
6482,0.287558
6483,0.288949
6484,0.289673
6485,0.289716
6486,0.289914
6487,0.290267
6488,0.291747
6489,0.292685
6490,0.293848
6491,0.293804
6492,0.293344
6493,0.292733
6494,0.293061
6495,0.294824
6496,0.295512
6497,0.295974
6498,0.296028
6499,0.295922
6500,0.296654
6501,0.298654
6502,0.299342
6503,0.299716
6504,0.299445
6505,0.298931
6506,0.298628
6507,0.299123
6508,0.30007
6509,0.301216
6510,0.301232
6511,0.300893
6512,0.300378
6513,0.300613
6514,0.301883
6515,0.302563
6516,0.303162
6517,0.302973
6518,0.302486
6519,0.302765
6520,0.30353
6521,0.304867
6522,0.305047
6523,0.304769
6524,0.304667
6525,0.305586
6526,0.306675
6527,0.308637
6528,0.308957
6529,0.308708
6530,0.308677
6531,0.308788
6532,0.310107
6533,0.311105
6534,0.312249
6535,0.313204
6536,0.313115
6537,0.312647
6538,0.31299
6539,0.314023
6540,0.31642
6541,0.316923
6542,0.31656
6543,0.316335
6544,0.317787
6545,0.319394
6546,0.321858
6547,0.322104
6548,0.321892
6549,0.321919
6550,0.323263
6551,0.324644
6552,0.326288
6553,0.327318
6554,0.327805
6555,0.327478
6556,0.327307
6557,0.327869
6558,0.330853
6559,0.332959
6560,0.335235
6561,0.335135
6562,0.335285
6563,0.335763
6564,0.338294
6565,0.340044
6566,0.342069
6567,0.342194
6568,0.342308
6569,0.343258
6570,0.344865
6571,0.34799
6572,0.348893
6573,0.349143
6574,0.349932
6575,0.351155
6576,0.353013
6577,0.356725
6578,0.35759
6579,0.358091
6580,0.358299
6581,0.359324
6582,0.36306
6583,0.36517
6584,0.366567
6585,0.36742
6586,0.367518
6587,0.36826
6588,0.371803
6589,0.373443
6590,0.374798
6591,0.376408
6592,0.376943
6593,0.379261
6594,0.381478
6595,0.385809
6596,0.387743
6597,0.388459
6598,0.390793
6599,0.393216
6600,0.397298
6601,0.398963
6602,0.402274
6603,0.406386
6604,0.40914
6605,0.414258
6606,0.416487
6607,0.420836
6608,0.425975
6609,0.428629
6610,0.433733
6611,0.43607
6612,0.440986
6613,0.446945
6614,0.453046
6615,0.458358
6616,0.463239
6617,0.468191
6618,0.47113
6619,0.476986
6620,0.479776
6621,0.485312
6622,0.49137
6623,0.494564
6624,0.50061
6625,0.503406
6626,0.509074
6627,0.512224
6628,0.51868
6629,0.521784
6630,0.527484
6631,0.532898
6632,0.535802
6633,0.541626
6634,0.544436
6635,0.549853
6636,0.552551
6637,0.55836
6638,0.561256
6639,0.566587
6640,0.571541
6641,0.577125
6642,0.582882
6643,0.585529
6644,0.590412
6645,0.595613
6646,0.601305
6647,0.603999
6648,0.606436
6649,0.611238
6650,0.61381
6651,0.619217
6652,0.623883
6653,0.625843
6654,0.62996
6655,0.635151
6656,0.638246
6657,0.643946
6658,0.646512
6659,0.651057
6660,0.653402
6661,0.658033
6662,0.660156
6663,0.663821
6664,0.665797
6665,0.667963
6666,0.67254
6667,0.676267
6668,0.67914
6669,0.680834
6670,0.685072
6671,0.687662
6672,0.692198
6673,0.694125
6674,0.697432
6675,0.701288
6676,0.703496
6677,0.707623
6678,0.709364
6679,0.712358
6680,0.716095
6681,0.718325
6682,0.722753
6683,0.726225
6684,0.727436
6685,0.730148
6686,0.731742
6687,0.735128
6688,0.737657
6689,0.738434
6690,0.739845
6691,0.740426
6692,0.740584
6693,0.74022
6694,0.739698
6695,0.740796
6696,0.741902
6697,0.744948
6698,0.746602
6699,0.749259
6700,0.751422
6701,0.752131
6702,0.752401
6703,0.751987
6704,0.751347
6705,0.751648
6706,0.752172
6707,0.753242
6708,0.753627
6709,0.753933
6710,0.753546
6711,0.753107
6712,0.7516
6713,0.750166
6714,0.749453
6715,0.749264
6716,0.749533
6717,0.75017
6718,0.751907
6719,0.753748
6720,0.754607
6721,0.756357
6722,0.757284
6723,0.759225
6724,0.761211
6725,0.762185
6726,0.764017
6727,0.764864
6728,0.766526
6729,0.767316
6730,0.768794
6731,0.770075
6732,0.770606
6733,0.771636
6734,0.772624
6735,0.773097
6736,0.773683
6737,0.773949
6738,0.774753
6739,0.775267
6740,0.776005
6741,0.775845
6742,0.776083
6743,0.776728
6744,0.777677
6745,0.780011
6746,0.781013
6747,0.781915
6748,0.783365
6749,0.783948
6750,0.784977
6751,0.785445
6752,0.785908
6753,0.786796
6754,0.787512
6755,0.787764
6756,0.78797
6757,0.788251
6758,0.788319
6759,0.788336
6760,0.788304
6761,0.788208
6762,0.788124
6763,0.787778
6764,0.787463
6765,0.78707
6766,0.786065
6767,0.784866
6768,0.784276
6769,0.782942
6770,0.782058
6771,0.780144
6772,0.777872
6773,0.776496
6774,0.77359
6775,0.772385
6776,0.770618
6777,0.769917
6778,0.768532
6779,0.76788
6780,0.767277
6781,0.767142
6782,0.767146
6783,0.767171
6784,0.767216
6785,0.767442
6786,0.767609
6787,0.768
6788,0.76826
6789,0.769003
6790,0.76953
6791,0.770709
6792,0.77127
6793,0.771782
6794,0.772297
6795,0.7729
6796,0.774334
6797,0.775815
6798,0.777141
6799,0.777781
6800,0.779393
6801,0.782557
6802,0.78448
6803,0.788079
6804,0.791576
6805,0.79351
6806,0.798122
6807,0.800803
6808,0.805899
6809,0.808147
6810,0.812865
6811,0.818116
6812,0.820873
6813,0.823542
6814,0.82817
6815,0.830022
6816,0.833021
6817,0.835094
6818,0.836268
6819,0.838611
6820,0.839677
6821,0.841425
6822,0.84217
6823,0.843399
6824,0.843855
6825,0.844446
6826,0.84473
6827,0.84597
6828,0.847047
6829,0.849606
6830,0.850883
6831,0.853017
6832,0.85381
6833,0.855392
6834,0.857251
6835,0.858119
6836,0.859852
6837,0.860726
6838,0.861541
6839,0.862706
6840,0.863025
6841,0.863518
6842,0.864584
6843,0.86569
6844,0.866121
6845,0.866345
6846,0.866926
6847,0.866564
6848,0.865417
6849,0.864859
6850,0.865245
6851,0.865107
6852,0.864191
6853,0.862466
6854,0.862118
6855,0.861962
6856,0.861856
6857,0.861382
6858,0.861042
6859,0.860659
6860,0.860693
6861,0.860788
6862,0.860739
6863,0.860571
6864,0.860809
6865,0.861484
6866,0.861504
6867,0.861519
6868,0.861724
6869,0.861863
6870,0.861885
6871,0.861914
6872,0.861632
6873,0.861161
6874,0.860484
6875,0.859693
6876,0.859701
6877,0.86019
6878,0.860178
6879,0.859136
6880,0.858213
6881,0.856344
6882,0.855416
6883,0.853055
6884,0.851383
6885,0.847088
6886,0.844516
6887,0.839157
6888,0.837088
6889,0.835435
6890,0.834192
6891,0.832022
6892,0.830856
6893,0.829728
6894,0.829006
6895,0.828982
6896,0.829404
6897,0.829056
6898,0.828193
6899,0.826817
6900,0.826708
6901,0.82674
6902,0.825675
6903,0.824564
6904,0.823152
6905,0.820261
6906,0.81883
6907,0.815535
6908,0.814093
6909,0.812262
6910,0.811923
6911,0.810621
6912,0.80928
6913,0.806572
6914,0.805712
6915,0.805157
6916,0.80392
6917,0.803057
6918,0.801191
6919,0.800323
6920,0.798531
6921,0.796429
6922,0.795278
6923,0.792892
6924,0.791584
6925,0.788494
6926,0.78669
6927,0.784686
6928,0.780068
6929,0.777362
6930,0.771389
6931,0.765755
6932,0.761882
6933,0.759636
6934,0.759115
6935,0.758797
6936,0.758465
6937,0.757819
6938,0.757013
6939,0.755481
6940,0.75413
6941,0.750415
6942,0.748473
6943,0.74495
6944,0.741897
6945,0.739192
6946,0.738018
6947,0.73603
6948,0.735214
6949,0.73401
6950,0.733601
6951,0.733086
6952,0.732933
6953,0.73297
6954,0.733231
6955,0.733699
6956,0.734334
6957,0.735141
6958,0.736101
6959,0.737056
6960,0.737908
6961,0.738517
6962,0.738704
6963,0.738548
6964,0.738377
6965,0.738173
6966,0.737719
6967,0.73725
6968,0.73702
6969,0.736802
6970,0.736381
6971,0.736168
6972,0.735956
6973,0.735547
6974,0.735188
6975,0.735034
6976,0.734781
6977,0.734659
6978,0.734411
6979,0.734191
6980,0.734037
6981,0.733615
6982,0.73338
6983,0.732902
6984,0.73242
6985,0.732177
6986,0.731687
6987,0.731186
6988,0.730926
6989,0.730358
6990,0.729718
6991,0.729384
6992,0.728679
6993,0.728278
6994,0.727201
6995,0.725505
6996,0.724621
6997,0.723803
6998,0.722338
6999,0.72096
7000,0.720225
7001,0.718792
7002,0.717479
7003,0.716942
7004,0.716459
7005,0.71547
7006,0.714675
7007,0.714372
7008,0.713736
7009,0.712679
7010,0.711966
7011,0.710428
7012,0.709636
7013,0.708073
7014,0.707309
7015,0.705819
7016,0.705095
7017,0.703669
7018,0.702938
7019,0.702206
7020,0.701491
7021,0.700114
7022,0.698739
7023,0.698023
7024,0.696506
7025,0.695724
7026,0.694927
7027,0.693272
7028,0.692414
7029,0.69154
7030,0.689799
7031,0.68895
7032,0.68727
7033,0.686429
7034,0.684685
7035,0.683777
7036,0.681876
7037,0.680875
7038,0.679858
7039,0.677867
7040,0.676927
7041,0.675016
7042,0.673995
7043,0.671884
7044,0.670831
7045,0.668661
7046,0.667516
7047,0.665176
7048,0.664013
7049,0.661664
7050,0.66045
7051,0.659211
7052,0.656737
7053,0.655526
7054,0.653058
7055,0.651768
7056,0.649163
7057,0.647891
7058,0.645356
7059,0.644057
7060,0.641335
7061,0.639923
7062,0.63709
7063,0.635671
7064,0.632798
7065,0.631317
7066,0.628277
7067,0.625151
7068,0.621985
7069,0.620376
7070,0.617092
7071,0.615415
7072,0.612016
7073,0.610304
7074,0.606854
7075,0.605119
7076,0.603381
7077,0.599887
7078,0.598131
7079,0.596363
7080,0.592773
7081,0.590947
7082,0.587276
7083,0.58543
7084,0.58172
7085,0.579849
7086,0.57609
7087,0.574201
7088,0.572306
7089,0.568483
7090,0.566553
7091,0.562665
7092,0.560707
7093,0.556765
7094,0.554779
7095,0.552783
7096,0.548757
7097,0.546729
7098,0.544695
7099,0.54061
7100,0.536498
7101,0.534432
7102,0.53236
7103,0.528192
7104,0.526098
7105,0.524
7106,0.519786
7107,0.517672
7108,0.513437
7109,0.511315
7110,0.509191
7111,0.504932
7112,0.5028
7113,0.498539
7114,0.496411
7115,0.492154
7116,0.490023
7117,0.487894
7118,0.483645
7119,0.481525
7120,0.477294
7121,0.475182
7122,0.470982
7123,0.468895
7124,0.464739
7125,0.462667
7126,0.4606
7127,0.456496
7128,0.454459
7129,0.450409
7130,0.448395
7131,0.444397
7132,0.442416
7133,0.440446
7134,0.438486
7135,0.434598
7136,0.432671
7137,0.430754
7138,0.42694
7139,0.423168
7140,0.421306
7141,0.41764
7142,0.415837
7143,0.412288
7144,0.408813
7145,0.405422
7146,0.402123
7147,0.400498
7148,0.397273
7149,0.395669
7150,0.392464
7151,0.389266
7152,0.386127
7153,0.384571
7154,0.381524
7155,0.380049
7156,0.378608
7157,0.37576
7158,0.374349
7159,0.371533
7160,0.368703
7161,0.365877
7162,0.364472
7163,0.361696
7164,0.360326
7165,0.357634
7166,0.356301
7167,0.353659
7168,0.352327
7169,0.349647
7170,0.348285
7171,0.345586
7172,0.344262
7173,0.34296
7174,0.340255
7175,0.338836
7176,0.33571
7177,0.333832
7178,0.329897
7179,0.327995
7180,0.326189
7181,0.323151
7182,0.322308
7183,0.321034
7184,0.320507
7185,0.320026
7186,0.318311
7187,0.316933
7188,0.313522
7189,0.311528
7190,0.307521
7191,0.305598
7192,0.302529
7193,0.300647
7194,0.300045
7195,0.299308
7196,0.299095
7197,0.298388
7198,0.297038
7199,0.296177
7200,0.294151
7201,0.292987
7202,0.290782
7203,0.289791
7204,0.288904
7205,0.287408
7206,0.286781
7207,0.285653
7208,0.285123
7209,0.284054
7210,0.283495
7211,0.282939
7212,0.281834
7213,0.281292
7214,0.280266
7215,0.279777
7216,0.278918
7217,0.278552
7218,0.277872
7219,0.277545
7220,0.277255
7221,0.276802
7222,0.276638
7223,0.276384
7224,0.276283
7225,0.276132
7226,0.276086
7227,0.276158
7228,0.276298
7229,0.276569
7230,0.276646
7231,0.276944
7232,0.277211
7233,0.277566
7234,0.277921
7235,0.278513
7236,0.278766
7237,0.279629
7238,0.280266
7239,0.281718
7240,0.283003
7241,0.283623
7242,0.284947
7243,0.286767
7244,0.287994
7245,0.289402
7246,0.291914
7247,0.294007
7248,0.295401
7249,0.29899
7250,0.303196
7251,0.305059
7252,0.308408
7253,0.310111
7254,0.315259
7255,0.318623
7256,0.32245
7257,0.32971
7258,0.332921
7259,0.335764
7260,0.341275
7261,0.343927
7262,0.349534
7263,0.352724
7264,0.359769
7265,0.363562
7266,0.370985
7267,0.374312
7268,0.377348
7269,0.382667
7270,0.385018
7271,0.387071
7272,0.391552
7273,0.395516
7274,0.397393
7275,0.401214
7276,0.405497
7277,0.407137
7278,0.410092
7279,0.411423
7280,0.413348
7281,0.414496
7282,0.414895
7283,0.415478
7284,0.415665
7285,0.4159
7286,0.416053
7287,0.416635
7288,0.41711
7289,0.418175
7290,0.418752
7291,0.419897
7292,0.420453
7293,0.421497
7294,0.421996
7295,0.422967
7296,0.423445
7297,0.424397
7298,0.424882
7299,0.426077
7300,0.427607
7301,0.428461
7302,0.430312
7303,0.431878
7304,0.432505
7305,0.433473
7306,0.433815
7307,0.434231
7308,0.434299
7309,0.43434
7310,0.434444
7311,0.434628
7312,0.435101
7313,0.435351
7314,0.43596
7315,0.436266
7316,0.437005
7317,0.438005
7318,0.438623
7319,0.440087
7320,0.440907
7321,0.442583
7322,0.44345
7323,0.445182
7324,0.446026
7325,0.447666
7326,0.448475
7327,0.449635
7328,0.449832
7329,0.449966
7330,0.45002
7331,0.450867
7332,0.451686
7333,0.45214
7334,0.45048
7335,0.449916
7336,0.449613
7337,0.44965
7338,0.449363
7339,0.447904
7340,0.446872
7341,0.446023
7342,0.445633
7343,0.446236
7344,0.44588
7345,0.444768
7346,0.441249
7347,0.439333
7348,0.437025
7349,0.436299
7350,0.435441
7351,0.433439
7352,0.43224
7353,0.431036
7354,0.429125
7355,0.428588
7356,0.428297
7357,0.428602
7358,0.43004
7359,0.432506
7360,0.434163
7361,0.438284
7362,0.440714
7363,0.446011
7364,0.448603
7365,0.453369
7366,0.457468
7367,0.459386
7368,0.463294
7369,0.467406
7370,0.469545
7371,0.473795
7372,0.475883
7373,0.477992
7374,0.482482
7375,0.487353
7376,0.489908
7377,0.495127
7378,0.497815
7379,0.503426
7380,0.509448
7381,0.516025
7382,0.51954
7383,0.523185
7384,0.530643
7385,0.5344
7386,0.54172
7387,0.545201
7388,0.551706
7389,0.557643
7390,0.560473
7391,0.565867
7392,0.568383
7393,0.57279
7394,0.574482
7395,0.578449
7396,0.580975
7397,0.585856
7398,0.589558
7399,0.591193
7400,0.593991
7401,0.595074
7402,0.59691
7403,0.597721
7404,0.599182
7405,0.600077
7406,0.600213
7407,0.600108
7408,0.59991
7409,0.599195
7410,0.597891
7411,0.597069
7412,0.595201
7413,0.594204
7414,0.592214
7415,0.59125
7416,0.589487
7417,0.58807
7418,0.587597
7419,0.587283
7420,0.587729
7421,0.5887
7422,0.591614
7423,0.593092
7424,0.596009
7425,0.597563
7426,0.601306
7427,0.603569
7428,0.608757
7429,0.611681
7430,0.618424
7431,0.621553
7432,0.626272
7433,0.627838
7434,0.630275
7435,0.631679
7436,0.635072
7437,0.636931
7438,0.638875
7439,0.642817
7440,0.644658
7441,0.647976
7442,0.649394
7443,0.652122
7444,0.653641
7445,0.657206
7446,0.659291
7447,0.66163
7448,0.667265
7449,0.670614
7450,0.674314
7451,0.682707
7452,0.687389
7453,0.696927
7454,0.701127
7455,0.708397
7456,0.711599
7457,0.715189
7458,0.723588
7459,0.728356
7460,0.733472
7461,0.744472
7462,0.755065
7463,0.763783
7464,0.768574
7465,0.773608
7466,0.778983
7467,0.790937
7468,0.797498
7469,0.8107
7470,0.823447
7471,0.829741
7472,0.841811
7473,0.84748
7474,0.857881
7475,0.862799
7476,0.872589
7477,0.877549
7478,0.885763
7479,0.889007
7480,0.891742
7481,0.894006
7482,0.897639
7483,0.900649
7484,0.902342
7485,0.906116
7486,0.908088
7487,0.911207
7488,0.912068
7489,0.912619
7490,0.912184
7491,0.911234
7492,0.910565
7493,0.90887
7494,0.907063
7495,0.906198
7496,0.905236
7497,0.902793
7498,0.899518
7499,0.897528
7500,0.893696
7501,0.890579
7502,0.889052
7503,0.88575
7504,0.883844
7505,0.879793
7506,0.877792
7507,0.874129
7508,0.872581
7509,0.86996
7510,0.868873
7511,0.866552
7512,0.863499
7513,0.86181
7514,0.858747
7515,0.857632
7516,0.856155
7517,0.855763
7518,0.855623
7519,0.855864
7520,0.856258
7521,0.856808
7522,0.858363
7523,0.85933
7524,0.860398
7525,0.861391
7526,0.862146
7527,0.862765
7528,0.862643
7529,0.862318
7530,0.861325
7531,0.860772
7532,0.860205
7533,0.859622
7534,0.858199
7535,0.857326
7536,0.856329
7537,0.855162
7538,0.852313
7539,0.850679
7540,0.84892
7541,0.845153
7542,0.843152
7543,0.838846
7544,0.836519
7545,0.834073
7546,0.828697
7547,0.825745
7548,0.822616
7549,0.815898
7550,0.812316
7551,0.80478
7552,0.80086
7553,0.7927
7554,0.788469
7555,0.779686
7556,0.775061
7557,0.765256
7558,0.754638
7559,0.749132
7560,0.738185
7561,0.73285
7562,0.722453
7563,0.717367
7564,0.712283
7565,0.707105
7566,0.69636
7567,0.690801
7568,0.679457
7569,0.673703
7570,0.662323
7571,0.656764
7572,0.651266
7573,0.640239
7574,0.634689
7575,0.629118
7576,0.623482
7577,0.611838
7578,0.605867
7579,0.593905
7580,0.588
7581,0.582439
7582,0.571932
7583,0.560525
7584,0.554546
7585,0.54198
7586,0.529119
7587,0.523081
7588,0.510368
7589,0.503842
7590,0.490571
7591,0.477453
7592,0.465924
7593,0.461122
7594,0.45149
7595,0.449805
7596,0.444833
7597,0.442868
7598,0.437958
7599,0.434593
7600,0.426091
7601,0.421072
7602,0.411458
7603,0.40714
7604,0.399622
7605,0.39301
7606,0.389487
7607,0.385748
7608,0.376573
7609,0.371032
7610,0.359989
7611,0.354932
7612,0.3499
7613,0.340954
7614,0.336911
7615,0.333089
7616,0.324865
7617,0.320377
7618,0.315881
7619,0.307306
7620,0.303184
7621,0.295214
7622,0.291391
7623,0.283941
7624,0.276543
7625,0.269
7626,0.2652
7627,0.257661
7628,0.250229
7629,0.24658
7630,0.239544
7631,0.232837
7632,0.226378
7633,0.220065
7634,0.213994
7635,0.211131
7636,0.205654
7637,0.203037
7638,0.198061
7639,0.193377
7640,0.18904
7641,0.185094
7642,0.181749
7643,0.180345
7644,0.178063
7645,0.176326
7646,0.175022
7647,0.174
7648,0.173229
7649,0.172834
7650,0.173067
7651,0.173967
7652,0.174607
7653,0.176331
7654,0.178646
7655,0.181573
7656,0.184928
7657,0.188537
7658,0.190372
7659,0.193786
7660,0.19665
7661,0.198743
7662,0.199875
7663,0.200264
7664,0.200775
7665,0.201127
7666,0.20159
7667,0.202012
7668,0.202397
7669,0.201654
7670,0.200842
7671,0.197915
7672,0.196916
7673,0.194863
7674,0.19264
7675,0.190402
7676,0.189307
7677,0.18716
7678,0.184957
7679,0.183833
7680,0.181727
7681,0.180383
7682,0.180183
7683,0.180543
7684,0.182156
7685,0.184481
7686,0.185926
7687,0.188425
7688,0.189802
7689,0.190096
7690,0.191257
7691,0.192645
7692,0.193352
7693,0.194046
7694,0.195114
7695,0.195735
7696,0.19579
7697,0.195233
7698,0.194767
7699,0.193546
7700,0.191904
7701,0.190936
7702,0.188891
7703,0.187108
7704,0.185112
7705,0.183308
7706,0.17983
7707,0.178087
7708,0.178002
7709,0.179091
7710,0.180172
7711,0.183176
7712,0.18774
7713,0.194098
7714,0.201567
7715,0.20835
7716,0.215747
7717,0.22374
7718,0.227737
7719,0.234873
7720,0.241159
7721,0.244016
7722,0.248725
7723,0.252297
7724,0.253737
7725,0.2566
7726,0.259811
7727,0.263803
7728,0.268748
7729,0.271565
7730,0.274676
7731,0.281648
7732,0.285433
7733,0.293472
7734,0.297679
7735,0.306807
7736,0.312146
7737,0.322838
7738,0.328039
7739,0.338045
7740,0.342846
7741,0.351869
7742,0.35989
7743,0.36344
7744,0.369527
7745,0.374427
7746,0.376461
7747,0.379024
7748,0.379515
7749,0.379281
7750,0.3777
7751,0.376596
7752,0.373839
7753,0.372261
7754,0.369161
7755,0.367772
7756,0.36419
7757,0.362107
7758,0.36109
7759,0.359587
7760,0.358371
7761,0.357649
7762,0.356385
7763,0.354924
7764,0.35289
7765,0.350212
7766,0.348651
7767,0.345501
7768,0.344045
7769,0.340959
7770,0.339225
7771,0.337378
7772,0.333912
7773,0.332365
7774,0.329377
7775,0.327779
7776,0.324051
7777,0.322009
7778,0.319879
7779,0.316049
7780,0.31438
7781,0.310861
7782,0.308945
7783,0.307032
7784,0.304044
7785,0.302832
7786,0.300023
7787,0.298191
7788,0.294081
7789,0.291969
7790,0.287669
7791,0.283422
7792,0.281661
7793,0.279189
7794,0.277908
7795,0.277579
7796,0.277424
7797,0.277356
7798,0.277053
7799,0.276815
7800,0.276202
7801,0.275553
7802,0.275275
7803,0.274786
7804,0.274551
7805,0.273543
7806,0.271916
7807,0.269869
7808,0.268732
7809,0.266308
7810,0.265037
7811,0.263751
7812,0.261155
7813,0.259845
7814,0.257153
7815,0.255954
7816,0.254921
7817,0.253122
7818,0.252107
7819,0.25044
7820,0.249342
7821,0.248866
7822,0.248329
7823,0.247698
7824,0.247028
7825,0.245903
7826,0.245526
7827,0.245041
7828,0.244901
7829,0.244752
7830,0.244734
7831,0.24479
7832,0.244857
7833,0.244945
7834,0.245178
7835,0.245318
7836,0.245471
7837,0.245782
7838,0.245931
7839,0.246081
7840,0.246427
7841,0.24662
7842,0.24698
7843,0.247138
7844,0.247281
7845,0.247435
7846,0.24779
7847,0.247971
7848,0.247839
7849,0.247391
7850,0.245779
7851,0.24468
7852,0.243372
7853,0.240121
7854,0.238108
7855,0.23475
7856,0.231803
7857,0.230387
7858,0.227765
7859,0.226682
7860,0.225281
7861,0.2251
7862,0.225073
7863,0.225086
7864,0.225105
7865,0.225218
7866,0.225054
7867,0.224747
7868,0.224886
7869,0.225281
7870,0.225864
7871,0.227695
7872,0.228887
7873,0.231208
7874,0.232403
7875,0.235652
7876,0.237595
7877,0.239656
7878,0.243236
7879,0.244807
7880,0.248128
7881,0.249948
7882,0.251754
7883,0.255135
7884,0.25661
7885,0.25966
7886,0.261203
7887,0.264201
7888,0.265613
7889,0.268351
7890,0.269723
7891,0.272347
7892,0.274634
7893,0.275792
7894,0.278293
7895,0.279697
7896,0.28233
7897,0.283488
7898,0.285896
7899,0.288583
7900,0.289994
7901,0.292766
7902,0.29413
7903,0.296976
7904,0.298433
7905,0.30125
7906,0.302571
7907,0.305134
7908,0.306424
7909,0.309305
7910,0.31078
7911,0.313307
7912,0.314507
7913,0.316969
7914,0.318138
7915,0.31924
7916,0.321053
7917,0.321645
7918,0.322399
7919,0.322631
7920,0.323115
7921,0.323353
7922,0.323569
7923,0.323999
7924,0.324242
7925,0.324721
7926,0.324896
7927,0.325032
7928,0.325322
7929,0.325501
7930,0.325879
7931,0.326026
7932,0.326276
7933,0.326461
7934,0.326706
7935,0.327342
7936,0.327675
7937,0.328259
7938,0.328533
7939,0.329299
7940,0.329818
7941,0.330413
7942,0.331483
7943,0.33233
7944,0.332739
7945,0.333933
7946,0.334708
7947,0.335527
7948,0.336307
7949,0.336959
7950,0.338114
7951,0.338777
7952,0.340499
7953,0.342451
7954,0.342622
7955,0.342311
7956,0.342602
7957,0.344302
7958,0.345866
7959,0.346229
7960,0.346643
7961,0.347037
7962,0.34771
7963,0.348785
7964,0.349832
7965,0.35009
7966,0.35017
7967,0.350302
7968,0.351255
7969,0.353015
7970,0.353919
7971,0.355181
7972,0.355618
7973,0.356285
7974,0.356458
7975,0.357234
7976,0.357974
7977,0.35966
7978,0.36098
7979,0.361466
7980,0.362257
7981,0.363103
7982,0.363447
7983,0.364166
7984,0.364814
7985,0.366421
7986,0.367757
7987,0.368367
7988,0.368596
7989,0.369163
7990,0.370048
7991,0.371146
7992,0.372182
7993,0.372611
7994,0.373007
7995,0.373815
7996,0.374633
7997,0.375054
7998,0.375735
7999,0.375947
8000,0.375981
8001,0.376638
8002,0.377268
8003,0.378793
8004,0.379499
8005,0.380715
8006,0.381267
8007,0.382656
8008,0.384475
8009,0.38642
8010,0.388187
8011,0.389769
8012,0.391513
8013,0.393532
8014,0.395586
8015,0.396624
8016,0.397729
8017,0.400101
8018,0.40132
8019,0.402425
8020,0.403331
8021,0.404769
8022,0.405359
8023,0.406392
8024,0.406804
8025,0.407217
8026,0.40717
8027,0.407667
8028,0.407886
8029,0.407763
8030,0.408851
8031,0.410274
8032,0.413628
8033,0.415277
8034,0.417873
8035,0.420244
8036,0.421538
8037,0.423973
8038,0.424991
8039,0.426496
8040,0.42703
8041,0.427853
8042,0.42798
8043,0.427305
8044,0.426725
8045,0.42599
8046,0.425377
8047,0.425462
8048,0.425661
8049,0.425742
8050,0.425996
8051,0.426252
8052,0.426625
8053,0.427533
8054,0.427962
8055,0.428278
8056,0.428704
8057,0.429288
8058,0.429768
8059,0.430217
8060,0.430636
8061,0.431033
8062,0.431062
8063,0.431379
8064,0.431389
8065,0.431308
8066,0.43156
8067,0.431996
8068,0.432666
8069,0.432841
8070,0.433399
8071,0.433938
8072,0.435012
8073,0.435412
8074,0.436426
8075,0.437008
8076,0.438155
8077,0.438794
8078,0.440294
8079,0.441298
8080,0.44367
8081,0.44487
8082,0.447213
8083,0.448447
8084,0.451242
8085,0.452958
8086,0.45487
8087,0.458087
8088,0.45976
8089,0.464031
8090,0.466417
8091,0.471001
8092,0.473045
8093,0.477063
8094,0.47915
8095,0.483163
8096,0.486147
8097,0.487225
8098,0.488807
8099,0.489563
8100,0.491589
8101,0.492824
8102,0.494683
8103,0.495046
8104,0.495009
8105,0.495035
8106,0.49535
8107,0.496058
8108,0.495363
8109,0.494395
8110,0.491629
8111,0.489803
8112,0.485344
8113,0.479906
8114,0.476957
8115,0.471751
8116,0.469697
8117,0.46797
8118,0.464966
8119,0.463664
8120,0.461689
8121,0.460763
8122,0.460798
8123,0.460994
8124,0.461133
8125,0.461
8126,0.460326
8127,0.459337
8128,0.45878
8129,0.458212
8130,0.457055
8131,0.455927
8132,0.45492
8133,0.454481
8134,0.453677
8135,0.453304
8136,0.452573
8137,0.451916
8138,0.451539
8139,0.451382
8140,0.45132
8141,0.451239
8142,0.451181
8143,0.451176
8144,0.451168
8145,0.451136
8146,0.451113
8147,0.451096
8148,0.451049
8149,0.450978
8150,0.450925
8151,0.450865
8152,0.450767
8153,0.450736
8154,0.45071
8155,0.450712
8156,0.450726
8157,0.450738
8158,0.450759
8159,0.450788
8160,0.450899
8161,0.45098
8162,0.451174
8163,0.451273
8164,0.45147
8165,0.45156
8166,0.451645
8167,0.451801
8168,0.451874
8169,0.451949
8170,0.452093
8171,0.452165
8172,0.452287
8173,0.45233
8174,0.452362
8175,0.452373
8176,0.452354
8177,0.452326
8178,0.45229
8179,0.452184
8180,0.452107
8181,0.451886
8182,0.451731
8183,0.451545
8184,0.451056
8185,0.450753
8186,0.450418
8187,0.449673
8188,0.449271
8189,0.448446
8190,0.448028
8191,0.447182
8192,0.446753
8193,0.445889
8194,0.445446
8195,0.444474
8196,0.443296
8197,0.442511
8198,0.440291
8199,0.438717
8200,0.43454
8201,0.431845
8202,0.426551
8203,0.423119
8204,0.422036
8205,0.420791
8206,0.420482
8207,0.420381
8208,0.42051
8209,0.420837
8210,0.420911
8211,0.420604
8212,0.420201
8213,0.419206
8214,0.418697
8215,0.417734
8216,0.417279
8217,0.416421
8218,0.416013
8219,0.415226
8220,0.414842
8221,0.414066
8222,0.413669
8223,0.413271
8224,0.4125
8225,0.412132
8226,0.411427
8227,0.41109
8228,0.41076
8229,0.410124
8230,0.409817
8231,0.409229
8232,0.408675
8233,0.40841
8234,0.408154
8235,0.407706
8236,0.407511
8237,0.407184
8238,0.407048
8239,0.406925
8240,0.406712
8241,0.406533
8242,0.406455
8243,0.406329
8244,0.406279
8245,0.406188
8246,0.406145
8247,0.406074
8248,0.406055
8249,0.406046
8250,0.406067
8251,0.406093
8252,0.406174
8253,0.406232
8254,0.4063
8255,0.406478
8256,0.406588
8257,0.406837
8258,0.407131
8259,0.407292
8260,0.407656
8261,0.407861
8262,0.408306
8263,0.408545
8264,0.408795
8265,0.409329
8266,0.409609
8267,0.409896
8268,0.410493
8269,0.410802
8270,0.411439
8271,0.411769
8272,0.412105
8273,0.412449
8274,0.413164
8275,0.413533
8276,0.413908
8277,0.414679
8278,0.415074
8279,0.415879
8280,0.416291
8281,0.416708
8282,0.41756
8283,0.417996
8284,0.418883
8285,0.419334
8286,0.41979
8287,0.420718
8288,0.42119
8289,0.422151
8290,0.422641
8291,0.423555
8292,0.423987
8293,0.424799
8294,0.42521
8295,0.426065
8296,0.426516
8297,0.42743
8298,0.427838
8299,0.42821
8300,0.428903
8301,0.429245
8302,0.429917
8303,0.430251
8304,0.430575
8305,0.431515
8306,0.431822
8307,0.432446
8308,0.433129
8309,0.433854
8310,0.434593
8311,0.435323
8312,0.435681
8313,0.436033
8314,0.436688
8315,0.43698
8316,0.437521
8317,0.43778
8318,0.438037
8319,0.438558
8320,0.439147
8321,0.439816
8322,0.440508
8323,0.441132
8324,0.441642
8325,0.441849
8326,0.442174
8327,0.44229
8328,0.442426
8329,0.44244
8330,0.442422
8331,0.442289
8332,0.442177
8333,0.442037
8334,0.441733
8335,0.441556
8336,0.44151
8337,0.441384
8338,0.441268
8339,0.441022
8340,0.440903
8341,0.440597
8342,0.440151
8343,0.43989
8344,0.439337
8345,0.43905
8346,0.438407
8347,0.438045
8348,0.437236
8349,0.436804
8350,0.435901
8351,0.434986
8352,0.434545
8353,0.434119
8354,0.433299
8355,0.432908
8356,0.432185
8357,0.431842
8358,0.431179
8359,0.430854
8360,0.430226
8361,0.429929
8362,0.429365
8363,0.429097
8364,0.42859
8365,0.428354
8366,0.42792
8367,0.427722
8368,0.427364
8369,0.427203
8370,0.426923
8371,0.426809
8372,0.426618
8373,0.426547
8374,0.426492
8375,0.426398
8376,0.42636
8377,0.426484
8378,0.426662
8379,0.4269
8380,0.427466
8381,0.42811
8382,0.428478
8383,0.428552
8384,0.42851
8385,0.428305
8386,0.428185
8387,0.427953
8388,0.427849
8389,0.427695
8390,0.42764
8391,0.427595
8392,0.427507
8393,0.427463
8394,0.42737
8395,0.427319
8396,0.427218
8397,0.427167
8398,0.427071
8399,0.427027
8400,0.426934
8401,0.426878
8402,0.426817
8403,0.4267
8404,0.42659
8405,0.426526
8406,0.426455
8407,0.426311
8408,0.426245
8409,0.426177
8410,0.426024
8411,0.42594
8412,0.42579
8413,0.425719
8414,0.425562
8415,0.425476
8416,0.425309
8417,0.425232
8418,0.425098
8419,0.425034
8420,0.424909
8421,0.424849
8422,0.424797
8423,0.424722
8424,0.424697
8425,0.424657
8426,0.424634
8427,0.424589
8428,0.424571
8429,0.424554
8430,0.424536
8431,0.424536
8432,0.424552
8433,0.424567
8434,0.424605
8435,0.424628
8436,0.424655
8437,0.424711
8438,0.424741
8439,0.424802
8440,0.424834
8441,0.42491
8442,0.424954
8443,0.425052
8444,0.425105
8445,0.425212
8446,0.425268
8447,0.425326
8448,0.425448
8449,0.425507
8450,0.425623
8451,0.42568
8452,0.425738
8453,0.425856
8454,0.425918
8455,0.426045
8456,0.426112
8457,0.426252
8458,0.426325
8459,0.426478
8460,0.426558
8461,0.426723
8462,0.426809
8463,0.426896
8464,0.427084
8465,0.427185
8466,0.427393
8467,0.427502
8468,0.427714
8469,0.427805
8470,0.427958
8471,0.428025
8472,0.428147
8473,0.428206
8474,0.428263
8475,0.428378
8476,0.428436
8477,0.428552
8478,0.428611
8479,0.428734
8480,0.428866
8481,0.428933
8482,0.429073
8483,0.429147
8484,0.429301
8485,0.429381
8486,0.429546
8487,0.429632
8488,0.429809
8489,0.429994
8490,0.430185
8491,0.430383
8492,0.430485
8493,0.430697
8494,0.430919
8495,0.431032
8496,0.43126
8497,0.431496
8498,0.431616
8499,0.431861
8500,0.431988
8501,0.432244
8502,0.432375
8503,0.432638
8504,0.432768
8505,0.433059
8506,0.433393
8507,0.433575
8508,0.43394
8509,0.434306
8510,0.434499
8511,0.434909
8512,0.435122
8513,0.435546
8514,0.435969
8515,0.436188
8516,0.436641
8517,0.436874
8518,0.437109
8519,0.437576
8520,0.437981
8521,0.438165
8522,0.438505
8523,0.438663
8524,0.438962
8525,0.439107
8526,0.439394
8527,0.43968
8528,0.43996
8529,0.4401
8530,0.440388
8531,0.440545
8532,0.440898
8533,0.441096
8534,0.441511
8535,0.441946
8536,0.442175
8537,0.442665
8538,0.443194
8539,0.443473
8540,0.444058
8541,0.444364
8542,0.444968
8543,0.445268
8544,0.445853
8545,0.446141
8546,0.446724
8547,0.447333
8548,0.447939
8549,0.448532
8550,0.448823
8551,0.449359
8552,0.449854
8553,0.450093
8554,0.450572
8555,0.451078
8556,0.451343
8557,0.451886
8558,0.452153
8559,0.452679
8560,0.452949
8561,0.453518
8562,0.454089
8563,0.454689
8564,0.45499
8565,0.455597
8566,0.45623
8567,0.456515
8568,0.45703
8569,0.457279
8570,0.457775
8571,0.458026
8572,0.458279
8573,0.458799
8574,0.459065
8575,0.459611
8576,0.45989
8577,0.460458
8578,0.460746
8579,0.46133
8580,0.461626
8581,0.462224
8582,0.462527
8583,0.463139
8584,0.463447
8585,0.464071
8586,0.464387
8587,0.465022
8588,0.465316
8589,0.465836
8590,0.466065
8591,0.466471
8592,0.466651
8593,0.46697
8594,0.467113
8595,0.467393
8596,0.467529
8597,0.467669
8598,0.467961
8599,0.468273
8600,0.468443
8601,0.468623
8602,0.469005
8603,0.469207
8604,0.469597
8605,0.469786
8606,0.470148
8607,0.470498
8608,0.470862
8609,0.471187
8610,0.471331
8611,0.471585
8612,0.471698
8613,0.471901
8614,0.471993
8615,0.472079
8616,0.472237
8617,0.472311
8618,0.472447
8619,0.472511
8620,0.472571
8621,0.472683
8622,0.472782
8623,0.472828
8624,0.47291
8625,0.472948
8626,0.473016
8627,0.473045
8628,0.473097
8629,0.473119
8630,0.473156
8631,0.473171
8632,0.473197
8633,0.473208
8634,0.473229
8635,0.473238
8636,0.473246
8637,0.473262
8638,0.473269
8639,0.473276
8640,0.47329
8641,0.473303
8642,0.473315
8643,0.473321
8644,0.473326
8645,0.473337
8646,0.473341
8647,0.473351
8648,0.473355
8649,0.473364
8650,0.473368
8651,0.473376
8652,0.473379
8653,0.473386
8654,0.47339
8655,0.473396
8656,0.473399
8657,0.473401
8658,0.473407
8659,0.47341
8660,0.473416
8661,0.473418
8662,0.473421
8663,0.473372
8664,0.473348
8665,0.473287
8666,0.47325
8667,0.473182
8668,0.473153
8669,0.473126
8670,0.473075
8671,0.473049
8672,0.472992
8673,0.472959
8674,0.472884
8675,0.472842
8676,0.472747
8677,0.472693
8678,0.472574
8679,0.472437
8680,0.472283
8681,0.4722
8682,0.472021
8683,0.471924
8684,0.471717
8685,0.471607
8686,0.471363
8687,0.471231
8688,0.47096
8689,0.470821
8690,0.470523
8691,0.470366
8692,0.470208
8693,0.469884
8694,0.469718
8695,0.469373
8696,0.469184
8697,0.468778
8698,0.468384
8699,0.4682
8700,0.468021
8701,0.467663
8702,0.46748
8703,0.467053
8704,0.46681
8705,0.466294
8706,0.466046
8707,0.465568
8708,0.465106
8709,0.464638
8710,0.464391
8711,0.463894
8712,0.463646
8713,0.463399
8714,0.462908
8715,0.462663
8716,0.46217
8717,0.461923
8718,0.461434
8719,0.461176
8720,0.460906
8721,0.460336
8722,0.459778
8723,0.459502
8724,0.458945
8725,0.458663
8726,0.458363
8727,0.457727
8728,0.457414
8729,0.456808
8730,0.45621
8731,0.455914
8732,0.455295
8733,0.454982
8734,0.454488
8735,0.45429
8736,0.45412
8737,0.45382
8738,0.453681
8739,0.453408
8740,0.45327
8741,0.452987
8742,0.45284
8743,0.45254
8744,0.452387
8745,0.452076
8746,0.451763
8747,0.451606
8748,0.451294
8749,0.451132
8750,0.450816
8751,0.450652
8752,0.450315
8753,0.450159
8754,0.449888
8755,0.449769
8756,0.449558
8757,0.449473
8758,0.449397
8759,0.449272
8760,0.449222
8761,0.44914
8762,0.449106
8763,0.449043
8764,0.449013
8765,0.448985
8766,0.448935
8767,0.448913
8768,0.448869
8769,0.448847
8770,0.448826
8771,0.448787
8772,0.448769
8773,0.448733
8774,0.448715
8775,0.44868
8776,0.448664
8777,0.448649
8778,0.448619
8779,0.448605
8780,0.448578
8781,0.448565
8782,0.448553
8783,0.448531
8784,0.448521
8785,0.448501
8786,0.448483
8787,0.448475
8788,0.448466
8789,0.448451
8790,0.448444
8791,0.44843
8792,0.448424
8793,0.448413
8794,0.448408
8795,0.448403
8796,0.448395
8797,0.448388
8798,0.448385
8799,0.448383
8800,0.44838
8801,0.44838
8802,0.448379
8803,0.44838
8804,0.448384
8805,0.448389
8806,0.448395
8807,0.448415
8808,0.448427
8809,0.448454
8810,0.448469
8811,0.448485
8812,0.448524
8813,0.448549
8814,0.448598
8815,0.448625
8816,0.448652
8817,0.448682
8818,0.448748
8819,0.448803
8820,0.448861
8821,0.448898
8822,0.448988
8823,0.44904
8824,0.449154
8825,0.449215
8826,0.449342
8827,0.449477
8828,0.449546
8829,0.449689
8830,0.449835
8831,0.449909
8832,0.449983
8833,0.450134
8834,0.450287
8835,0.450363
8836,0.450517
8837,0.450672
8838,0.45075
8839,0.450907
8840,0.451066
8841,0.451147
8842,0.451228
8843,0.451392
8844,0.451475
8845,0.451558
8846,0.451713
8847,0.451819
8848,0.451858
8849,0.451916
8850,0.451955
8851,0.45197
8852,0.451998
8853,0.452014
8854,0.452031
8855,0.452076
8856,0.452102
8857,0.452205
8858,0.452292
8859,0.452342
8860,0.452454
8861,0.452516
8862,0.452654
8863,0.452729
8864,0.452809
8865,0.452978
8866,0.453165
8867,0.453384
8868,0.453506
8869,0.453763
8870,0.454014
8871,0.45426
8872,0.454382
8873,0.454624
8874,0.454753
8875,0.455037
8876,0.455182
8877,0.455468
8878,0.455611
8879,0.455753
8880,0.456061
8881,0.456363
8882,0.456509
8883,0.456795
8884,0.456936
8885,0.457217
8886,0.457359
8887,0.457502
8888,0.457817
8889,0.457989
8890,0.45835
8891,0.458528
8892,0.458878
8893,0.459062
8894,0.459442
8895,0.45963
8896,0.460011
8897,0.460214
8898,0.460613
8899,0.461016
8900,0.46123
8901,0.461857
8902,0.462072
8903,0.462507
8904,0.462954
8905,0.463402
8906,0.463622
8907,0.46409
8908,0.464324
8909,0.464796
8910,0.465507
8911,0.465757
8912,0.466243
8913,0.466481
8914,0.466961
8915,0.467473
8916,0.467979
8917,0.468469
8918,0.468709
8919,0.469214
8920,0.46974
8921,0.470248
8922,0.470742
8923,0.471256
8924,0.471526
8925,0.47205
8926,0.472557
8927,0.473019
8928,0.473465
8929,0.473687
8930,0.474137
8931,0.474597
8932,0.475072
8933,0.475316
8934,0.475814
8935,0.476069
8936,0.476327
8937,0.47684
8938,0.477083
8939,0.477548
8940,0.477771
8941,0.477991
8942,0.478207
8943,0.47863
8944,0.478846
8945,0.479069
8946,0.479517
8947,0.479731
8948,0.479938
8949,0.480334
8950,0.480525
8951,0.480892
8952,0.48107
8953,0.481253
8954,0.481441
8955,0.481623
8956,0.48197
8957,0.482135
8958,0.482451
8959,0.482603
8960,0.482751
8961,0.483054
8962,0.483199
8963,0.483339
8964,0.483619
8965,0.483756
8966,0.48389
8967,0.484019
8968,0.484265
8969,0.484382
8970,0.484496
8971,0.484716
8972,0.484925
8973,0.485035
8974,0.485243
8975,0.485342
8976,0.48553
8977,0.48562
8978,0.485791
8979,0.485872
8980,0.486028
8981,0.486102
8982,0.486246
8983,0.486381
8984,0.486509
8985,0.48657
8986,0.486629
8987,0.486741
8988,0.486793
8989,0.486844
8990,0.486893
8991,0.486984
8992,0.487027
8993,0.487106
8994,0.487142
8995,0.487209
8996,0.48724
8997,0.487298
8998,0.487326
8999,0.487379
9000,0.487405
9001,0.487429
9002,0.487476
9003,0.487499
9004,0.487543
9005,0.487586
9006,0.487606
9007,0.487647
9008,0.487667
9009,0.487705
9010,0.487725
9011,0.487762
9012,0.487781
9013,0.487799
9014,0.487836
9015,0.487853
9016,0.487889
9017,0.487907
9018,0.487942
9019,0.487959
9020,0.487977
9021,0.488012
9022,0.488029
9023,0.488047
9024,0.488065
9025,0.488082
9026,0.488118
9027,0.488135
9028,0.48817
9029,0.488187
9030,0.488205
9031,0.488239
9032,0.488256
9033,0.488273
9034,0.488289
9035,0.488323
9036,0.488339
9037,0.488372
9038,0.488385
9039,0.488396
9040,0.488404
9041,0.488415
9042,0.488418
9043,0.488419
9044,0.488417
9045,0.488405
9046,0.488381
9047,0.488342
9048,0.488317
9049,0.488287
9050,0.488253
9051,0.488214
9052,0.488124
9053,0.488072
9054,0.487956
9055,0.487892
9056,0.487823
9057,0.487673
9058,0.487591
9059,0.487415
9060,0.487321
9061,0.487221
9062,0.487116
9063,0.487005
9064,0.486769
9065,0.486633
9066,0.486357
9067,0.486216
9068,0.485918
9069,0.485761
9070,0.485605
9071,0.48529
9072,0.48513
9073,0.484968
9074,0.484803
9075,0.484441
9076,0.484075
9077,0.483689
9078,0.483303
9079,0.483126
9080,0.482955
9081,0.482598
9082,0.482191
9083,0.481781
9084,0.481365
9085,0.481146
9086,0.480715
9087,0.480491
9088,0.480036
9089,0.479805
9090,0.479564
9091,0.479052
9092,0.478789
9093,0.478523
9094,0.477982
9095,0.477706
9096,0.477428
9097,0.476865
9098,0.47658
9099,0.475956
9100,0.475643
9101,0.475335
9102,0.474732
9103,0.474437
9104,0.474128
9105,0.473486
9106,0.473174
9107,0.472564
9108,0.472265
9109,0.471634
9110,0.47102
9111,0.470718
9112,0.470419
9113,0.470123
9114,0.469485
9115,0.469166
9116,0.468685
9117,0.468504
9118,0.468214
9119,0.468087
9120,0.467843
9121,0.467719
9122,0.467592
9123,0.46733
9124,0.467193
9125,0.466912
9126,0.466767
9127,0.466475
9128,0.466327
9129,0.466031
9130,0.465729
9131,0.465569
9132,0.46558
9133,0.466079
9134,0.466475
9135,0.466811
9136,0.466648
9137,0.466167
9138,0.465362
9139,0.465023
9140,0.464744
9141,0.46452
9142,0.464338
9143,0.464081
9144,0.463993
9145,0.463922
9146,0.463817
9147,0.463779
9148,0.463747
9149,0.463721
9150,0.463699
9151,0.463665
9152,0.463641
9153,0.463624
9154,0.463611
9155,0.463605
9156,0.463596
9157,0.463593
9158,0.463589
9159,0.463586
9160,0.46358
9161,0.463578
9162,0.463575
9163,0.46357
9164,0.463567
9165,0.463564
9166,0.463561
9167,0.463555
9168,0.463551
9169,0.463548
9170,0.46354
9171,0.463536
9172,0.463526
9173,0.463521
9174,0.463516
9175,0.463505
9176,0.4635
9177,0.463494
9178,0.463488
9179,0.463482
9180,0.463471
9181,0.463466
9182,0.463455
9183,0.46345
9184,0.463444
9185,0.463435
9186,0.46343
9187,0.463426
9188,0.463417
9189,0.463413
9190,0.463408
9191,0.463399
9192,0.463395
9193,0.463385
9194,0.46338
9195,0.463374
9196,0.463369
9197,0.463363
9198,0.46335
9199,0.463336
9200,0.46334
9201,0.463368
9202,0.463391
9203,0.46342
9204,0.463489
9205,0.463571
9206,0.463663
9207,0.463711
9208,0.463761
9209,0.463865
9210,0.463918
9211,0.463972
9212,0.464082
9213,0.464137
9214,0.464248
9215,0.464359
9216,0.464415
9217,0.464471
9218,0.464583
9219,0.464695
9220,0.46475
9221,0.464862
9222,0.464917
9223,0.465028
9224,0.465084
9225,0.465197
9226,0.465255
9227,0.465371
9228,0.465452
9229,0.465478
9230,0.465676
9231,0.465992
9232,0.466462
9233,0.467431
9234,0.467914
9235,0.468211
9236,0.468118
9237,0.467914
9238,0.467824
9239,0.46774
9240,0.467584
9241,0.467509
9242,0.467366
9243,0.467298
9244,0.467173
9245,0.467118
9246,0.467022
9247,0.466983
9248,0.466926
9249,0.466908
9250,0.466898
9251,0.466912
9252,0.466955
9253,0.466985
9254,0.467018
9255,0.467115
9256,0.467237
9257,0.467307
9258,0.467458
9259,0.467547
9260,0.467733
9261,0.467836
9262,0.468061
9263,0.468286
9264,0.468399
9265,0.468626
9266,0.468847
9267,0.469067
9268,0.469299
9269,0.469428
9270,0.469566
9271,0.469703
9272,0.469977
9273,0.470251
9274,0.470396
9275,0.470701
9276,0.471007
9277,0.471338
9278,0.471674
9279,0.471842
9280,0.472017
9281,0.472383
9282,0.472564
9283,0.472932
9284,0.473128
9285,0.473516
9286,0.473708
9287,0.473908
9288,0.474315
9289,0.474737
9290,0.47495
9291,0.475162
9292,0.475372
9293,0.47559
9294,0.47604
9295,0.476261
9296,0.476706
9297,0.476939
9298,0.477169
9299,0.477672
9300,0.477928
9301,0.478454
9302,0.478711
9303,0.479203
9304,0.479439
9305,0.479906
9306,0.480149
9307,0.480643
9308,0.480882
9309,0.481347
9310,0.481575
9311,0.481809
9312,0.482299
9313,0.482544
9314,0.483019
9315,0.48325
9316,0.483714
9317,0.483956
9318,0.484438
9319,0.484655
9320,0.485059
9321,0.485251
9322,0.485627
9323,0.485817
9324,0.486209
9325,0.486412
9326,0.48683
9327,0.487045
9328,0.487488
9329,0.487716
9330,0.488137
9331,0.488335
9332,0.488706
9333,0.488884
9334,0.489229
9335,0.489399
9336,0.489738
9337,0.489907
9338,0.490244
9339,0.490412
9340,0.490587
9341,0.490956
9342,0.491138
9343,0.491488
9344,0.491655
9345,0.491975
9346,0.492277
9347,0.492563
9348,0.492832
9349,0.4931
9350,0.493283
9351,0.49374
9352,0.493932
9353,0.494261
9354,0.494546
9355,0.494791
9356,0.495008
9357,0.495113
9358,0.49521
9359,0.495298
9360,0.495379
9361,0.49545
9362,0.495578
9363,0.495698
9364,0.495757
9365,0.495864
9366,0.495912
9367,0.496004
9368,0.496047
9369,0.496088
9370,0.496167
9371,0.496204
9372,0.496278
9373,0.496314
9374,0.49635
9375,0.496421
9376,0.496456
9377,0.496525
9378,0.49656
9379,0.496628
9380,0.496661
9381,0.496729
9382,0.496762
9383,0.496829
9384,0.496862
9385,0.496929
9386,0.496963
9387,0.49703
9388,0.497064
9389,0.497097
9390,0.497165
9391,0.497198
9392,0.497231
9393,0.497298
9394,0.497332
9395,0.497365
9396,0.497432
9397,0.497498
9398,0.497531
9399,0.497564
9400,0.49763
9401,0.497663
9402,0.497728
9403,0.497761
9404,0.497827
9405,0.497859
9406,0.49792
9407,0.497949
9408,0.498001
9409,0.498023
9410,0.498059
9411,0.498072
9412,0.498082
9413,0.49809
9414,0.498085
9415,0.498077
9416,0.498065
9417,0.498033
9418,0.498015
9419,0.497978
9420,0.497956
9421,0.497901
9422,0.497866
9423,0.497827
9424,0.497733
9425,0.497678
9426,0.497552
9427,0.497481
9428,0.497324
9429,0.497237
9430,0.497048
9431,0.496946
9432,0.496838
9433,0.496602
9434,0.496475
9435,0.496207
9436,0.495882
9437,0.495712
9438,0.495373
9439,0.495205
9440,0.494869
9441,0.494699
9442,0.494351
9443,0.49417
9444,0.493974
9445,0.493554
9446,0.493347
9447,0.492941
9448,0.492741
9449,0.492346
9450,0.492137
9451,0.491702
9452,0.491286
9453,0.491101
9454,0.49074
9455,0.490552
9456,0.49034
9457,0.489836
9458,0.489568
9459,0.489032
9460,0.48875
9461,0.48847
9462,0.487883
9463,0.487589
9464,0.486985
9465,0.486681
9466,0.486066
9467,0.485758
9468,0.485141
9469,0.484833
9470,0.484215
9471,0.483906
9472,0.48328
9473,0.482941
9474,0.482245
9475,0.48191
9476,0.481261
9477,0.480945
9478,0.480273
9479,0.479939
9480,0.479288
9481,0.478979
9482,0.478655
9483,0.478024
9484,0.477697
9485,0.477044
9486,0.476454
9487,0.476236
9488,0.475905
9489,0.475773
9490,0.475655
9491,0.475429
9492,0.475317
9493,0.475094
9494,0.47498
9495,0.474752
9496,0.474637
9497,0.474411
9498,0.474301
9499,0.474086
9500,0.47401
9501,0.473955
9502,0.473878
9503,0.473844
9504,0.473767
9505,0.473722
9506,0.473629
9507,0.47358
9508,0.473527
9509,0.473406
9510,0.473339
9511,0.473217
9512,0.473162
9513,0.473114
9514,0.473043
9515,0.473017
9516,0.472975
9517,0.472957
9518,0.47294
9519,0.472913
9520,0.472893
9521,0.472876
9522,0.472868
9523,0.472862
9524,0.472851
9525,0.472846
9526,0.472836
9527,0.472831
9528,0.472826
9529,0.472816
9530,0.472805
9531,0.472793
9532,0.472786
9533,0.472772
9534,0.472765
9535,0.47275
9536,0.472742
9537,0.472733
9538,0.472725
9539,0.472708
9540,0.472699
9541,0.47268
9542,0.47267
9543,0.47265
9544,0.472641
9545,0.472633
9546,0.472619
9547,0.472609
9548,0.472605
9549,0.472597
9550,0.472595
9551,0.472593
9552,0.472594
9553,0.472595
9554,0.472596
9555,0.472604
9556,0.472609
9557,0.472614
9558,0.472626
9559,0.472634
9560,0.472642
9561,0.472651
9562,0.472661
9563,0.472686
9564,0.472692
9565,0.472705
9566,0.472716
9567,0.47275
9568,0.472773
9569,0.472832
9570,0.472866
9571,0.472941
9572,0.472981
9573,0.473066
9574,0.473109
9575,0.473152
9576,0.47324
9577,0.473284
9578,0.473371
9579,0.473413
9580,0.473455
9581,0.473538
9582,0.473578
9583,0.473618
9584,0.473696
9585,0.473735
9586,0.473772
9587,0.473847
9588,0.473921
9589,0.473957
9590,0.474032
9591,0.47407
9592,0.474148
9593,0.474188
9594,0.474272
9595,0.474302
9596,0.474333
9597,0.474337
9598,0.474329
9599,0.474319
9600,0.474292
9601,0.47426
9602,0.474243
9603,0.474226
9604,0.474192
9605,0.474176
9606,0.47416
9607,0.474131
9608,0.474116
9609,0.47409
9610,0.474078
9611,0.474055
9612,0.474045
9613,0.474036
9614,0.474028
9615,0.474024
9616,0.474022
9617,0.474027
9618,0.474035
9619,0.474046
9620,0.474079
9621,0.474127
9622,0.474188
9623,0.474224
9624,0.474305
9625,0.47435
9626,0.474397
9627,0.474504
9628,0.47457
9629,0.474644
9630,0.474788
9631,0.474931
9632,0.475001
9633,0.475071
9634,0.475214
9635,0.475286
9636,0.475367
9637,0.475543
9638,0.475629
9639,0.475713
9640,0.475876
9641,0.475956
9642,0.476119
9643,0.476286
9644,0.476461
9645,0.476559
9646,0.476665
9647,0.476895
9648,0.47701
9649,0.477124
9650,0.477239
9651,0.477471
9652,0.477597
9653,0.477873
9654,0.478015
9655,0.478293
9656,0.478431
9657,0.47857
9658,0.478849
9659,0.478997
9660,0.479317
9661,0.479478
9662,0.479637
9663,0.479947
9664,0.4801
9665,0.480411
9666,0.480577
9667,0.480921
9668,0.481088
9669,0.481414
9670,0.481573
9671,0.481888
9672,0.482052
9673,0.482402
9674,0.482577
9675,0.482919
9676,0.483086
9677,0.483422
9678,0.4836
9679,0.483946
9680,0.484116
9681,0.484457
9682,0.484638
9683,0.48499
9684,0.485162
9685,0.485508
9686,0.485692
9687,0.485871
9688,0.486222
9689,0.486572
9690,0.486758
9691,0.486939
9692,0.487293
9693,0.487466
9694,0.487833
9695,0.488016
9696,0.488367
9697,0.488531
9698,0.488698
9699,0.489039
9700,0.489215
9701,0.489582
9702,0.489774
9703,0.490176
9704,0.490387
9705,0.490825
9706,0.491052
9707,0.49152
9708,0.491744
9709,0.492166
9710,0.492366
9711,0.492754
9712,0.492941
9713,0.493305
9714,0.493481
9715,0.493833
9716,0.494015
9717,0.494367
9718,0.494536
9719,0.494861
9720,0.495017
9721,0.495333
9722,0.495483
9723,0.495771
9724,0.495909
9725,0.496184
9726,0.496451
9727,0.496579
9728,0.496824
9729,0.496942
9730,0.497056
9731,0.497285
9732,0.497397
9733,0.497612
9734,0.497715
9735,0.497911
9736,0.498005
9737,0.498185
9738,0.498271
9739,0.498438
9740,0.498517
9741,0.498595
9742,0.498744
9743,0.498816
9744,0.498953
9745,0.499018
9746,0.499082
9747,0.499203
9748,0.499316
9749,0.49937
9750,0.499422
9751,0.49952
9752,0.49961
9753,0.499693
9754,0.499769
9755,0.499805
9756,0.499896
9757,0.49998
9758,0.500019
9759,0.500093
9760,0.500129
9761,0.500164
9762,0.500267
9763,0.500357
9764,0.500397
9765,0.500433
9766,0.5005
9767,0.500532
9768,0.500595
9769,0.500626
9770,0.500658
9771,0.500691
9772,0.500756
9773,0.500789
9774,0.500822
9775,0.500856
9776,0.500923
9777,0.500957
9778,0.500991
9779,0.50106
9780,0.501095
9781,0.50113
9782,0.501201
9783,0.501237
9784,0.501273
9785,0.501346
9786,0.501382
9787,0.501419
9788,0.501494
9789,0.501531
9790,0.501569
9791,0.501684
9792,0.501722
9793,0.5018
9794,0.501839
9795,0.501918
9796,0.501998
9797,0.502078
9798,0.502119
9799,0.5022
9800,0.502241
9801,0.502282
9802,0.502324
9803,0.502407
9804,0.502449
9805,0.502491
9806,0.502576
9807,0.50266
9808,0.502742
9809,0.502781
9810,0.502852
9811,0.502884
9812,0.502913
9813,0.502962
9814,0.502982
9815,0.503014
9816,0.50303
9817,0.503045
9818,0.50307
9819,0.503078
9820,0.503083
9821,0.50308
9822,0.503073
9823,0.503046
9824,0.503026
9825,0.502972
9826,0.502939
9827,0.502901
9828,0.502813
9829,0.502708
9830,0.502586
9831,0.502519
9832,0.502448
9833,0.502372
9834,0.502208
9835,0.50212
9836,0.502028
9837,0.501931
9838,0.501703
9839,0.501587
9840,0.501348
9841,0.501101
9842,0.50082
9843,0.500679
9844,0.500389
9845,0.500241
9846,0.500077
9847,0.499747
9848,0.49958
9849,0.499235
9850,0.499056
9851,0.498874
9852,0.49869
9853,0.498288
9854,0.498086
9855,0.497676
9856,0.497455
9857,0.497063
9858,0.496886
9859,0.496716
9860,0.496548
9861,0.496364
9862,0.495948
9863,0.495719
9864,0.495283
9865,0.495076
9866,0.494678
9867,0.494475
9868,0.494049
9869,0.493586
9870,0.493344
9871,0.493096
9872,0.492842
9873,0.492318
9874,0.49205
9875,0.491513
9876,0.491237
9877,0.490958
9878,0.490661
9879,0.49002
9880,0.489387
9881,0.488779
9882,0.488191
9883,0.487885
9884,0.48725
9885,0.48694
9886,0.486636
9887,0.486329
9888,0.485696
9889,0.48539
9890,0.48509
9891,0.484637
9892,0.484469
9893,0.484203
9894,0.48409
9895,0.483883
9896,0.483783
9897,0.483588
9898,0.483492
9899,0.483397
9900,0.483264
9901,0.483181
9902,0.48315
9903,0.483125
9904,0.48308
9905,0.48306
9906,0.483023
9907,0.483005
9908,0.482987
9909,0.482949
9910,0.48293
9911,0.482891
9912,0.482872
9913,0.482853
9914,0.482816
9915,0.482798
9916,0.482762
9917,0.482744
9918,0.482709
9919,0.482693
9920,0.482677
9921,0.482645
9922,0.48263
9923,0.482601
9924,0.482587
9925,0.48256
9926,0.482547
9927,0.482521
9928,0.482508
9929,0.482481
9930,0.482468
9931,0.482441
9932,0.482428
9933,0.482414
9934,0.482387
9935,0.482374
9936,0.48236
9937,0.482346
9938,0.482319
9939,0.482292
9940,0.482278
9941,0.482253
9942,0.482244
9943,0.48223
9944,0.482225
9945,0.482221
9946,0.482215
9947,0.482215
9948,0.482215
9949,0.482213
9950,0.482206
9951,0.482188
9952,0.482165
9953,0.482158
9954,0.482157
9955,0.482172
9956,0.482186
9957,0.482227
9958,0.482252
9959,0.482278
9960,0.482338
9961,0.482403
9962,0.482471
9963,0.482506
9964,0.482578
9965,0.48265
9966,0.482686
9967,0.482758
9968,0.482793
9969,0.482828
9970,0.482897
9971,0.482931
9972,0.482997
9973,0.48303
9974,0.483094
9975,0.483158
9976,0.483189
9977,0.483253
9978,0.483284
9979,0.483349
9980,0.483381
9981,0.483452
9982,0.483533
9983,0.483571
9984,0.483606
9985,0.483638
9986,0.483704
9987,0.483739
9988,0.483742
9989,0.483735
9990,0.483723
9991,0.483694
9992,0.483659
9993,0.483622
9994,0.483603
9995,0.483584
9996,0.483548
9997,0.48353
9998,0.483513
9999,0.483497
10000,0.483466
10001,0.483451
