time,theta
0,3.14029
1,3.14029
2,3.14029
3,3.14028
4,3.14025
5,3.14024
6,3.14023
7,3.14021
8,3.14021
9,3.14019
10,3.14018
11,3.14018
12,3.14017
13,3.14017
14,3.14017
15,3.14017
16,3.14017
17,3.14017
18,3.14017
19,3.14017
20,3.14018
21,3.14015
22,3.14006
23,3.14003
24,3.14
25,3.14
26,3.14
27,3.13993
28,3.13981
29,3.13963
30,3.13959
31,3.1396
32,3.13963
33,3.13965
34,3.13952
35,3.13938
36,3.13924
37,3.13927
38,3.13932
39,3.13935
40,3.13928
41,3.1391
42,3.13902
43,3.139
44,3.139
45,3.13901
46,3.13902
47,3.13896
48,3.13889
49,3.1388
50,3.13878
51,3.13877
52,3.13876
53,3.13875
54,3.13874
55,3.13872
56,3.1387
57,3.13867
58,3.13866
59,3.13865
60,3.13864
61,3.13863
62,3.13863
63,3.13862
64,3.13862
65,3.13861
66,3.1386
67,3.1386
68,3.13859
69,3.13859
70,3.13858
71,3.13858
72,3.13857
73,3.13856
74,3.13856
75,3.13855
76,3.13855
77,3.13854
78,3.13854
79,3.13853
80,3.13853
81,3.13853
82,3.13852
83,3.13852
84,3.13852
85,3.13852
86,3.13852
87,3.13851
88,3.13851
89,3.13851
90,3.13851
91,3.13851
92,3.13851
93,3.13851
94,3.13851
95,3.13851
96,3.13851
97,3.13851
98,3.13851
99,3.13851
100,3.13851
101,3.13851
102,3.1385
103,3.1385
104,3.1385
105,3.1385
106,3.1385
107,3.1385
108,3.1385
109,3.1385
110,3.1385
111,3.1385
112,3.1385
113,3.1385
114,3.1385
115,3.1385
116,3.1385
117,3.1385
118,3.1385
119,3.1385
120,3.13849
121,3.13849
122,3.13849
123,3.13849
124,3.13849
125,3.13849
126,3.13849
127,3.13849
128,3.13849
129,3.13849
130,3.13849
131,3.1385
132,3.13852
133,3.13853
134,3.13853
135,3.13852
136,3.13851
137,3.13851
138,3.1385
139,3.1385
140,3.1385
141,3.13849
142,3.13849
143,3.13848
144,3.13848
145,3.13848
146,3.13848
147,3.13847
148,3.13847
149,3.13847
150,3.13847
151,3.13847
152,3.13847
153,3.13847
154,3.13847
155,3.13847
156,3.13847
157,3.13847
158,3.13847
159,3.13847
160,3.13847
161,3.13847
162,3.13847
163,3.13847
164,3.13846
165,3.13846
166,3.13846
167,3.13846
168,3.13846
169,3.13846
170,3.13846
171,3.13846
172,3.13846
173,3.13846
174,3.13846
175,3.13846
176,3.13846
177,3.13846
178,3.13846
179,3.13846
180,3.13846
181,3.13846
182,3.13846
183,3.13846
184,3.13846
185,3.13846
186,3.13846
187,3.13846
188,3.13846
189,3.13846
190,3.13846
191,3.13846
192,3.13846
193,3.13845
194,3.13845
195,3.13845
196,3.13845
197,3.13846
198,3.13846
199,3.13846
200,3.13846
201,3.13846
202,3.13846
203,3.13845
204,3.13845
205,3.13845
206,3.13845
207,3.13845
208,3.13844
209,3.13844
210,3.13844
211,3.13844
212,3.13844
213,3.13844
214,3.13844
215,3.13844
216,3.13844
217,3.13844
218,3.13844
219,3.13844
220,3.13844
221,3.13844
222,3.13843
223,3.13843
224,3.13843
225,3.13843
226,3.13843
227,3.13843
228,3.13843
229,3.13843
230,3.13843
231,3.13843
232,3.13843
233,3.13843
234,3.13843
235,3.13843
236,3.13843
237,3.13843
238,3.13843
239,3.13843
240,3.13843
241,3.13843
242,3.13843
243,3.13842
244,3.13842
245,3.13842
246,3.13842
247,3.13842
248,3.13842
249,3.13842
250,3.13842
251,3.13842
252,3.13842
253,3.13842
254,3.13842
255,3.13842
256,3.13842
257,3.13842
258,3.13842
259,3.13842
260,3.13842
261,3.13842
262,3.13842
263,3.13841
264,3.13841
265,3.13841
266,3.13841
267,3.13841
268,3.13841
269,3.13841
270,3.13841
271,3.13841
272,3.13841
273,3.13841
274,3.13841
275,3.13841
276,3.1384
277,3.1384
278,3.1384
279,3.1384
280,3.1384
281,3.1384
282,3.13839
283,3.13839
284,3.13839
285,3.13839
286,3.13838
287,3.13838
288,3.13838
289,3.13837
290,3.13837
291,3.13837
292,3.13836
293,3.13836
294,3.13835
295,3.13835
296,3.13834
297,3.13834
298,3.13833
299,3.13832
300,3.13832
301,3.13831
302,3.1383
303,3.13829
304,3.13829
305,3.13828
306,3.13827
307,3.13827
308,3.13825
309,3.13825
310,3.13824
311,3.13823
312,3.13822
313,3.1382
314,3.1382
315,3.13818
316,3.13817
317,3.13815
318,3.13815
319,3.13813
320,3.13811
321,3.13809
322,3.13808
323,3.13806
324,3.13803
325,3.13802
326,3.13801
327,3.13799
328,3.13797
329,3.13795
330,3.13792
331,3.13791
332,3.13788
333,3.13787
334,3.13784
335,3.13782
336,3.13779
337,3.13778
338,3.13775
339,3.13773
340,3.1377
341,3.13768
342,3.13766
343,3.13763
344,3.13759
345,3.13757
346,3.13755
347,3.13753
348,3.13749
349,3.13747
350,3.13743
351,3.13741
352,3.13739
353,3.13735
354,3.13733
355,3.1373
356,3.13726
357,3.13724
358,3.13719
359,3.13714
360,3.13712
361,3.13707
362,3.13704
363,3.13702
364,3.13697
365,3.13694
366,3.13689
367,3.13683
368,3.13678
369,3.13672
370,3.13669
371,3.13663
372,3.1366
373,3.13657
374,3.13654
375,3.13648
376,3.13645
377,3.13642
378,3.13636
379,3.13633
380,3.13626
381,3.13623
382,3.13619
383,3.13612
384,3.13609
385,3.13602
386,3.13598
387,3.13595
388,3.13588
389,3.13584
390,3.13577
391,3.1357
392,3.13566
393,3.13562
394,3.13555
395,3.13551
396,3.13547
397,3.13539
398,3.13531
399,3.13527
400,3.13523
401,3.13515
402,3.13511
403,3.13503
404,3.13499
405,3.1349
406,3.13486
407,3.13482
408,3.13473
409,3.13465
410,3.1346
411,3.13452
412,3.13447
413,3.13438
414,3.13429
415,3.13425
416,3.13416
417,3.13407
418,3.13397
419,3.13393
420,3.13388
421,3.13383
422,3.13374
423,3.13369
424,3.1336
425,3.13355
426,3.13346
427,3.13341
428,3.13331
429,3.13326
430,3.13321
431,3.13311
432,3.13306
433,3.13297
434,3.13287
435,3.13282
436,3.13272
437,3.13266
438,3.13261
439,3.13251
440,3.13246
441,3.13241
442,3.13236
443,3.13226
444,3.13215
445,3.13205
446,3.132
447,3.13194
448,3.13184
449,3.13179
450,3.13173
451,3.13163
452,3.13157
453,3.13152
454,3.13141
455,3.13131
456,3.13125
457,3.1312
458,3.13114
459,3.13109
460,3.13098
461,3.13093
462,3.13087
463,3.13076
464,3.13071
465,3.13066
466,3.13055
467,3.13049
468,3.13038
469,3.13033
470,3.13022
471,3.13016
472,3.13011
473,3.12999
474,3.12994
475,3.12983
476,3.12977
477,3.12966
478,3.12961
479,3.12955
480,3.12944
481,3.12938
482,3.12927
483,3.12921
484,3.1291
485,3.12905
486,3.12899
487,3.12888
488,3.12882
489,3.12871
490,3.12865
491,3.12854
492,3.12849
493,3.12837
494,3.12832
495,3.12821
496,3.12815
497,3.12804
498,3.12798
499,3.12787
500,3.12782
501,3.1277
502,3.12765
503,3.12759
504,3.12748
505,3.12743
506,3.12732
507,3.12726
508,3.12715
509,3.1271
510,3.12699
511,3.12693
512,3.12682
513,3.12677
514,3.12671
515,3.1266
516,3.12655
517,3.12644
518,3.12639
519,3.12633
520,3.12623
521,3.12617
522,3.12607
523,3.12601
524,3.12591
525,3.12585
526,3.12575
527,3.1257
528,3.12564
529,3.12554
530,3.12549
531,3.12538
532,3.12533
533,3.12523
534,3.12518
535,3.12508
536,3.12502
537,3.12497
538,3.12487
539,3.12482
540,3.12472
541,3.12467
542,3.12462
543,3.12452
544,3.12448
545,3.12438
546,3.12433
547,3.12423
548,3.12419
549,3.12414
550,3.12404
551,3.124
552,3.1239
553,3.12385
554,3.12376
555,3.12372
556,3.12367
557,3.12358
558,3.12349
559,3.12344
560,3.1234
561,3.12331
562,3.12327
563,3.12318
564,3.12314
565,3.12309
566,3.12301
567,3.12296
568,3.12288
569,3.12284
570,3.12276
571,3.12271
572,3.12263
573,3.12259
574,3.12255
575,3.12247
576,3.12243
577,3.12236
578,3.12232
579,3.12224
580,3.1222
581,3.12213
582,3.12209
583,3.12205
584,3.12198
585,3.12194
586,3.12189
587,3.12185
588,3.12179
589,3.12175
590,3.12172
591,3.12164
592,3.12161
593,3.12153
594,3.12146
595,3.12143
596,3.12136
597,3.12133
598,3.1213
599,3.12123
600,3.1212
601,3.12117
602,3.12111
603,3.12108
604,3.12101
605,3.12098
606,3.12093
607,3.1209
608,3.12087
609,3.12081
610,3.12078
611,3.12076
612,3.1207
613,3.12067
614,3.12062
615,3.12057
616,3.12054
617,3.12052
618,3.12047
619,3.12042
620,3.1204
621,3.12037
622,3.12035
623,3.12031
624,3.12026
625,3.12024
626,3.1202
627,3.12018
628,3.12016
629,3.12012
630,3.1201
631,3.12006
632,3.12004
633,3.12002
634,3.11999
635,3.11997
636,3.11994
637,3.11992
638,3.11989
639,3.11987
640,3.11986
641,3.11983
642,3.11981
643,3.11979
644,3.11977
645,3.11975
646,3.11973
647,3.11971
648,3.11969
649,3.11967
650,3.11965
651,3.11964
652,3.11962
653,3.11961
654,3.1196
655,3.11959
656,3.11957
657,3.11956
658,3.11955
659,3.11954
660,3.11953
661,3.11952
662,3.11952
663,3.11951
664,3.1195
665,3.11949
666,3.11949
667,3.11948
668,3.11948
669,3.11947
670,3.11947
671,3.11947
672,3.11946
673,3.11946
674,3.11946
675,3.11946
676,3.11946
677,3.11946
678,3.11946
679,3.11946
680,3.11946
681,3.11946
682,3.11945
683,3.11945
684,3.11945
685,3.11945
686,3.11945
687,3.11945
688,3.11945
689,3.11945
690,3.11945
691,3.11945
692,3.11945
693,3.11945
694,3.11945
695,3.11945
696,3.11945
697,3.11945
698,3.11945
699,3.11945
700,3.11945
701,3.11945
702,3.11945
703,3.11945
704,3.11945
705,3.11945
706,3.11945
707,3.11944
708,3.11944
709,3.11944
710,3.11944
711,3.11944
712,3.11944
713,3.11944
714,3.11944
715,3.11944
716,3.11944
717,3.11944
718,3.11944
719,3.11944
720,3.11944
721,3.11944
722,3.11944
723,3.11944
724,3.11944
725,3.11877
726,3.11854
727,3.11876
728,3.1192
729,3.11926
730,3.11921
731,3.11912
732,3.11909
733,3.11907
734,3.11907
735,3.11907
736,3.11906
737,3.11905
738,3.11905
739,3.11904
740,3.11903
741,3.11902
742,3.11901
743,3.11899
744,3.11898
745,3.11898
746,3.11896
747,3.11896
748,3.11895
749,3.11894
750,3.11893
751,3.11892
752,3.11892
753,3.11891
754,3.1189
755,3.1189
756,3.1189
757,3.11889
758,3.11889
759,3.11889
760,3.11889
761,3.11888
762,3.11888
763,3.11888
764,3.11888
765,3.11888
766,3.11888
767,3.11888
768,3.11888
769,3.11888
770,3.11888
771,3.11888
772,3.11888
773,3.11888
774,3.11888
775,3.11888
776,3.11887
777,3.11887
778,3.11887
779,3.11887
780,3.11887
781,3.11887
782,3.11887
783,3.11887
784,3.11887
785,3.11887
786,3.11887
787,3.11887
788,3.11887
789,3.11887
790,3.11887
791,3.11887
792,3.11887
793,3.11887
794,3.11887
795,3.11887
796,3.11887
797,3.11887
798,3.11887
799,3.11887
800,3.11887
801,3.11887
802,3.11886
803,3.11886
804,3.11886
805,3.11886
806,3.11886
807,3.11886
808,3.11886
809,3.11886
810,3.11886
811,3.11886
812,3.11886
813,3.11886
814,3.11886
815,3.11886
816,3.11886
817,3.11886
818,3.11886
819,3.11886
820,3.11886
821,3.11886
822,3.11886
823,3.11886
824,3.11886
825,3.11886
826,3.11886
827,3.11885
828,3.11885
829,3.11885
830,3.11885
831,3.11885
832,3.11885
833,3.11885
834,3.11885
835,3.11885
836,3.11885
837,3.11885
838,3.11885
839,3.11885
840,3.11885
841,3.11885
842,3.11885
843,3.11885
844,3.11885
845,3.11885
846,3.11885
847,3.11885
848,3.11885
849,3.11885
850,3.11885
851,3.11885
852,3.11884
853,3.11884
854,3.11884
855,3.11884
856,3.11884
857,3.11884
858,3.11884
859,3.11884
860,3.11884
861,3.11884
862,3.11884
863,3.11884
864,3.11884
865,3.11884
866,3.11884
867,3.11884
868,3.11884
869,3.11884
870,3.11884
871,3.11884
872,3.11884
873,3.11884
874,3.11884
875,3.11883
876,3.11883
877,3.11883
878,3.11883
879,3.11883
880,3.11883
881,3.11883
882,3.11883
883,3.11883
884,3.11883
885,3.11883
886,3.11883
887,3.11883
888,3.11883
889,3.11881
890,3.1188
891,3.1188
892,3.11879
893,3.11878
894,3.11878
895,3.11878
896,3.11878
897,3.11877
898,3.11877
899,3.11877
900,3.11876
901,3.11876
902,3.11876
903,3.11876
904,3.11876
905,3.11876
906,3.11876
907,3.11875
908,3.11875
909,3.11875
910,3.11875
911,3.11875
912,3.11875
913,3.11875
914,3.11875
915,3.11875
916,3.11875
917,3.11875
918,3.11875
919,3.11875
920,3.11875
921,3.11875
922,3.11875
923,3.11875
924,3.11875
925,3.11875
926,3.11875
927,3.11874
928,3.11874
929,3.11874
930,3.11874
931,3.11874
932,3.11874
933,3.11874
934,3.11874
935,3.11874
936,3.11874
937,3.11874
938,3.11874
939,3.11874
940,3.11874
941,3.11874
942,3.11874
943,3.11874
944,3.11874
945,3.11874
946,3.11874
947,3.11874
948,3.11874
949,3.11874
950,3.11873
951,3.11873
952,3.11873
953,3.11873
954,3.11873
955,3.11873
956,3.11873
957,3.11873
958,3.11873
959,3.11873
960,3.11873
961,3.11873
962,3.11873
963,3.11873
964,3.11873
965,3.11873
966,3.11873
967,3.11873
968,3.11873
969,3.11873
970,3.11873
971,3.11873
972,3.11873
973,3.11872
974,3.11872
975,3.11872
976,3.11872
977,3.11872
978,3.11872
979,3.11872
980,3.11872
981,3.11872
982,3.11872
983,3.11872
984,3.11872
985,3.11872
986,3.11872
987,3.11872
988,3.11872
989,3.11872
990,3.11872
991,3.11872
992,3.11872
993,3.11872
994,3.11872
995,3.11872
996,3.11872
997,3.11871
998,3.11871
999,3.11871
1000,3.11871
1001,3.11871
1002,3.11871
1003,3.11871
1004,3.11871
1005,3.11871
1006,3.11871
1007,3.11871
1008,3.11871
1009,3.11871
1010,3.11871
1011,3.11871
1012,3.11871
1013,3.11871
1014,3.11871
1015,3.11871
1016,3.11871
1017,3.11871
1018,3.11871
1019,3.11871
1020,3.1187
1021,3.1187
1022,3.1187
1023,3.1187
1024,3.1187
1025,3.1187
1026,3.1187
1027,3.1187
1028,3.1187
1029,3.1187
1030,3.1187
1031,3.1187
1032,3.1187
1033,3.1187
1034,3.1187
1035,3.1187
1036,3.1187
1037,3.1187
1038,3.1187
1039,3.1187
1040,3.1187
1041,3.1187
1042,3.1187
1043,3.11869
1044,3.11869
1045,3.11869
1046,3.11869
1047,3.11869
1048,3.11869
1049,3.11869
1050,3.11869
1051,3.11869
1052,3.11869
1053,3.11869
1054,3.11869
1055,3.11869
1056,3.11869
1057,3.11869
1058,3.11869
1059,3.11869
1060,3.11869
1061,3.11869
1062,3.11869
1063,3.11869
1064,3.11869
1065,3.11869
1066,3.11868
1067,3.11868
1068,3.11868
1069,3.11868
1070,3.11868
1071,3.11868
1072,3.11868
1073,3.11868
1074,3.11868
1075,3.11868
1076,3.11868
1077,3.11868
1078,3.11868
1079,3.11868
1080,3.11868
1081,3.11868
1082,3.11868
1083,3.11868
1084,3.11868
1085,3.11868
1086,3.11868
1087,3.11868
1088,3.11868
1089,3.11867
1090,3.11867
1091,3.11867
1092,3.11867
1093,3.11867
1094,3.11867
1095,3.11867
1096,3.11867
1097,3.11867
1098,3.11867
1099,3.11867
1100,3.11867
1101,3.11867
1102,3.11867
1103,3.11867
1104,3.11867
1105,3.11867
1106,3.11867
1107,3.11867
1108,3.11867
1109,3.11867
1110,3.11867
1111,3.11866
1112,3.11866
1113,3.11866
1114,3.11866
1115,3.11866
1116,3.11866
1117,3.11866
1118,3.11866
1119,3.11866
1120,3.11866
1121,3.11866
1122,3.11866
1123,3.11866
1124,3.11866
1125,3.11866
1126,3.11866
1127,3.11866
1128,3.11866
1129,3.11866
1130,3.11866
1131,3.11866
1132,3.11866
1133,3.11866
1134,3.11866
1135,3.11866
1136,3.11865
1137,3.11865
1138,3.11865
1139,3.11865
1140,3.11865
1141,3.11865
1142,3.11865
1143,3.11865
1144,3.11865
1145,3.11865
1146,3.11865
1147,3.11865
1148,3.11865
1149,3.11865
1150,3.11865
1151,3.11865
1152,3.11865
1153,3.11865
1154,3.11865
1155,3.11865
1156,3.11865
1157,3.11865
1158,3.11865
1159,3.11865
1160,3.11864
1161,3.11864
1162,3.11864
1163,3.11864
1164,3.11864
1165,3.11864
1166,3.11864
1167,3.11864
1168,3.11864
1169,3.11864
1170,3.11864
1171,3.11864
1172,3.11864
1173,3.11864
1174,3.11864
1175,3.11864
1176,3.11864
1177,3.11864
1178,3.11864
1179,3.11864
1180,3.11864
1181,3.11864
1182,3.11864
1183,3.11864
1184,3.11863
1185,3.11863
1186,3.11863
1187,3.11863
1188,3.11863
1189,3.11863
1190,3.11863
1191,3.11863
1192,3.11863
1193,3.11863
1194,3.11863
1195,3.11863
1196,3.11863
1197,3.11863
1198,3.11863
1199,3.11863
1200,3.11863
1201,3.11863
1202,3.11863
1203,3.11863
1204,3.11863
1205,3.11863
1206,3.11863
1207,3.11863
1208,3.11863
1209,3.11863
1210,3.11862
1211,3.11862
1212,3.11862
1213,3.11862
1214,3.11862
1215,3.11862
1216,3.11862
1217,3.11862
1218,3.11862
1219,3.11862
1220,3.11862
1221,3.11862
1222,3.11862
1223,3.11862
1224,3.11862
1225,3.11862
1226,3.11862
1227,3.11862
1228,3.11862
1229,3.11862
1230,3.11862
1231,3.11862
1232,3.11862
1233,3.11862
1234,3.11861
1235,3.11861
1236,3.11861
1237,3.11861
1238,3.11861
1239,3.11861
1240,3.11861
1241,3.11861
1242,3.11861
1243,3.11861
1244,3.11861
1245,3.11861
1246,3.11861
1247,3.11861
1248,3.11861
1249,3.11861
1250,3.11861
1251,3.11861
1252,3.11861
1253,3.11861
1254,3.11861
1255,3.11861
1256,3.11861
1257,3.11861
1258,3.11861
1259,3.1186
1260,3.1186
1261,3.1186
1262,3.1186
1263,3.1186
1264,3.1186
1265,3.1186
1266,3.1186
1267,3.1186
1268,3.1186
1269,3.1186
1270,3.1186
1271,3.1186
1272,3.1186
1273,3.1186
1274,3.1186
1275,3.1186
1276,3.1186
1277,3.1186
1278,3.1186
1279,3.1186
1280,3.1186
1281,3.1186
1282,3.1186
1283,3.1186
1284,3.1186
1285,3.1186
1286,3.11859
1287,3.11859
1288,3.11859
1289,3.11859
1290,3.11859
1291,3.11859
1292,3.11859
1293,3.11859
1294,3.11859
1295,3.11859
1296,3.11859
1297,3.11859
1298,3.11859
1299,3.11859
1300,3.11859
1301,3.11859
1302,3.11859
1303,3.11859
1304,3.11859
1305,3.11859
1306,3.11859
1307,3.11859
1308,3.11859
1309,3.11859
1310,3.11859
1311,3.11859
1312,3.11859
1313,3.11859
1314,3.11858
1315,3.11858
1316,3.11858
1317,3.11858
1318,3.11858
1319,3.11858
1320,3.11858
1321,3.11858
1322,3.11858
1323,3.11858
1324,3.11858
1325,3.11858
1326,3.11858
1327,3.11858
1328,3.11858
1329,3.11858
1330,3.11858
1331,3.11858
1332,3.11858
1333,3.11858
1334,3.11858
1335,3.11858
1336,3.11858
1337,3.11858
1338,3.11858
1339,3.11858
1340,3.11858
1341,3.11858
1342,3.11858
1343,3.11857
1344,3.11857
1345,3.11857
1346,3.11857
1347,3.11857
1348,3.11857
1349,3.11857
1350,3.11857
1351,3.11857
1352,3.11857
1353,3.11857
1354,3.11857
1355,3.11857
1356,3.11857
1357,3.11857
1358,3.11857
1359,3.11857
1360,3.11857
1361,3.11857
1362,3.11857
1363,3.11857
1364,3.11857
1365,3.11857
1366,3.11857
1367,3.11857
1368,3.11857
1369,3.11857
1370,3.11857
1371,3.11857
1372,3.11857
1373,3.11856
1374,3.11856
1375,3.11856
1376,3.11856
1377,3.11856
1378,3.11856
1379,3.11856
1380,3.11856
1381,3.11856
1382,3.11856
1383,3.11856
1384,3.11856
1385,3.11856
1386,3.11856
1387,3.11856
1388,3.11856
1389,3.11856
1390,3.11856
1391,3.11856
1392,3.11856
1393,3.11856
1394,3.11856
1395,3.11856
1396,3.11856
1397,3.11856
1398,3.11856
1399,3.11856
1400,3.11856
1401,3.11856
1402,3.11856
1403,3.11856
1404,3.11855
1405,3.11855
1406,3.11855
1407,3.11855
1408,3.11855
1409,3.11855
1410,3.11855
1411,3.11855
1412,3.11855
1413,3.11855
1414,3.11855
1415,3.11855
1416,3.11855
1417,3.11855
1418,3.11855
1419,3.11855
1420,3.11855
1421,3.11855
1422,3.11855
1423,3.11855
1424,3.11855
1425,3.11855
1426,3.11855
1427,3.11855
1428,3.11855
1429,3.11855
1430,3.11855
1431,3.11855
1432,3.11855
1433,3.11855
1434,3.11855
1435,3.11855
1436,3.11854
1437,3.11854
1438,3.11854
1439,3.11854
1440,3.11854
1441,3.11854
1442,3.11854
1443,3.11854
1444,3.11854
1445,3.11854
1446,3.11854
1447,3.11854
1448,3.11854
1449,3.11854
1450,3.11854
1451,3.11854
1452,3.11854
1453,3.11854
1454,3.11854
1455,3.11854
1456,3.11854
1457,3.11854
1458,3.11854
1459,3.11854
1460,3.11854
1461,3.11854
1462,3.11854
1463,3.11854
1464,3.11854
1465,3.11854
1466,3.11854
1467,3.11854
1468,3.11854
1469,3.11854
1470,3.11854
1471,3.11853
1472,3.11853
1473,3.11853
1474,3.11853
1475,3.11853
1476,3.11853
1477,3.11853
1478,3.11853
1479,3.11853
1480,3.11853
1481,3.11853
1482,3.11853
1483,3.11853
1484,3.11853
1485,3.11853
1486,3.11853
1487,3.11853
1488,3.11853
1489,3.11853
1490,3.11853
1491,3.11853
1492,3.11853
1493,3.11853
1494,3.11853
1495,3.11853
1496,3.11853
1497,3.11853
1498,3.11853
1499,3.11853
1500,3.11853
1501,3.11853
1502,3.11853
1503,3.11853
1504,3.11853
1505,3.11853
1506,3.11853
1507,3.11852
1508,3.11852
1509,3.11852
1510,3.11852
1511,3.11852
1512,3.11852
1513,3.11852
1514,3.11852
1515,3.11852
1516,3.11852
1517,3.11852
1518,3.11852
1519,3.11852
1520,3.11852
1521,3.11852
1522,3.11852
1523,3.11852
1524,3.11852
1525,3.11852
1526,3.11852
1527,3.11852
1528,3.11852
1529,3.11852
1530,3.11852
1531,3.11852
1532,3.11852
1533,3.11852
1534,3.11852
1535,3.11852
1536,3.11852
1537,3.11852
1538,3.11852
1539,3.11852
1540,3.11852
1541,3.11852
1542,3.11852
1543,3.11852
1544,3.11852
1545,3.11852
1546,3.11851
1547,3.11851
1548,3.11851
1549,3.11851
1550,3.11851
1551,3.11851
1552,3.11851
1553,3.11851
1554,3.11851
1555,3.11851
1556,3.11851
1557,3.11851
1558,3.11851
1559,3.11851
1560,3.11851
1561,3.11851
1562,3.11851
1563,3.11851
1564,3.11851
1565,3.11851
1566,3.11851
1567,3.11851
1568,3.11851
1569,3.11851
1570,3.11851
1571,3.11851
1572,3.11851
1573,3.11851
1574,3.11851
1575,3.11851
1576,3.11851
1577,3.11851
1578,3.11851
1579,3.11851
1580,3.11851
1581,3.11851
1582,3.11851
1583,3.11851
1584,3.11851
1585,3.11851
1586,3.11851
1587,3.11851
1588,3.11851
1589,3.11851
1590,3.11851
1591,3.11851
1592,3.1185
1593,3.1185
1594,3.1185
1595,3.1185
1596,3.1185
1597,3.1185
1598,3.1185
1599,3.1185
1600,3.1185
1601,3.1185
1602,3.1185
1603,3.1185
1604,3.1185
1605,3.1185
1606,3.1185
1607,3.1185
1608,3.1185
1609,3.1185
1610,3.1185
1611,3.1185
1612,3.1185
1613,3.1185
1614,3.1185
1615,3.1185
1616,3.1185
1617,3.1185
1618,3.1185
1619,3.1185
1620,3.1185
1621,3.1185
1622,3.1185
1623,3.1185
1624,3.1185
1625,3.1185
1626,3.1185
1627,3.1185
1628,3.1185
1629,3.1185
1630,3.1185
1631,3.1185
1632,3.1185
1633,3.1185
1634,3.1185
1635,3.1185
1636,3.1185
1637,3.1185
1638,3.1185
1639,3.1185
1640,3.1185
1641,3.11849
1642,3.11849
1643,3.11849
1644,3.11849
1645,3.11849
1646,3.11849
1647,3.11849
1648,3.11849
1649,3.11849
1650,3.11849
1651,3.11849
1652,3.11849
1653,3.11849
1654,3.11849
1655,3.11849
1656,3.11849
1657,3.11849
1658,3.11849
1659,3.11849
1660,3.11849
1661,3.11849
1662,3.11849
1663,3.11849
1664,3.11849
1665,3.11849
1666,3.11849
1667,3.11849
1668,3.11849
1669,3.11849
1670,3.11849
1671,3.11849
1672,3.11849
1673,3.11849
1674,3.11861
1675,3.11865
1676,3.11868
1677,3.11871
1678,3.11872
1679,3.11872
1680,3.11872
1681,3.11871
1682,3.11871
1683,3.11871
1684,3.11871
1685,3.11871
1686,3.11871
1687,3.11871
1688,3.11871
1689,3.11871
1690,3.11871
1691,3.11871
1692,3.11871
1693,3.11871
1694,3.11871
1695,3.11871
1696,3.11871
1697,3.11871
1698,3.11871
1699,3.11871
1700,3.11871
1701,3.11871
1702,3.11871
1703,3.11871
1704,3.11871
1705,3.11871
1706,3.11871
1707,3.11871
1708,3.11871
1709,3.11871
1710,3.11871
1711,3.11871
1712,3.11871
1713,3.11871
1714,3.11871
1715,3.11871
1716,3.11871
1717,3.11871
1718,3.11871
1719,3.11871
1720,3.11871
1721,3.11871
1722,3.11871
1723,3.11871
1724,3.11871
1725,3.11871
1726,3.11871
1727,3.11871
1728,3.11871
1729,3.1187
1730,3.1187
1731,3.1187
1732,3.1187
1733,3.1187
1734,3.1187
1735,3.1187
1736,3.1187
1737,3.1187
1738,3.1187
1739,3.1187
1740,3.1187
1741,3.1187
1742,3.1187
1743,3.1187
1744,3.1187
1745,3.1187
1746,3.1187
1747,3.1187
1748,3.1187
1749,3.1187
1750,3.1187
1751,3.1187
1752,3.1187
1753,3.1187
1754,3.1187
1755,3.1187
1756,3.1187
1757,3.1187
1758,3.1187
1759,3.1187
1760,3.1187
1761,3.1187
1762,3.1187
1763,3.1187
1764,3.1187
1765,3.1187
1766,3.1187
1767,3.1187
1768,3.1187
1769,3.1187
1770,3.1187
1771,3.1187
1772,3.1187
1773,3.1187
1774,3.1187
1775,3.1187
1776,3.1187
1777,3.1187
1778,3.1187
1779,3.1187
1780,3.1187
1781,3.1187
1782,3.1187
1783,3.1187
1784,3.1187
1785,3.1187
1786,3.1187
1787,3.1187
1788,3.1187
1789,3.1187
1790,3.1187
1791,3.1187
1792,3.1187
1793,3.1187
1794,3.1187
1795,3.1187
1796,3.1187
1797,3.1187
1798,3.1187
1799,3.1187
1800,3.1187
1801,3.1187
1802,3.1187
1803,3.1187
1804,3.1187
1805,3.1187
1806,3.1187
1807,3.1187
1808,3.1187
1809,3.1187
1810,3.1187
1811,3.1187
1812,3.1187
1813,3.1187
1814,3.1187
1815,3.11869
1816,3.11869
1817,3.11869
1818,3.11869
1819,3.11869
1820,3.11869
1821,3.11869
1822,3.11869
1823,3.11869
1824,3.11869
1825,3.11869
1826,3.11869
1827,3.11869
1828,3.11869
1829,3.11869
1830,3.11869
1831,3.11869
1832,3.11869
1833,3.11869
1834,3.11869
1835,3.11869
1836,3.11869
1837,3.11869
1838,3.11869
1839,3.11869
1840,3.11869
1841,3.11869
1842,3.11869
1843,3.11869
1844,3.11869
1845,3.11869
1846,3.11869
1847,3.11869
1848,3.11869
1849,3.11869
1850,3.11869
1851,3.11869
1852,3.11869
1853,3.11869
1854,3.11869
1855,3.11869
1856,3.11869
1857,3.11869
1858,3.11869
1859,3.11869
1860,3.11869
1861,3.11869
1862,3.11869
1863,3.11869
1864,3.11869
1865,3.11869
1866,3.11869
1867,3.11869
1868,3.11869
1869,3.11869
1870,3.11869
1871,3.11869
1872,3.11869
1873,3.11869
1874,3.11869
1875,3.11869
1876,3.11869
1877,3.11869
1878,3.11869
1879,3.11869
1880,3.11869
1881,3.11869
1882,3.11869
1883,3.11869
1884,3.11869
1885,3.11869
1886,3.11869
1887,3.11869
1888,3.11869
1889,3.11869
1890,3.11869
1891,3.11869
1892,3.11869
1893,3.11869
1894,3.11869
1895,3.11869
1896,3.11869
1897,3.11869
1898,3.11869
1899,3.11869
1900,3.11869
1901,3.11869
1902,3.11869
1903,3.11869
1904,3.11869
1905,3.11869
1906,3.11869
1907,3.11869
1908,3.11869
1909,3.11869
1910,3.11869
1911,3.11869
1912,3.11869
1913,3.11869
1914,3.11869
1915,3.11869
1916,3.11869
1917,3.11869
1918,3.11869
1919,3.11869
1920,3.11869
1921,3.11869
1922,3.11869
1923,3.11869
1924,3.11869
1925,3.11869
1926,3.11869
1927,3.11869
1928,3.11869
1929,3.11869
1930,3.11869
1931,3.11869
1932,3.11869
1933,3.11869
1934,3.11869
1935,3.11869
1936,3.11869
1937,3.11869
1938,3.11869
1939,3.11869
1940,3.11869
1941,3.11869
1942,3.11869
1943,3.11869
1944,3.11869
1945,3.11869
1946,3.11869
1947,3.11869
1948,3.11869
1949,3.11869
1950,3.11869
1951,3.11869
1952,3.11869
1953,3.11869
1954,3.11869
1955,3.11869
1956,3.11869
1957,3.11869
1958,3.11869
1959,3.11869
1960,3.11869
1961,3.11869
1962,3.11869
1963,3.11869
1964,3.11869
1965,3.11869
1966,3.11869
1967,3.11869
1968,3.11869
1969,3.11869
1970,3.11869
1971,3.11869
1972,3.11869
1973,3.11869
1974,3.11869
1975,3.11869
1976,3.11869
1977,3.11869
1978,3.11869
1979,3.11869
1980,3.11869
1981,3.11869
1982,3.11869
1983,3.11869
1984,3.11869
1985,3.11869
1986,3.11869
1987,3.11869
1988,3.11869
1989,3.11869
1990,3.11869
1991,3.11869
1992,3.11869
1993,3.11869
1994,3.11869
1995,3.11869
1996,3.11869
1997,3.11869
1998,3.11869
1999,3.11869
2000,3.11869
2001,3.11869
2002,3.11869
2003,3.11869
2004,3.11869
2005,3.11869
2006,3.11869
2007,3.11869
2008,3.11869
2009,3.11869
2010,3.11869
2011,3.11869
2012,3.11869
2013,3.11869
2014,3.11869
2015,3.11869
2016,3.11869
2017,3.11869
2018,3.11869
2019,3.11869
2020,3.11869
2021,3.11869
2022,3.11869
2023,3.11869
2024,3.11869
2025,3.11869
2026,3.11869
2027,3.11869
2028,3.11869
2029,3.11869
2030,3.11869
2031,3.11869
2032,3.11869
2033,3.11869
2034,3.11869
2035,3.11869
2036,3.11869
2037,3.11869
2038,3.11869
2039,3.11869
2040,3.11869
2041,3.11869
2042,3.1187
2043,3.11871
2044,3.11871
2045,3.11871
2046,3.11872
2047,3.11872
2048,3.11872
2049,3.11872
2050,3.11872
2051,3.11872
2052,3.11872
2053,3.11872
2054,3.11872
2055,3.11872
2056,3.11872
2057,3.11872
2058,3.11872
2059,3.11872
2060,3.11872
2061,3.11872
2062,3.11872
2063,3.11872
2064,3.11872
2065,3.11872
2066,3.11872
2067,3.11872
2068,3.11872
2069,3.11872
2070,3.11872
2071,3.11872
2072,3.11872
2073,3.11872
2074,3.11872
2075,3.11872
2076,3.11872
2077,3.11872
2078,3.11872
2079,3.11872
2080,3.11872
2081,3.11872
2082,3.11872
2083,3.11872
2084,3.11873
2085,3.11873
2086,3.11873
2087,3.11873
2088,3.11873
2089,3.11873
2090,3.11873
2091,3.11873
2092,3.11873
2093,3.11873
2094,3.11873
2095,3.11873
2096,3.11873
2097,3.11873
2098,3.11873
2099,3.11873
2100,3.11873
2101,3.11873
2102,3.11873
2103,3.11873
2104,3.11873
2105,3.11873
2106,3.11873
2107,3.11873
2108,3.11873
2109,3.11873
2110,3.11873
2111,3.11873
2112,3.11873
2113,3.11873
2114,3.11873
2115,3.11873
2116,3.11873
2117,3.11873
2118,3.11873
2119,3.11873
2120,3.11873
2121,3.11873
2122,3.11873
2123,3.11873
2124,3.11873
2125,3.11873
2126,3.11873
2127,3.11873
2128,3.11873
2129,3.11873
2130,3.11873
2131,3.11873
2132,3.11889
2133,3.11918
2134,3.1194
2135,3.11918
2136,3.1187
2137,3.11859
2138,3.11873
2139,3.11905
2140,3.11919
2141,3.11915
2142,3.11908
2143,3.11906
2144,3.11904
2145,3.11902
2146,3.11902
2147,3.11901
2148,3.11901
2149,3.119
2150,3.119
2151,3.119
2152,3.119
2153,3.119
2154,3.119
2155,3.119
2156,3.119
2157,3.119
2158,3.119
2159,3.119
2160,3.119
2161,3.119
2162,3.119
2163,3.119
2164,3.119
2165,3.119
2166,3.119
2167,3.119
2168,3.119
2169,3.119
2170,3.119
2171,3.119
2172,3.119
2173,3.119
2174,3.11901
2175,3.11901
2176,3.11901
2177,3.11901
2178,3.11901
2179,3.11901
2180,3.11901
2181,3.11901
2182,3.11901
2183,3.11901
2184,3.11901
2185,3.11901
2186,3.11901
2187,3.11901
2188,3.11901
2189,3.11901
2190,3.11901
2191,3.11901
2192,3.11901
2193,3.11901
2194,3.11901
2195,3.11901
2196,3.11901
2197,3.11901
2198,3.11901
2199,3.11901
2200,3.11901
2201,3.11901
2202,3.11901
2203,3.11901
2204,3.11901
2205,3.11901
2206,3.11901
2207,3.11901
2208,3.11901
2209,3.11901
2210,3.11901
2211,3.11901
2212,3.11901
2213,3.11901
2214,3.11901
2215,3.11901
2216,3.11901
2217,3.11901
2218,3.11901
2219,3.11901
2220,3.11902
2221,3.11902
2222,3.11902
2223,3.11902
2224,3.11902
2225,3.11902
2226,3.11902
2227,3.11902
2228,3.11902
2229,3.11902
2230,3.11902
2231,3.11902
2232,3.11902
2233,3.11902
2234,3.11902
2235,3.11902
2236,3.11902
2237,3.11902
2238,3.11902
2239,3.11902
2240,3.11906
2241,3.11908
2242,3.11911
2243,3.11912
2244,3.11914
2245,3.11915
2246,3.11916
2247,3.11917
2248,3.11917
2249,3.11918
2250,3.11918
2251,3.11918
2252,3.11918
2253,3.11918
2254,3.11918
2255,3.11918
2256,3.11918
2257,3.11918
2258,3.11918
2259,3.11919
2260,3.11919
2261,3.1192
2262,3.11923
2263,3.11924
2264,3.11925
2265,3.11926
2266,3.11926
2267,3.11927
2268,3.11927
2269,3.11927
2270,3.11927
2271,3.11927
2272,3.11928
2273,3.11928
2274,3.11928
2275,3.11928
2276,3.11928
2277,3.11928
2278,3.11928
2279,3.11928
2280,3.11928
2281,3.11928
2282,3.11928
2283,3.11928
2284,3.11928
2285,3.11928
2286,3.11928
2287,3.11928
2288,3.11928
2289,3.11928
2290,3.11928
2291,3.11928
2292,3.11928
2293,3.11928
2294,3.11928
2295,3.11928
2296,3.11928
2297,3.11928
2298,3.11928
2299,3.11928
2300,3.11929
2301,3.11929
2302,3.11929
2303,3.11929
2304,3.11929
2305,3.11929
2306,3.11929
2307,3.11929
2308,3.11929
2309,3.11929
2310,3.11929
2311,3.11929
2312,3.11929
2313,3.11929
2314,3.11929
2315,3.11929
2316,3.11929
2317,3.11929
2318,3.11929
2319,3.11929
2320,3.11929
2321,3.11929
2322,3.11929
2323,3.11929
2324,3.11929
2325,3.11929
2326,3.11929
2327,3.11929
2328,3.11929
2329,3.11929
2330,3.11929
2331,3.11929
2332,3.11929
2333,3.11929
2334,3.1193
2335,3.1193
2336,3.1193
2337,3.1193
2338,3.1193
2339,3.1193
2340,3.1193
2341,3.1193
2342,3.1193
2343,3.1193
2344,3.1193
2345,3.1193
2346,3.1193
2347,3.1193
2348,3.1193
2349,3.1193
2350,3.1193
2351,3.1193
2352,3.1193
2353,3.1193
2354,3.1193
2355,3.1193
2356,3.1193
2357,3.1193
2358,3.1193
2359,3.1193
2360,3.1193
2361,3.1193
2362,3.1193
2363,3.1193
2364,3.11931
2365,3.11931
2366,3.11931
2367,3.11931
2368,3.11931
2369,3.11931
2370,3.11931
2371,3.11931
2372,3.11931
2373,3.11931
2374,3.11931
2375,3.11931
2376,3.11931
2377,3.11931
2378,3.11931
2379,3.11931
2380,3.11931
2381,3.11931
2382,3.11931
2383,3.11931
2384,3.11931
2385,3.11931
2386,3.11931
2387,3.11931
2388,3.11931
2389,3.11931
2390,3.11931
2391,3.11931
2392,3.11932
2393,3.11932
2394,3.11932
2395,3.11932
2396,3.11932
2397,3.11932
2398,3.11932
2399,3.11932
2400,3.11932
2401,3.11932
2402,3.11932
2403,3.11932
2404,3.11932
2405,3.11932
2406,3.11932
2407,3.11932
2408,3.11932
2409,3.11932
2410,3.11932
2411,3.11932
2412,3.11932
2413,3.11932
2414,3.11932
2415,3.11932
2416,3.11932
2417,3.11932
2418,3.11933
2419,3.11933
2420,3.11933
2421,3.11933
2422,3.11933
2423,3.11933
2424,3.11933
2425,3.11933
2426,3.11933
2427,3.11933
2428,3.11933
2429,3.11933
2430,3.11933
2431,3.11933
2432,3.11933
2433,3.11933
2434,3.11933
2435,3.11933
2436,3.11933
2437,3.11933
2438,3.11933
2439,3.11933
2440,3.11933
2441,3.11933
2442,3.11934
2443,3.11934
2444,3.11934
2445,3.11934
2446,3.11934
2447,3.11934
2448,3.11934
2449,3.11934
2450,3.11934
2451,3.11934
2452,3.11934
2453,3.11934
2454,3.11934
2455,3.11934
2456,3.11934
2457,3.11934
2458,3.11934
2459,3.11934
2460,3.11934
2461,3.11934
2462,3.11934
2463,3.11934
2464,3.11934
2465,3.11934
2466,3.11935
2467,3.11935
2468,3.11935
2469,3.11935
2470,3.11935
2471,3.11935
2472,3.11935
2473,3.11935
2474,3.11935
2475,3.11935
2476,3.11935
2477,3.11935
2478,3.11935
2479,3.11935
2480,3.11935
2481,3.11935
2482,3.11935
2483,3.11935
2484,3.11935
2485,3.11935
2486,3.11935
2487,3.11935
2488,3.11935
2489,3.11936
2490,3.11936
2491,3.11936
2492,3.11936
2493,3.11936
2494,3.11936
2495,3.11936
2496,3.11936
2497,3.11936
2498,3.11936
2499,3.11936
2500,3.11936
2501,3.11936
2502,3.11936
2503,3.11936
2504,3.11936
2505,3.11936
2506,3.11936
2507,3.11936
2508,3.11936
2509,3.11936
2510,3.11937
2511,3.11937
2512,3.11937
2513,3.11937
2514,3.11937
2515,3.11937
2516,3.11937
2517,3.11937
2518,3.11937
2519,3.11937
2520,3.11937
2521,3.11937
2522,3.11937
2523,3.11937
2524,3.11937
2525,3.11937
2526,3.11937
2527,3.11937
2528,3.11937
2529,3.11938
2530,3.11938
2531,3.11938
2532,3.11938
2533,3.11938
2534,3.11938
2535,3.11938
2536,3.11938
2537,3.11938
2538,3.11938
2539,3.11938
2540,3.11938
2541,3.11938
2542,3.11938
2543,3.11938
2544,3.11938
2545,3.11938
2546,3.11938
2547,3.11938
2548,3.11939
2549,3.11939
2550,3.11939
2551,3.11939
2552,3.11939
2553,3.11939
2554,3.11939
2555,3.11939
2556,3.11939
2557,3.11939
2558,3.11939
2559,3.11939
2560,3.11939
2561,3.11939
2562,3.11939
2563,3.11939
2564,3.11939
2565,3.11939
2566,3.11939
2567,3.1194
2568,3.1194
2569,3.1194
2570,3.1194
2571,3.1194
2572,3.1194
2573,3.1194
2574,3.1194
2575,3.1194
2576,3.1194
2577,3.1194
2578,3.1194
2579,3.1194
2580,3.1194
2581,3.1194
2582,3.1194
2583,3.1194
2584,3.1194
2585,3.1194
2586,3.11941
2587,3.11941
2588,3.11941
2589,3.11941
2590,3.11941
2591,3.11941
2592,3.11941
2593,3.11941
2594,3.11941
2595,3.11941
2596,3.11941
2597,3.11941
2598,3.11941
2599,3.11941
2600,3.11941
2601,3.11941
2602,3.11941
2603,3.11942
2604,3.11942
2605,3.11942
2606,3.11942
2607,3.11942
2608,3.11942
2609,3.11942
2610,3.11942
2611,3.11942
2612,3.11942
2613,3.11942
2614,3.11943
2615,3.11943
2616,3.11943
2617,3.11943
2618,3.11943
2619,3.11943
2620,3.11944
2621,3.11944
2622,3.11944
2623,3.11944
2624,3.11944
2625,3.11944
2626,3.11944
2627,3.11945
2628,3.11945
2629,3.11945
2630,3.11945
2631,3.11946
2632,3.11946
2633,3.11946
2634,3.11946
2635,3.11947
2636,3.11947
2637,3.11947
2638,3.11947
2639,3.11948
2640,3.11948
2641,3.11948
2642,3.11948
2643,3.11949
2644,3.11949
2645,3.11949
2646,3.1195
2647,3.1195
2648,3.11951
2649,3.11951
2650,3.11952
2651,3.11952
2652,3.11953
2653,3.11953
2654,3.11954
2655,3.11954
2656,3.11955
2657,3.11955
2658,3.11955
2659,3.11956
2660,3.11956
2661,3.11957
2662,3.11958
2663,3.11958
2664,3.11959
2665,3.1196
2666,3.1196
2667,3.11961
2668,3.11961
2669,3.11962
2670,3.11962
2671,3.11963
2672,3.11964
2673,3.11965
2674,3.11966
2675,3.11966
2676,3.11968
2677,3.11968
2678,3.11969
2679,3.11969
2680,3.1197
2681,3.11971
2682,3.11972
2683,3.11973
2684,3.11973
2685,3.11974
2686,3.11975
2687,3.11976
2688,3.11977
2689,3.11978
2690,3.11979
2691,3.1198
2692,3.11981
2693,3.11982
2694,3.11983
2695,3.11985
2696,3.11985
2697,3.11986
2698,3.11988
2699,3.11989
2700,3.1199
2701,3.11992
2702,3.11992
2703,3.11993
2704,3.11995
2705,3.11996
2706,3.11998
2707,3.11999
2708,3.12
2709,3.12002
2710,3.12003
2711,3.12005
2712,3.12006
2713,3.12008
2714,3.12009
2715,3.1201
2716,3.12012
2717,3.12013
2718,3.12014
2719,3.12015
2720,3.12016
2721,3.12017
2722,3.12019
2723,3.1202
2724,3.12023
2725,3.12024
2726,3.12025
2727,3.12027
2728,3.12028
2729,3.12029
2730,3.12032
2731,3.12033
2732,3.12035
2733,3.12036
2734,3.12039
2735,3.12039
2736,3.12041
2737,3.12043
2738,3.12044
2739,3.12046
2740,3.12048
2741,3.12049
2742,3.1205
2743,3.12053
2744,3.12054
2745,3.12055
2746,3.12057
2747,3.12059
2748,3.12061
2749,3.12063
2750,3.12065
2751,3.12068
2752,3.1207
2753,3.12073
2754,3.12075
2755,3.12076
2756,3.12079
2757,3.12081
2758,3.12083
2759,3.12085
2760,3.12086
2761,3.12089
2762,3.12091
2763,3.12093
2764,3.12094
2765,3.12096
2766,3.12099
2767,3.121
2768,3.12102
2769,3.12103
2770,3.12107
2771,3.12108
2772,3.12111
2773,3.12113
2774,3.12116
2775,3.12118
2776,3.12121
2777,3.12123
2778,3.12124
2779,3.12128
2780,3.12131
2781,3.12133
2782,3.12136
2783,3.1214
2784,3.12143
2785,3.12145
2786,3.12147
2787,3.1215
2788,3.12152
2789,3.12155
2790,3.12157
2791,3.12161
2792,3.12163
2793,3.12166
2794,3.12168
2795,3.12172
2796,3.12173
2797,3.12177
2798,3.12179
2799,3.12181
2800,3.12184
2801,3.12186
2802,3.1219
2803,3.12192
2804,3.12196
2805,3.12198
2806,3.12201
2807,3.12203
2808,3.12205
2809,3.12209
2810,3.12211
2811,3.12215
2812,3.12219
2813,3.1222
2814,3.12224
2815,3.12226
2816,3.1223
2817,3.12232
2818,3.12234
2819,3.12236
2820,3.12238
2821,3.1224
2822,3.12242
2823,3.12246
2824,3.1225
2825,3.12254
2826,3.12256
2827,3.1226
2828,3.12262
2829,3.12263
2830,3.12265
2831,3.12269
2832,3.12271
2833,3.12273
2834,3.12275
2835,3.12279
2836,3.12281
2837,3.12285
2838,3.12287
2839,3.12291
2840,3.12293
2841,3.12238
2842,3.12193
2843,3.12283
2844,3.12338
2845,3.12361
2846,3.12309
2847,3.12261
2848,3.12269
2849,3.12337
2850,3.12393
2851,3.12359
2852,3.12227
2853,3.122
2854,3.12276
2855,3.12355
2856,3.12401
2857,3.12333
2858,3.12245
2859,3.12229
2860,3.12329
2861,3.12419
2862,3.1238
2863,3.12256
2864,3.12183
2865,3.12291
2866,3.1248
2867,3.12591
2868,3.12269
2869,3.1208
2870,3.12172
2871,3.12451
2872,3.1271
2873,3.12631
2874,3.12471
2875,3.12398
2876,3.12565
2877,3.12938
2878,3.13083
2879,3.12664
2880,3.1252
2881,3.12739
2882,3.12999
2883,3.13066
2884,3.12925
2885,3.12807
2886,3.13007
2887,3.13237
2888,3.13167
2889,3.13034
2890,3.13022
2891,3.13116
2892,3.13278
2893,3.13277
2894,3.1297
2895,3.12698
2896,3.12677
2897,3.12759
2898,3.12887
2899,3.12709
2900,3.12608
2901,3.12766
2902,3.12983
2903,3.12943
2904,3.12626
2905,3.12657
2906,3.12782
2907,3.12814
2908,3.12509
2909,3.12403
2910,3.12602
2911,3.12848
2912,3.1294
2913,3.12662
2914,3.12464
2915,3.12556
2916,3.12731
2917,3.12666
2918,3.12497
2919,3.12573
2920,3.12773
2921,3.12751
2922,3.12521
2923,3.12522
2924,3.12792
2925,3.12844
2926,3.12378
2927,3.1231
2928,3.12405
2929,3.12567
2930,3.12507
2931,3.1238
2932,3.12416
2933,3.12705
2934,3.12914
2935,3.12914
2936,3.12715
2937,3.12683
2938,3.12888
2939,3.13009
2940,3.12749
2941,3.12473
2942,3.12517
2943,3.12785
2944,3.12908
2945,3.12676
2946,3.12462
2947,3.12632
2948,3.12773
2949,3.12571
2950,3.12174
2951,3.12217
2952,3.12362
2953,3.12396
2954,3.12215
2955,3.12068
2956,3.12231
2957,3.125
2958,3.12604
2959,3.12128
2960,3.11901
2961,3.11876
2962,3.12225
2963,3.12438
2964,3.12373
2965,3.12105
2966,3.11977
2967,3.12204
2968,3.12394
2969,3.12274
2970,3.12013
2971,3.11872
2972,3.12074
2973,3.12275
2974,3.1215
2975,3.11949
2976,3.11978
2977,3.12053
2978,3.12087
2979,3.12005
2980,3.11882
2981,3.11908
2982,3.1204
2983,3.12078
2984,3.11938
2985,3.11781
2986,3.11855
2987,3.11954
2988,3.1175
2989,3.11518
2990,3.11578
2991,3.11808
2992,3.11779
2993,3.11566
2994,3.11424
2995,3.11476
2996,3.11794
2997,3.11821
2998,3.11618
2999,3.11495
3000,3.11874
3001,3.12062
3002,3.12085
3003,3.12136
3004,3.12333
3005,3.13022
3006,3.13377
3007,3.1356
3008,3.13465
3009,3.13348
3010,3.13429
3011,3.13737
3012,3.14253
3013,3.14301
3014,3.14299
3015,3.14531
3016,3.14785
3017,3.15001
3018,3.15142
3019,3.15113
3020,3.15165
3021,3.15345
3022,3.15741
3023,3.15871
3024,3.16065
3025,3.16248
3026,3.16343
3027,3.16609
3028,3.1678
3029,3.1694
3030,3.17144
3031,3.17255
3032,3.1734
3033,3.17655
3034,3.17853
3035,3.18123
3036,3.18244
3037,3.18438
3038,3.18606
3039,3.18907
3040,3.19092
3041,3.19158
3042,3.19257
3043,3.19579
3044,3.19934
3045,3.20067
3046,3.20163
3047,3.20248
3048,3.20485
3049,3.20645
3050,3.20791
3051,3.20992
3052,3.21057
3053,3.21264
3054,3.21583
3055,3.21855
3056,3.21949
3057,3.2212
3058,3.22341
3059,3.22592
3060,3.22703
3061,3.22889
3062,3.23066
3063,3.23168
3064,3.23277
3065,3.23383
3066,3.23571
3067,3.23745
3068,3.23841
3069,3.23944
3070,3.24046
3071,3.24228
3072,3.24309
3073,3.24394
3074,3.24591
3075,3.24698
3076,3.24877
3077,3.24945
3078,3.25099
3079,3.25196
3080,3.25293
3081,3.25449
3082,3.2551
3083,3.25657
3084,3.25753
3085,3.25929
3086,3.25999
3087,3.26123
3088,3.26187
3089,3.26256
3090,3.26399
3091,3.26467
3092,3.26594
3093,3.26655
3094,3.26717
3095,3.26833
3096,3.26886
3097,3.26939
3098,3.26997
3099,3.27117
3100,3.27175
3101,3.2727
3102,3.27307
3103,3.27391
3104,3.27445
3105,3.27498
3106,3.27543
3107,3.27607
3108,3.27634
3109,3.27667
3110,3.27754
3111,3.27802
3112,3.27868
3113,3.27885
3114,3.27931
3115,3.27967
3116,3.28028
3117,3.28061
3118,3.28074
3119,3.28113
3120,3.28141
3121,3.28179
3122,3.28185
3123,3.28198
3124,3.28211
3125,3.28235
3126,3.28243
3127,3.28248
3128,3.28252
3129,3.2827
3130,3.28282
3131,3.28287
3132,3.28277
3133,3.28266
3134,3.28267
3135,3.28282
3136,3.28309
3137,3.28308
3138,3.28276
3139,3.28243
3140,3.28238
3141,3.2824
3142,3.28235
3143,3.2822
3144,3.28195
3145,3.28175
3146,3.28164
3147,3.28158
3148,3.28154
3149,3.28119
3150,3.28054
3151,3.27997
3152,3.27966
3153,3.27955
3154,3.2791
3155,3.27874
3156,3.27802
3157,3.27772
3158,3.27719
3159,3.27692
3160,3.27624
3161,3.27581
3162,3.27537
3163,3.27498
3164,3.27463
3165,3.27391
3166,3.27349
3167,3.27305
3168,3.27214
3169,3.27168
3170,3.27074
3171,3.27024
3172,3.26921
3173,3.26869
3174,3.26762
3175,3.26705
3176,3.26646
3177,3.26522
3178,3.26458
3179,3.2639
3180,3.26242
3181,3.26162
3182,3.25995
3183,3.25816
3184,3.25721
3185,3.25622
3186,3.25518
3187,3.25296
3188,3.25181
3189,3.25064
3190,3.24827
3191,3.24706
3192,3.24464
3193,3.24343
3194,3.24096
3195,3.23968
3196,3.23702
3197,3.23564
3198,3.23424
3199,3.23135
3200,3.22985
3201,3.22835
3202,3.22683
3203,3.22375
3204,3.22219
3205,3.22062
3206,3.21739
3207,3.21406
3208,3.21237
3209,3.20891
3210,3.20714
3211,3.20534
3212,3.2017
3213,3.19985
3214,3.19611
3215,3.19421
3216,3.19036
3217,3.1884
3218,3.18643
3219,3.18441
3220,3.18236
3221,3.17816
3222,3.17602
3223,3.17168
3224,3.16946
3225,3.16722
3226,3.16496
3227,3.16041
3228,3.15582
3229,3.15352
3230,3.14884
3231,3.14646
3232,3.14407
3233,3.14165
3234,3.13921
3235,3.13427
3236,3.13177
3237,3.12672
3238,3.12417
3239,3.1216
3240,3.119
3241,3.1137
3242,3.111
3243,3.10551
3244,3.10269
3245,3.09694
3246,3.09399
3247,3.09099
3248,3.08492
3249,3.08185
3250,3.07559
3251,3.07238
3252,3.0659
3253,3.06262
3254,3.05932
3255,3.05262
3256,3.04924
3257,3.04255
3258,3.03925
3259,3.0326
3260,3.02923
3261,3.0225
3262,3.01916
3263,3.01249
3264,3.00914
3265,3.00578
3266,2.99913
3267,2.99584
3268,2.98925
3269,2.98592
3270,2.97931
3271,2.97604
3272,2.96953
3273,2.96627
3274,2.96301
3275,2.95655
3276,2.95335
3277,2.94695
3278,2.94373
3279,2.94052
3280,2.9342
3281,2.93109
3282,2.92487
3283,2.92173
3284,2.91548
3285,2.91241
3286,2.90635
3287,2.90335
3288,2.89733
3289,2.89434
3290,2.88841
3291,2.88548
3292,2.87967
3293,2.87678
3294,2.87106
3295,2.86823
3296,2.86261
3297,2.85983
3298,2.85434
3299,2.85162
3300,2.84624
3301,2.84357
3302,2.84092
3303,2.83569
3304,2.83311
3305,2.82801
3306,2.82548
3307,2.82049
3308,2.81804
3309,2.8132
3310,2.81081
3311,2.80609
3312,2.80148
3313,2.79698
3314,2.79476
3315,2.79256
3316,2.79038
3317,2.7861
3318,2.78401
3319,2.77989
3320,2.77787
3321,2.77587
3322,2.77197
3323,2.77006
3324,2.76818
3325,2.76633
3326,2.7627
3327,2.76093
3328,2.7575
3329,2.75583
3330,2.75257
3331,2.75098
3332,2.74791
3333,2.74643
3334,2.74498
3335,2.74218
3336,2.74083
3337,2.73825
3338,2.73703
3339,2.73583
3340,2.73354
3341,2.73244
3342,2.73037
3343,2.72941
3344,2.72848
3345,2.7267
3346,2.72505
3347,2.7243
3348,2.72359
3349,2.72228
3350,2.72168
3351,2.7206
3352,2.72012
3353,2.71931
3354,2.71896
3355,2.71839
3356,2.71817
3357,2.718
3358,2.71778
3359,2.71774
3360,2.71779
3361,2.71788
3362,2.71819
3363,2.71842
3364,2.719
3365,2.71936
3366,2.71976
3367,2.7207
3368,2.7218
3369,2.72303
3370,2.7237
3371,2.7252
3372,2.72689
3373,2.7278
3374,2.72975
3375,2.7308
3376,2.7319
3377,2.73425
3378,2.73551
3379,2.7368
3380,2.73956
3381,2.74102
3382,2.74409
3383,2.74572
3384,2.74911
3385,2.75089
3386,2.75458
3387,2.7565
3388,2.76048
3389,2.76253
3390,2.76678
3391,2.76898
3392,2.77349
3393,2.7758
3394,2.78057
3395,2.78302
3396,2.78552
3397,2.79073
3398,2.79345
3399,2.7991
3400,2.80207
3401,2.80509
3402,2.81131
3403,2.81451
3404,2.82115
3405,2.82459
3406,2.83155
3407,2.83505
3408,2.84209
3409,2.84564
3410,2.85284
3411,2.8565
3412,2.8602
3413,2.86773
3414,2.87158
3415,2.87935
3416,2.88327
3417,2.89121
3418,2.89526
3419,2.89934
3420,2.90756
3421,2.91585
3422,2.92004
3423,2.92858
3424,2.93291
3425,2.93725
3426,2.94594
3427,2.95031
3428,2.95918
3429,2.96369
3430,2.97274
3431,2.97727
3432,2.9864
3433,2.99102
3434,2.99567
3435,3.00032
3436,3.00964
3437,3.01903
3438,3.02377
3439,3.03333
3440,3.03813
3441,3.04294
3442,3.0526
3443,3.05745
3444,3.06232
3445,3.0721
3446,3.077
3447,3.08686
3448,3.09182
3449,3.10176
3450,3.10673
3451,3.11171
3452,3.12174
3453,3.12678
3454,3.13684
3455,3.14186
3456,3.15194
3457,3.15702
3458,3.16718
3459,3.1773
3460,3.18744
3461,3.19253
3462,3.20272
3463,3.2078
3464,3.21796
3465,3.22305
3466,3.22814
3467,3.23833
3468,3.24342
3469,3.2536
3470,3.25868
3471,3.26884
3472,3.27391
3473,3.28403
3474,3.28909
3475,3.29414
3476,3.30422
3477,3.30924
3478,3.31926
3479,3.32427
3480,3.32926
3481,3.33921
3482,3.34909
3483,3.35402
3484,3.36877
3485,3.37367
3486,3.37854
3487,3.38821
3488,3.39302
3489,3.39782
3490,3.40261
3491,3.40739
3492,3.41689
3493,3.4216
3494,3.43098
3495,3.43565
3496,3.4403
3497,3.44493
3498,3.44953
3499,3.45868
3500,3.46323
3501,3.47226
3502,3.47675
3503,3.48565
3504,3.49006
3505,3.49446
3506,3.50317
3507,3.50748
3508,3.51602
3509,3.52025
3510,3.52865
3511,3.5328
3512,3.54102
3513,3.54509
3514,3.55315
3515,3.55713
3516,3.56502
3517,3.56892
3518,3.5728
3519,3.58048
3520,3.58428
3521,3.59178
3522,3.59548
3523,3.60278
3524,3.6064
3525,3.60998
3526,3.61706
3527,3.62055
3528,3.62743
3529,3.63082
3530,3.63751
3531,3.64081
3532,3.64731
3533,3.65051
3534,3.65679
3535,3.65989
3536,3.66597
3537,3.66897
3538,3.67485
3539,3.67774
3540,3.6834
3541,3.68618
3542,3.69164
3543,3.69432
3544,3.69955
3545,3.70211
3546,3.70712
3547,3.70957
3548,3.71436
3549,3.7167
3550,3.719
3551,3.72348
3552,3.72566
3553,3.72992
3554,3.73198
3555,3.736
3556,3.73985
3557,3.74355
3558,3.74709
3559,3.74881
3560,3.75212
3561,3.75527
3562,3.7567
3563,3.7592
3564,3.7613
3565,3.76222
3566,3.76306
3567,3.76384
3568,3.76456
3569,3.76583
3570,3.76689
3571,3.76734
3572,3.7681
3573,3.76867
3574,3.76906
3575,3.76926
3576,3.7693
3577,3.76924
3578,3.76915
3579,3.76883
3580,3.76834
3581,3.76766
3582,3.76726
3583,3.76632
3584,3.7652
3585,3.76457
3586,3.76318
3587,3.76242
3588,3.76076
3589,3.75986
3590,3.75793
3591,3.7569
3592,3.75469
3593,3.75352
3594,3.75104
3595,3.74973
3596,3.74837
3597,3.74551
3598,3.74247
3599,3.74087
3600,3.73756
3601,3.73583
3602,3.73223
3603,3.73035
3604,3.72646
3605,3.72445
3606,3.72027
3607,3.71811
3608,3.7159
3609,3.71134
3610,3.70899
3611,3.70414
3612,3.70164
3613,3.6965
3614,3.69386
3615,3.68843
3616,3.68563
3617,3.68279
3618,3.67697
3619,3.674
3620,3.66791
3621,3.6648
3622,3.65842
3623,3.65516
3624,3.64849
3625,3.64509
3626,3.63813
3627,3.63459
3628,3.63099
3629,3.62365
3630,3.61991
3631,3.61612
3632,3.60838
3633,3.60444
3634,3.59641
3635,3.59232
3636,3.58398
3637,3.57974
3638,3.57109
3639,3.56669
3640,3.56223
3641,3.55772
3642,3.54852
3643,3.54384
3644,3.53911
3645,3.53433
3646,3.52459
3647,3.51963
3648,3.50951
3649,3.50434
3650,3.4938
3651,3.48843
3652,3.47753
3653,3.47199
3654,3.46639
3655,3.45502
3656,3.44341
3657,3.4375
3658,3.42549
3659,3.41327
3660,3.40708
3661,3.39457
3662,3.38823
3663,3.37539
3664,3.36231
3665,3.3557
3666,3.34236
3667,3.33562
3668,3.32884
3669,3.322
3670,3.30818
3671,3.29421
3672,3.28717
3673,3.2801
3674,3.26584
3675,3.25144
3676,3.24419
3677,3.22958
3678,3.22223
3679,3.21485
3680,3.20002
3681,3.18511
3682,3.17762
3683,3.17009
3684,3.1549
3685,3.13958
3686,3.12423
3687,3.10881
3688,3.10108
3689,3.09332
3690,3.07773
3691,3.0699
3692,3.05416
3693,3.04627
3694,3.03046
3695,3.02254
3696,3.01461
3697,3.00665
3698,2.99866
3699,2.99065
3700,2.98261
3701,2.97456
3702,2.95842
3703,2.95034
3704,2.93417
3705,2.92608
3706,2.90985
3707,2.9017
3708,2.89355
3709,2.88538
3710,2.86901
3711,2.86081
3712,2.85262
3713,2.84442
3714,2.828
3715,2.81979
3716,2.81157
3717,2.79513
3718,2.78691
3719,2.77046
3720,2.75402
3721,2.74582
3722,2.72945
3723,2.71314
3724,2.705
3725,2.69688
3726,2.68066
3727,2.66449
3728,2.65644
3729,2.6484
3730,2.64038
3731,2.62437
3732,2.61639
3733,2.60843
3734,2.6005
3735,2.59259
3736,2.57684
3737,2.569
3738,2.5612
3739,2.55341
3740,2.53793
3741,2.53022
3742,2.51492
3743,2.50731
3744,2.49974
3745,2.4922
3746,2.47721
3747,2.46977
3748,2.46236
3749,2.455
3750,2.44041
3751,2.43317
3752,2.41882
3753,2.41171
3754,2.39762
3755,2.39064
3756,2.37683
3757,2.36999
3758,2.36319
3759,2.34973
3760,2.34306
3761,2.32981
3762,2.32323
3763,2.31018
3764,2.30371
3765,2.2973
3766,2.2846
3767,2.27832
3768,2.26589
3769,2.25974
3770,2.24759
3771,2.24159
3772,2.23564
3773,2.22386
3774,2.21228
3775,2.20656
3776,2.19529
3777,2.18973
3778,2.17877
3779,2.17336
3780,2.16801
3781,2.16272
3782,2.15748
3783,2.14717
3784,2.14209
3785,2.1321
3786,2.1272
3787,2.12235
3788,2.11757
3789,2.10818
3790,2.09903
3791,2.09454
3792,2.08576
3793,2.08147
3794,2.07306
3795,2.06894
3796,2.06489
3797,2.06091
3798,2.05313
3799,2.04933
3800,2.0456
3801,2.03832
3802,2.03478
3803,2.02789
3804,2.02454
3805,2.02125
3806,2.01802
3807,2.01486
3808,2.00872
3809,2.00285
3810,2.00002
3811,1.99455
3812,1.99191
3813,1.98934
3814,1.98684
3815,1.98441
3816,1.97976
3817,1.97753
3818,1.97328
3819,1.97126
3820,1.96742
3821,1.96385
3822,1.96056
3823,1.95902
3824,1.95755
3825,1.95615
3826,1.95354
3827,1.95234
3828,1.95015
3829,1.94916
3830,1.94823
3831,1.94738
3832,1.94589
3833,1.94525
3834,1.94419
3835,1.94377
3836,1.94342
3837,1.94314
3838,1.94291
3839,1.94265
3840,1.94261
3841,1.94272
3842,1.94285
3843,1.9433
3844,1.9436
3845,1.94441
3846,1.9449
3847,1.94546
3848,1.94674
3849,1.94747
3850,1.94826
3851,1.95007
3852,1.95107
3853,1.95214
3854,1.95443
3855,1.95566
3856,1.95834
3857,1.9598
3858,1.9629
3859,1.96452
3860,1.96796
3861,1.96979
3862,1.97168
3863,1.97567
3864,1.97776
3865,1.98215
3866,1.98444
3867,1.98925
3868,1.99176
3869,1.99697
3870,1.99966
3871,2.00524
3872,2.00813
3873,2.01107
3874,2.01715
3875,2.02029
3876,2.02678
3877,2.03014
3878,2.03357
3879,2.04063
3880,2.04425
3881,2.0517
3882,2.05552
3883,2.06335
3884,2.06735
3885,2.07141
3886,2.07975
3887,2.08402
3888,2.09103
3889,2.09471
3890,2.1041
3891,2.10988
3892,2.11557
3893,2.12502
3894,2.13289
3895,2.13716
3896,2.14221
3897,2.15355
3898,2.15932
3899,2.16482
3900,2.17541
3901,2.1866
3902,2.19264
3903,2.20451
3904,2.21021
3905,2.2221
3906,2.22842
3907,2.23482
3908,2.24751
3909,2.25377
3910,2.2667
3911,2.27348
3912,2.28037
3913,2.29418
3914,2.30101
3915,2.3148
3916,2.32193
3917,2.32931
3918,2.3368
3919,2.34417
3920,2.35882
3921,2.36627
3922,2.38188
3923,2.38994
3924,2.39782
3925,2.41358
3926,2.42177
3927,2.43923
3928,2.44814
3929,2.45638
3930,2.47159
3931,2.47944
3932,2.48837
3933,2.50704
3934,2.51536
3935,2.5227
3936,2.5293
3937,2.54656
3938,2.56653
3939,2.58143
3940,2.58775
3941,2.60507
3942,2.61603
3943,2.6256
3944,2.64014
3945,2.65361
3946,2.6631
3947,2.67307
3948,2.6825
3949,2.69939
3950,2.70734
3951,2.72656
3952,2.73812
3953,2.7573
3954,2.76403
3955,2.78042
3956,2.79224
3957,2.8142
3958,2.83024
3959,2.85412
3960,2.86473
3961,2.88688
3962,2.89718
3963,2.90677
3964,2.92674
3965,2.9364
3966,2.95469
3967,2.97298
3968,2.98428
3969,3.00695
3970,3.01664
3971,3.02495
3972,3.04334
3973,3.06748
3974,3.08089
3975,3.10082
3976,3.10691
3977,3.12059
3978,3.13069
3979,3.15647
3980,3.18286
3981,3.1927
3982,3.20687
3983,3.21317
3984,3.2336
3985,3.24771
3986,3.27459
3987,3.28445
3988,3.29865
3989,3.31357
3990,3.33794
3991,3.3537
3992,3.37953
3993,3.38864
3994,3.40162
3995,3.40829
3996,3.43092
3997,3.46227
3998,3.47681
3999,3.49554
4000,3.50505
4001,3.50935
4002,3.52682
4003,3.53941
4004,3.56651
4005,3.58585
4006,3.59121
4007,3.60354
4008,3.61247
4009,3.62458
4010,3.65003
4011,3.66038
4012,3.67322
4013,3.68456
4014,3.69392
4015,3.71847
4016,3.73135
4017,3.74804
4018,3.75121
4019,3.76395
4020,3.78927
4021,3.8034
4022,3.82259
4023,3.83198
4024,3.83541
4025,3.8415
4026,3.86094
4027,3.88627
4028,3.89763
4029,3.91081
4030,3.9169
4031,3.92966
4032,3.94064
4033,3.95252
4034,3.96863
4035,3.9723
4036,3.98091
4037,3.98818
4038,4.00936
4039,4.02132
4040,4.03553
4041,4.03703
4042,4.04604
4043,4.05672
4044,4.07706
4045,4.08785
4046,4.09075
4047,4.09488
4048,4.11039
4049,4.12103
4050,4.13835
4051,4.1467
4052,4.14813
4053,4.15631
4054,4.16386
4055,4.18206
4056,4.19023
4057,4.19899
4058,4.20039
4059,4.20971
4060,4.21922
4061,4.22841
4062,4.23674
4063,4.23628
4064,4.24311
4065,4.26205
4066,4.26795
4067,4.27079
4068,4.27569
4069,4.28032
4070,4.2855
4071,4.29493
4072,4.30374
4073,4.30941
4074,4.31935
4075,4.32269
4076,4.32963
4077,4.33413
4078,4.34279
4079,4.34641
4080,4.34979
4081,4.35695
4082,4.36081
4083,4.36813
4084,4.37136
4085,4.37777
4086,4.38119
4087,4.38457
4088,4.39056
4089,4.39319
4090,4.3987
4091,4.40173
4092,4.40719
4093,4.40946
4094,4.41165
4095,4.41649
4096,4.42126
4097,4.42324
4098,4.42678
4099,4.43007
4100,4.43169
4101,4.43327
4102,4.43485
4103,4.43787
4104,4.43926
4105,4.44051
4106,4.44166
4107,4.44374
4108,4.44471
4109,4.44562
4110,4.44713
4111,4.44773
4112,4.44826
4113,4.44873
4114,4.44951
4115,4.44981
4116,4.45002
4117,4.45018
4118,4.45013
4119,4.45002
4120,4.44961
4121,4.44929
4122,4.44844
4123,4.44789
4124,4.4466
4125,4.44586
4126,4.44505
4127,4.44321
4128,4.44218
4129,4.43993
4130,4.43872
4131,4.43609
4132,4.43468
4133,4.43319
4134,4.43001
4135,4.42831
4136,4.42655
4137,4.4228
4138,4.42083
4139,4.41665
4140,4.41446
4141,4.40987
4142,4.40503
4143,4.39992
4144,4.39727
4145,4.39455
4146,4.38895
4147,4.38608
4148,4.38012
4149,4.37703
4150,4.37065
4151,4.36404
4152,4.35718
4153,4.35006
4154,4.3464
4155,4.33891
4156,4.33508
4157,4.32718
4158,4.32308
4159,4.31891
4160,4.31466
4161,4.30597
4162,4.30152
4163,4.29241
4164,4.28774
4165,4.28301
4166,4.2782
4167,4.27332
4168,4.26334
4169,4.25825
4170,4.24787
4171,4.23722
4172,4.23179
4173,4.22072
4174,4.21506
4175,4.20355
4176,4.19769
4177,4.19176
4178,4.17957
4179,4.17331
4180,4.16061
4181,4.15419
4182,4.14772
4183,4.13455
4184,4.12784
4185,4.11419
4186,4.10727
4187,4.0933
4188,4.08625
4189,4.07187
4190,4.06451
4191,4.04959
4192,4.04207
4193,4.02692
4194,4.01926
4195,4.0115
4196,3.99561
4197,3.98752
4198,3.97145
4199,3.96357
4200,3.94759
4201,3.93932
4202,3.9222
4203,3.91348
4204,3.89648
4205,3.88835
4206,3.87153
4207,3.86244
4208,3.84351
4209,3.82539
4210,3.81702
4211,3.80874
4212,3.7902
4213,3.77968
4214,3.75926
4215,3.74196
4216,3.72592
4217,3.71741
4218,3.69648
4219,3.6843
4220,3.67243
4221,3.65219
4222,3.64252
4223,3.63255
4224,3.62184
4225,3.59912
4226,3.58755
4227,3.56444
4228,3.5529
4229,3.53008
4230,3.51892
4231,3.50781
4232,3.48564
4233,3.46333
4234,3.452
4235,3.44053
4236,3.42903
4237,3.40609
4238,3.39464
4239,3.38317
4240,3.36021
4241,3.34872
4242,3.32564
4243,3.31404
4244,3.2908
4245,3.27917
4246,3.25588
4247,3.2442
4248,3.2208
4249,3.20908
4250,3.18563
4251,3.17389
4252,3.15036
4253,3.13857
4254,3.12676
4255,3.10313
4256,3.09131
4257,3.07948
4258,3.05571
4259,3.04379
4260,3.01994
4261,3.00802
4262,2.98413
4263,2.97214
4264,2.9481
4265,2.93606
4266,2.92403
4267,2.89989
4268,2.88778
4269,2.86357
4270,2.8515
4271,2.82745
4272,2.81545
4273,2.79151
4274,2.77958
4275,2.76768
4276,2.74392
4277,2.73207
4278,2.72021
4279,2.69663
4280,2.68493
4281,2.66157
4282,2.63823
4283,2.62661
4284,2.60353
4285,2.59207
4286,2.58063
4287,2.5578
4288,2.54642
4289,2.52387
4290,2.5127
4291,2.49044
4292,2.47932
4293,2.46825
4294,2.44636
4295,2.43553
4296,2.41393
4297,2.39243
4298,2.38175
4299,2.36066
4300,2.35023
4301,2.33985
4302,2.31912
4303,2.30879
4304,2.2884
4305,2.27832
4306,2.25836
4307,2.23855
4308,2.22871
4309,2.20926
4310,2.19008
4311,2.18057
4312,2.17108
4313,2.16162
4314,2.14286
4315,2.13359
4316,2.12438
4317,2.1061
4318,2.08801
4319,2.07017
4320,2.06136
4321,2.04388
4322,2.0352
4323,2.02658
4324,2.01802
4325,2.00111
4326,1.99275
4327,1.97616
4328,1.95974
4329,1.95162
4330,1.93559
4331,1.9198
4332,1.90423
4333,1.89651
4334,1.88128
4335,1.87377
4336,1.85893
4337,1.8516
4338,1.84433
4339,1.83001
4340,1.82296
4341,1.80907
4342,1.80223
4343,1.78875
4344,1.78213
4345,1.7691
4346,1.76268
4347,1.75007
4348,1.74387
4349,1.73775
4350,1.7317
4351,1.71982
4352,1.71399
4353,1.70256
4354,1.69696
4355,1.68598
4356,1.68061
4357,1.6701
4358,1.66495
4359,1.65489
4360,1.64998
4361,1.64038
4362,1.63108
4363,1.62655
4364,1.6221
4365,1.61341
4366,1.60917
4367,1.60094
4368,1.59694
4369,1.58918
4370,1.58542
4371,1.58173
4372,1.57459
4373,1.57114
4374,1.56445
4375,1.56121
4376,1.55495
4377,1.55194
4378,1.549
4379,1.54333
4380,1.53797
4381,1.53296
4382,1.52821
4383,1.52592
4384,1.52158
4385,1.51954
4386,1.51758
4387,1.5157
4388,1.51216
4389,1.50892
4390,1.50742
4391,1.50464
4392,1.50337
4393,1.50104
4394,1.49998
4395,1.49811
4396,1.49729
4397,1.49587
4398,1.49527
4399,1.49431
4400,1.49395
4401,1.49345
4402,1.49331
4403,1.49327
4404,1.49336
4405,1.49377
4406,1.49409
4407,1.49495
4408,1.49549
4409,1.49679
4410,1.49755
4411,1.49927
4412,1.50127
4413,1.50238
4414,1.50357
4415,1.50619
4416,1.50911
4417,1.5107
4418,1.51237
4419,1.51591
4420,1.51973
4421,1.52176
4422,1.52604
4423,1.53062
4424,1.53551
4425,1.53807
4426,1.5434
4427,1.54617
4428,1.55194
4429,1.55493
4430,1.558
4431,1.56436
4432,1.56765
4433,1.57429
4434,1.57774
4435,1.58497
4436,1.58873
4437,1.59652
4438,1.60052
4439,1.6087
4440,1.61284
4441,1.61705
4442,1.62571
4443,1.63017
4444,1.63936
4445,1.64405
4446,1.65368
4447,1.65862
4448,1.66364
4449,1.6739
4450,1.67915
4451,1.68985
4452,1.69531
4453,1.7065
4454,1.71224
4455,1.71806
4456,1.72998
4457,1.74224
4458,1.74848
4459,1.76114
4460,1.76757
4461,1.78063
4462,1.78724
4463,1.79392
4464,1.80747
4465,1.81435
4466,1.8213
4467,1.83544
4468,1.84263
4469,1.85718
4470,1.87197
4471,1.87947
4472,1.88704
4473,1.90246
4474,1.91029
4475,1.92616
4476,1.9342
4477,1.9505
4478,1.95876
4479,1.96708
4480,1.98395
4481,2.00109
4482,2.00976
4483,2.0273
4484,2.04509
4485,2.06303
4486,2.07201
4487,2.09006
4488,2.10836
4489,2.12704
4490,2.13649
4491,2.14593
4492,2.16456
4493,2.17381
4494,2.18324
4495,2.20301
4496,2.21329
4497,2.22343
4498,2.24192
4499,2.25934
4500,2.26976
4501,2.28155
4502,2.29362
4503,2.31386
4504,2.32207
4505,2.33887
4506,2.34934
4507,2.37416
4508,2.38741
4509,2.40696
4510,2.41275
4511,2.41949
4512,2.44222
4513,2.45721
4514,2.48055
4515,2.48801
4516,2.50703
4517,2.52045
4518,2.53385
4519,2.55455
4520,2.56204
4521,2.58026
4522,2.59263
4523,2.61837
4524,2.63045
4525,2.64993
4526,2.6579
4527,2.67896
4528,2.69337
4529,2.70768
4530,2.72971
4531,2.73762
4532,2.7561
4533,2.76856
4534,2.79609
4535,2.80962
4536,2.82086
4537,2.83852
4538,2.85759
4539,2.87061
4540,2.89955
4541,2.91272
4542,2.93262
4543,2.94013
4544,2.96065
4545,2.97506
4546,3.00457
4547,3.0165
4548,3.03516
4549,3.0433
4550,3.05342
4551,3.08269
4552,3.11772
4553,3.13231
4554,3.15249
4555,3.1585
4556,3.17665
4557,3.20668
4558,3.2414
4559,3.2414
4560,3.26685
4561,3.2755
4562,3.29402
4563,3.30656
4564,3.32193
4565,3.35225
4566,3.36499
4567,3.37522
4568,3.39462
4569,3.42027
4570,3.43662
4571,3.45246
4572,3.47458
4573,3.48112
4574,3.48918
4575,3.50101
4576,3.53263
4577,3.56576
4578,3.5785
4579,3.58921
4580,3.61021
4581,3.6223
4582,3.63578
4583,3.66292
4584,3.68737
4585,3.69853
4586,3.7099
4587,3.73555
4588,3.76349
4589,3.78883
4590,3.79956
4591,3.81008
4592,3.83486
4593,3.84928
4594,3.86345
4595,3.88749
4596,3.90696
4597,3.91666
4598,3.94081
4599,3.96901
4600,3.98241
4601,3.99417
4602,4.00442
4603,4.01443
4604,4.03773
4605,4.06388
4606,4.07634
4607,4.09787
4608,4.11737
4609,4.12794
4610,4.13932
4611,4.16245
4612,4.17357
4613,4.1842
4614,4.20494
4615,4.21541
4616,4.22608
4617,4.24744
4618,4.25789
4619,4.2681
4620,4.28824
4621,4.29834
4622,4.30846
4623,4.32839
4624,4.33808
4625,4.3573
4626,4.36689
4627,4.38587
4628,4.39522
4629,4.40443
4630,4.41356
4631,4.43169
4632,4.44068
4633,4.44958
4634,4.46702
4635,4.47559
4636,4.4926
4637,4.50105
4638,4.51772
4639,4.5259
4640,4.534
4641,4.55004
4642,4.55797
4643,4.56583
4644,4.58126
4645,4.58883
4646,4.59634
4647,4.6038
4648,4.61854
4649,4.63297
4650,4.64006
4651,4.65402
4652,4.6609
4653,4.67443
4654,4.68109
4655,4.68767
4656,4.7006
4657,4.71323
4658,4.71944
4659,4.72558
4660,4.73763
4661,4.74354
4662,4.75515
4663,4.76085
4664,4.76648
4665,4.77751
4666,4.78291
4667,4.7935
4668,4.79869
4669,4.80886
4670,4.81383
4671,4.82356
4672,4.82832
4673,4.83762
4674,4.84216
4675,4.84663
4676,4.85537
4677,4.85963
4678,4.86793
4679,4.87198
4680,4.87595
4681,4.88369
4682,4.88746
4683,4.89478
4684,4.89833
4685,4.90181
4686,4.90856
4687,4.91184
4688,4.91818
4689,4.92424
4690,4.92717
4691,4.93281
4692,4.93551
4693,4.93815
4694,4.94321
4695,4.94563
4696,4.95027
4697,4.95248
4698,4.95462
4699,4.95871
4700,4.96065
4701,4.9643
4702,4.96602
4703,4.96926
4704,4.97223
4705,4.9749
4706,4.97613
4707,4.97729
4708,4.97838
4709,4.98037
4710,4.98125
4711,4.98279
4712,4.98405
4713,4.98458
4714,4.9854
4715,4.98591
4716,4.98612
4717,4.98611
4718,4.98603
4719,4.98588
4720,4.98532
4721,4.98492
4722,4.98444
4723,4.9833
4724,4.98263
4725,4.98189
4726,4.98019
4727,4.97923
4728,4.9771
4729,4.97593
4730,4.97468
4731,4.97335
4732,4.97049
4733,4.96897
4734,4.96571
4735,4.96395
4736,4.96212
4737,4.96022
4738,4.95626
4739,4.95419
4740,4.9498
4741,4.94747
4742,4.9426
4743,4.94009
4744,4.93751
4745,4.93487
4746,4.93214
4747,4.92643
4748,4.92347
4749,4.92044
4750,4.91422
4751,4.91102
4752,4.90436
4753,4.9009
4754,4.89738
4755,4.8938
4756,4.88645
4757,4.88268
4758,4.87882
4759,4.87088
4760,4.86681
4761,4.86266
4762,4.85416
4763,4.84982
4764,4.84091
4765,4.83634
4766,4.83169
4767,4.82697
4768,4.81734
4769,4.81242
4770,4.80742
4771,4.79717
4772,4.79192
4773,4.78659
4774,4.77577
4775,4.77026
4776,4.75897
4777,4.75318
4778,4.7473
4779,4.74137
4780,4.72935
4781,4.72325
4782,4.71071
4783,4.69771
4784,4.68442
4785,4.67772
4786,4.67096
4787,4.6572
4788,4.65018
4789,4.63589
4790,4.62134
4791,4.60651
4792,4.59897
4793,4.59135
4794,4.57588
4795,4.56804
4796,4.56013
4797,4.54408
4798,4.52772
4799,4.51943
4800,4.51107
4801,4.49411
4802,4.48552
4803,4.47684
4804,4.45926
4805,4.45036
4806,4.44138
4807,4.42322
4808,4.41402
4809,4.39541
4810,4.38602
4811,4.37655
4812,4.35741
4813,4.34773
4814,4.33798
4815,4.32817
4816,4.30831
4817,4.29826
4818,4.28814
4819,4.27795
4820,4.26768
4821,4.25734
4822,4.23643
4823,4.21515
4824,4.20436
4825,4.19345
4826,4.18238
4827,4.15977
4828,4.14828
4829,4.13669
4830,4.12502
4831,4.10146
4832,4.0896
4833,4.07767
4834,4.05363
4835,4.02935
4836,4.01711
4837,4.00481
4838,3.99242
4839,3.96718
4840,3.95432
4841,3.94137
4842,3.92819
4843,3.90119
4844,3.88747
4845,3.87377
4846,3.84647
4847,3.83283
4848,3.81919
4849,3.79197
4850,3.77833
4851,3.76451
4852,3.73599
4853,3.70641
4854,3.69129
4855,3.67616
4856,3.66109
4857,3.63112
4858,3.60114
4859,3.58606
4860,3.57093
4861,3.54061
4862,3.52542
4863,3.49483
4864,3.4794
4865,3.46392
4866,3.43275
4867,3.41706
4868,3.38564
4869,3.36995
4870,3.35428
4871,3.323
4872,3.30736
4873,3.276
4874,3.26026
4875,3.22873
4876,3.21292
4877,3.19711
4878,3.16544
4879,3.14958
4880,3.11785
4881,3.10199
4882,3.08612
4883,3.05434
4884,3.03843
4885,3.00666
4886,2.99082
4887,2.97498
4888,2.94324
4889,2.91147
4890,2.89563
4891,2.86412
4892,2.84843
4893,2.83273
4894,2.80115
4895,2.78531
4896,2.75392
4897,2.73842
4898,2.72292
4899,2.69161
4900,2.67581
4901,2.6447
4902,2.62948
4903,2.59884
4904,2.58323
4905,2.56767
4906,2.53724
4907,2.52236
4908,2.50739
4909,2.4768
4910,2.44607
4911,2.43102
4912,2.40147
4913,2.3868
4914,2.37202
4915,2.34231
4916,2.32751
4917,2.29836
4918,2.284
4919,2.26964
4920,2.24088
4921,2.22655
4922,2.19819
4923,2.17019
4924,2.15625
4925,2.14235
4926,2.11478
4927,2.10109
4928,2.08747
4929,2.0604
4930,2.04696
4931,2.02031
4932,2.00709
4933,1.99393
4934,1.96777
4935,1.95479
4936,1.94188
4937,1.91626
4938,1.90356
4939,1.87834
4940,1.86582
4941,1.841
4942,1.82871
4943,1.8165
4944,1.79228
4945,1.78026
4946,1.75644
4947,1.74465
4948,1.72133
4949,1.70977
4950,1.69827
4951,1.68682
4952,1.66412
4953,1.65288
4954,1.64173
4955,1.61965
4956,1.59783
4957,1.58702
4958,1.56555
4959,1.54429
4960,1.53376
4961,1.5233
4962,1.51291
4963,1.49232
4964,1.47205
4965,1.46204
4966,1.45213
4967,1.43257
4968,1.4133
4969,1.40376
4970,1.38494
4971,1.37569
4972,1.36651
4973,1.3484
4974,1.33054
4975,1.32171
4976,1.30421
4977,1.29559
4978,1.28704
4979,1.27029
4980,1.26212
4981,1.24622
4982,1.23054
4983,1.22264
4984,1.2147
4985,1.19921
4986,1.19169
4987,1.17653
4988,1.16874
4989,1.15313
4990,1.14541
4991,1.13053
4992,1.12329
4993,1.11602
4994,1.10868
4995,1.09402
4996,1.07962
4997,1.07262
4998,1.0657
4999,1.05202
5000,1.04525
5001,1.03189
5002,1.02534
5003,1.01884
5004,1.00604
5005,0.999738
5006,0.98732
5007,0.981212
5008,0.969198
5009,0.963306
5010,0.951729
5011,0.94605
5012,0.940438
5013,0.929472
5014,0.924123
5015,0.913471
5016,0.908177
5017,0.897766
5018,0.892643
5019,0.887548
5020,0.877459
5021,0.87249
5022,0.86277
5023,0.858022
5024,0.848667
5025,0.844054
5026,0.839507
5027,0.83064
5028,0.826319
5029,0.818017
5030,0.810304
5031,0.806582
5032,0.802922
5033,0.795774
5034,0.792274
5035,0.788803
5036,0.781921
5037,0.775209
5038,0.771962
5039,0.768784
5040,0.762638
5041,0.759672
5042,0.756775
5043,0.751228
5044,0.748576
5045,0.743427
5046,0.740931
5047,0.736175
5048,0.733925
5049,0.729602
5050,0.727545
5051,0.723671
5052,0.721856
5053,0.71835
5054,0.716648
5055,0.715006
5056,0.713438
5057,0.710494
5058,0.709105
5059,0.707768
5060,0.705301
5061,0.703103
5062,0.702087
5063,0.700189
5064,0.699307
5065,0.697727
5066,0.697031
5067,0.696387
5068,0.69523
5069,0.694711
5070,0.693789
5071,0.693381
5072,0.692711
5073,0.69222
5074,0.692046
5075,0.691886
5076,0.691951
5077,0.692047
5078,0.692276
5079,0.692389
5080,0.692703
5081,0.692925
5082,0.693209
5083,0.693857
5084,0.694191
5085,0.694946
5086,0.695409
5087,0.695953
5088,0.697212
5089,0.697899
5090,0.699416
5091,0.700251
5092,0.701149
5093,0.703048
5094,0.704055
5095,0.705107
5096,0.706174
5097,0.708376
5098,0.709534
5099,0.712172
5100,0.713694
5101,0.71524
5102,0.717952
5103,0.719139
5104,0.720395
5105,0.723811
5106,0.725947
5107,0.72806
5108,0.729853
5109,0.733077
5110,0.734793
5111,0.738836
5112,0.741206
5113,0.743582
5114,0.748018
5115,0.75013
5116,0.754688
5117,0.757216
5118,0.762712
5119,0.765624
5120,0.771152
5121,0.773612
5122,0.776257
5123,0.782233
5124,0.785472
5125,0.791873
5126,0.794837
5127,0.800554
5128,0.803545
5129,0.80679
5130,0.814035
5131,0.821576
5132,0.828716
5133,0.83203
5134,0.839101
5135,0.847051
5136,0.851183
5137,0.855178
5138,0.862741
5139,0.866482
5140,0.870405
5141,0.878848
5142,0.887846
5143,0.892256
5144,0.896627
5145,0.905344
5146,0.909789
5147,0.914306
5148,0.923502
5149,0.92818
5150,0.937864
5151,0.942852
5152,0.952968
5153,0.958108
5154,0.968498
5155,0.973726
5156,0.979008
5157,0.989685
5158,0.995085
5159,1.00607
5160,1.01167
5161,1.02315
5162,1.02904
5163,1.03502
5164,1.04733
5165,1.05364
5166,1.06636
5167,1.0792
5168,1.08572
5169,1.09233
5170,1.09905
5171,1.11274
5172,1.11969
5173,1.12669
5174,1.13375
5175,1.14087
5176,1.15534
5177,1.1701
5178,1.17758
5179,1.18514
5180,1.20049
5181,1.20828
5182,1.21615
5183,1.22411
5184,1.23218
5185,1.24857
5186,1.25688
5187,1.26525
5188,1.27369
5189,1.29074
5190,1.29935
5191,1.31674
5192,1.3255
5193,1.33427
5194,1.35174
5195,1.36047
5196,1.3693
5197,1.37827
5198,1.38738
5199,1.40597
5200,1.41545
5201,1.4347
5202,1.44445
5203,1.45428
5204,1.47418
5205,1.48425
5206,1.50459
5207,1.51482
5208,1.53537
5209,1.54562
5210,1.55588
5211,1.56617
5212,1.58701
5213,1.6083
5214,1.61915
5215,1.63012
5216,1.64116
5217,1.66341
5218,1.6746
5219,1.68586
5220,1.69723
5221,1.70871
5222,1.73202
5223,1.74386
5224,1.76628
5225,1.77769
5226,1.80173
5227,1.81421
5228,1.83946
5229,1.85234
5230,1.86536
5231,1.89124
5232,1.90399
5233,1.92901
5234,1.94122
5235,1.96607
5236,1.97892
5237,2.00512
5238,2.01832
5239,2.04484
5240,2.0582
5241,2.08521
5242,2.09882
5243,2.1261
5244,2.15355
5245,2.16743
5246,2.18143
5247,2.20972
5248,2.23834
5249,2.26721
5250,2.28174
5251,2.31095
5252,2.32562
5253,2.35512
5254,2.38485
5255,2.3998
5256,2.42976
5257,2.44473
5258,2.47462
5259,2.48943
5260,2.51898
5261,2.53374
5262,2.54857
5263,2.57862
5264,2.59385
5265,2.62465
5266,2.64025
5267,2.65596
5268,2.6876
5269,2.70352
5270,2.73536
5271,2.75117
5272,2.78232
5273,2.7976
5274,2.81288
5275,2.84349
5276,2.85885
5277,2.8898
5278,2.9054
5279,2.92114
5280,2.95303
5281,2.96913
5282,3.00145
5283,3.01765
5284,3.04995
5285,3.06597
5286,3.09789
5287,3.11378
5288,3.12965
5289,3.16137
5290,3.17719
5291,3.2089
5292,3.24076
5293,3.25672
5294,3.27269
5295,3.28865
5296,3.32058
5297,3.33653
5298,3.35245
5299,3.3842
5300,3.40003
5301,3.41585
5302,3.44743
5303,3.46321
5304,3.49479
5305,3.51063
5306,3.54236
5307,3.55825
5308,3.59002
5309,3.62176
5310,3.63761
5311,3.6693
5312,3.70097
5313,3.73249
5314,3.74819
5315,3.76384
5316,3.795
5317,3.81051
5318,3.84139
5319,3.85676
5320,3.88736
5321,3.90258
5322,3.9329
5323,3.96309
5324,3.97813
5325,4.0081
5326,4.02301
5327,4.0527
5328,4.08218
5329,4.11148
5330,4.12606
5331,4.15507
5332,4.16949
5333,4.18386
5334,4.19817
5335,4.22663
5336,4.24077
5337,4.2689
5338,4.28288
5339,4.29681
5340,4.32451
5341,4.33829
5342,4.36568
5343,4.37929
5344,4.40634
5345,4.4198
5346,4.44653
5347,4.4598
5348,4.48614
5349,4.4992
5350,4.5122
5351,4.52512
5352,4.53798
5353,4.56348
5354,4.57612
5355,4.5887
5356,4.6012
5357,4.62607
5358,4.63844
5359,4.66298
5360,4.67506
5361,4.69888
5362,4.71065
5363,4.72236
5364,4.74561
5365,4.75715
5366,4.76865
5367,4.79152
5368,4.8029
5369,4.82526
5370,4.84707
5371,4.86849
5372,4.8791
5373,4.90013
5374,4.91062
5375,4.93158
5376,4.95246
5377,4.97289
5378,4.98288
5379,5.00244
5380,5.01203
5381,5.03105
5382,5.04988
5383,5.05923
5384,5.06859
5385,5.08742
5386,5.09679
5387,5.10602
5388,5.1151
5389,5.13281
5390,5.15002
5391,5.1585
5392,5.17529
5393,5.19191
5394,5.20016
5395,5.20839
5396,5.21663
5397,5.23297
5398,5.24101
5399,5.24897
5400,5.2646
5401,5.27229
5402,5.28752
5403,5.29509
5404,5.31008
5405,5.31748
5406,5.32481
5407,5.33927
5408,5.3464
5409,5.35347
5410,5.36741
5411,5.37429
5412,5.38111
5413,5.39463
5414,5.40132
5415,5.41451
5416,5.42101
5417,5.43384
5418,5.44021
5419,5.45274
5420,5.45891
5421,5.46501
5422,5.47708
5423,5.48306
5424,5.49484
5425,5.50065
5426,5.51211
5427,5.51777
5428,5.52895
5429,5.53445
5430,5.53991
5431,5.54532
5432,5.55601
5433,5.56652
5434,5.57683
5435,5.5819
5436,5.59193
5437,5.59689
5438,5.60667
5439,5.61148
5440,5.61624
5441,5.62567
5442,5.63033
5443,5.63494
5444,5.64401
5445,5.64846
5446,5.65729
5447,5.66601
5448,5.67029
5449,5.67453
5450,5.68283
5451,5.6869
5452,5.69494
5453,5.6989
5454,5.70282
5455,5.71058
5456,5.71441
5457,5.7181
5458,5.72543
5459,5.73282
5460,5.73653
5461,5.74018
5462,5.74719
5463,5.75057
5464,5.75739
5465,5.7608
5466,5.76753
5467,5.77079
5468,5.77401
5469,5.7804
5470,5.78358
5471,5.7898
5472,5.79283
5473,5.79881
5474,5.80178
5475,5.80763
5476,5.81049
5477,5.81331
5478,5.8161
5479,5.82162
5480,5.82435
5481,5.82704
5482,5.8323
5483,5.83487
5484,5.83743
5485,5.83998
5486,5.845
5487,5.84988
5488,5.85226
5489,5.85696
5490,5.8616
5491,5.86388
5492,5.86832
5493,5.87047
5494,5.87261
5495,5.87689
5496,5.87901
5497,5.8831
5498,5.88506
5499,5.88898
5500,5.89096
5501,5.89292
5502,5.89663
5503,5.8984
5504,5.90197
5505,5.90379
5506,5.90561
5507,5.90902
5508,5.9106
5509,5.91379
5510,5.91542
5511,5.91863
5512,5.92017
5513,5.92314
5514,5.92459
5515,5.92603
5516,5.92891
5517,5.93032
5518,5.93302
5519,5.93429
5520,5.93557
5521,5.93814
5522,5.93944
5523,5.94185
5524,5.94296
5525,5.94406
5526,5.94635
5527,5.94751
5528,5.94962
5529,5.95057
5530,5.95249
5531,5.95348
5532,5.95538
5533,5.95625
5534,5.9571
5535,5.9588
5536,5.96046
5537,5.96125
5538,5.9627
5539,5.96339
5540,5.96408
5541,5.96543
5542,5.96608
5543,5.96728
5544,5.96782
5545,5.96835
5546,5.96942
5547,5.96995
5548,5.97088
5549,5.97127
5550,5.97166
5551,5.97246
5552,5.97286
5553,5.97352
5554,5.97401
5555,5.97424
5556,5.97449
5557,5.97496
5558,5.97515
5559,5.97545
5560,5.97556
5561,5.97575
5562,5.97584
5563,5.97591
5564,5.97594
5565,5.97591
5566,5.97584
5567,5.9758
5568,5.9756
5569,5.97545
5570,5.97512
5571,5.97475
5572,5.97452
5573,5.97401
5574,5.97372
5575,5.97313
5576,5.97281
5577,5.97212
5578,5.97173
5579,5.97092
5580,5.9705
5581,5.97006
5582,5.96911
5583,5.9686
5584,5.96808
5585,5.96701
5586,5.96646
5587,5.96528
5588,5.96464
5589,5.96334
5590,5.96268
5591,5.96129
5592,5.96055
5593,5.95903
5594,5.95826
5595,5.95665
5596,5.95581
5597,5.95495
5598,5.95319
5599,5.95229
5600,5.95042
5601,5.94945
5602,5.94746
5603,5.94644
5604,5.94435
5605,5.94327
5606,5.94217
5607,5.93992
5608,5.93876
5609,5.93759
5610,5.93518
5611,5.9327
5612,5.93143
5613,5.92883
5614,5.92749
5615,5.92476
5616,5.92337
5617,5.92196
5618,5.91907
5619,5.91759
5620,5.91457
5621,5.91303
5622,5.91147
5623,5.90828
5624,5.90664
5625,5.90332
5626,5.90163
5627,5.89817
5628,5.89641
5629,5.89462
5630,5.89098
5631,5.88913
5632,5.88725
5633,5.88342
5634,5.88146
5635,5.87749
5636,5.87547
5637,5.87343
5638,5.86924
5639,5.86711
5640,5.86279
5641,5.8606
5642,5.85838
5643,5.85383
5644,5.85151
5645,5.84682
5646,5.84445
5647,5.84204
5648,5.83711
5649,5.83459
5650,5.82951
5651,5.82695
5652,5.82171
5653,5.81902
5654,5.81357
5655,5.81083
5656,5.80523
5657,5.80237
5658,5.79656
5659,5.79362
5660,5.79066
5661,5.78461
5662,5.78153
5663,5.77842
5664,5.77211
5665,5.76892
5666,5.76241
5667,5.75909
5668,5.75236
5669,5.74895
5670,5.74202
5671,5.73849
5672,5.73134
5673,5.72404
5674,5.72033
5675,5.71659
5676,5.71281
5677,5.70513
5678,5.70124
5679,5.69333
5680,5.68931
5681,5.68116
5682,5.67702
5683,5.66863
5684,5.66007
5685,5.65573
5686,5.65135
5687,5.64245
5688,5.63338
5689,5.62878
5690,5.61945
5691,5.60993
5692,5.60023
5693,5.59531
5694,5.59035
5695,5.58029
5696,5.57518
5697,5.57003
5698,5.55958
5699,5.55427
5700,5.54352
5701,5.53807
5702,5.53257
5703,5.52702
5704,5.52141
5705,5.51005
5706,5.50429
5707,5.4926
5708,5.48668
5709,5.4807
5710,5.47468
5711,5.4686
5712,5.45627
5713,5.45002
5714,5.44371
5715,5.43735
5716,5.42445
5717,5.4113
5718,5.40464
5719,5.39114
5720,5.38429
5721,5.37739
5722,5.37041
5723,5.35628
5724,5.34911
5725,5.34188
5726,5.33458
5727,5.31977
5728,5.31226
5729,5.30468
5730,5.28932
5731,5.28154
5732,5.26574
5733,5.25773
5734,5.24965
5735,5.23329
5736,5.22501
5737,5.21665
5738,5.20819
5739,5.191
5740,5.18231
5741,5.17357
5742,5.15592
5743,5.13803
5744,5.12897
5745,5.11064
5746,5.09202
5747,5.08262
5748,5.06361
5749,5.04432
5750,5.03457
5751,5.01487
5752,5.00493
5753,4.98486
5754,4.97473
5755,4.96454
5756,4.95428
5757,4.93355
5758,4.92308
5759,4.91255
5760,4.89128
5761,4.88054
5762,4.86974
5763,4.84793
5764,4.83692
5765,4.81461
5766,4.80329
5767,4.79189
5768,4.78039
5769,4.75719
5770,4.7455
5771,4.72196
5772,4.7101
5773,4.69821
5774,4.6863
5775,4.67434
5776,4.65021
5777,4.63802
5778,4.61339
5779,4.60097
5780,4.57593
5781,4.56332
5782,4.53793
5783,4.52515
5784,4.5123
5785,4.4864
5786,4.47335
5787,4.44703
5788,4.43377
5789,4.40703
5790,4.39355
5791,4.37999
5792,4.35254
5793,4.33862
5794,4.31039
5795,4.29604
5796,4.28161
5797,4.26711
5798,4.23792
5799,4.22327
5800,4.20861
5801,4.19397
5802,4.16452
5803,4.14964
5804,4.1194
5805,4.10387
5806,4.08801
5807,4.05592
5808,4.03991
5809,4.02405
5810,4.00832
5811,3.97675
5812,3.9447
5813,3.92853
5814,3.91234
5815,3.87996
5816,3.84741
5817,3.83101
5818,3.79794
5819,3.7646
5820,3.73117
5821,3.71442
5822,3.68069
5823,3.64664
5824,3.61246
5825,3.59535
5826,3.5782
5827,3.56098
5828,3.52633
5829,3.50893
5830,3.49155
5831,3.47421
5832,3.43956
5833,3.40474
5834,3.38724
5835,3.35225
5836,3.33479
5837,3.29982
5838,3.26469
5839,3.22953
5840,3.19445
5841,3.17692
5842,3.15937
5843,3.12411
5844,3.10645
5845,3.0714
5846,3.05411
5847,3.03686
5848,3.00185
5849,2.96641
5850,2.94887
5851,2.91486
5852,2.8816
5853,2.86476
5854,2.82972
5855,2.81173
5856,2.79413
5857,2.76242
5858,2.74805
5859,2.73297
5860,2.69789
5861,2.6782
5862,2.65895
5863,2.62549
5864,2.61102
5865,2.58161
5866,2.56516
5867,2.52912
5868,2.51064
5869,2.47855
5870,2.46494
5871,2.43577
5872,2.4191
5873,2.40135
5874,2.36817
5875,2.33916
5876,2.31062
5877,2.29511
5878,2.27872
5879,2.24638
5880,2.23134
5881,2.20272
5882,2.1886
5883,2.15795
5884,2.14119
5885,2.12483
5886,2.09595
5887,2.08299
5888,2.05497
5889,2.03924
5890,2.00842
5891,1.99434
5892,1.96707
5893,1.95332
5894,1.93911
5895,1.92466
5896,1.89603
5897,1.88217
5898,1.86859
5899,1.85505
5900,1.82754
5901,1.81356
5902,1.78601
5903,1.77256
5904,1.7592
5905,1.7458
5906,1.71895
5907,1.70558
5908,1.69232
5909,1.67925
5910,1.65345
5911,1.64067
5912,1.6279
5913,1.60245
5914,1.58984
5915,1.57733
5916,1.5649
5917,1.54027
5918,1.52809
5919,1.51609
5920,1.49271
5921,1.48129
5922,1.46993
5923,1.44696
5924,1.42382
5925,1.41237
5926,1.40081
5927,1.38915
5928,1.36609
5929,1.35486
5930,1.34391
5931,1.32264
5932,1.31218
5933,1.30176
5934,1.29138
5935,1.28107
5936,1.26043
5937,1.25001
5938,1.23962
5939,1.21922
5940,1.20926
5941,1.18939
5942,1.17941
5943,1.15957
5944,1.1401
5945,1.13053
5946,1.11152
5947,1.10203
5948,1.09257
5949,1.07391
5950,1.0647
5951,1.05556
5952,1.03739
5953,1.02834
5954,1.01043
5955,1.00156
5956,0.984024
5957,0.975368
5958,0.966761
5959,0.958169
5960,0.941042
5961,0.924109
5962,0.915755
5963,0.899258
5964,0.891121
5965,0.883026
5966,0.874925
5967,0.858783
5968,0.850796
5969,0.835143
5970,0.827505
5971,0.812411
5972,0.804891
5973,0.797385
5974,0.782624
5975,0.775415
5976,0.761153
5977,0.754077
5978,0.739665
5979,0.732228
5980,0.717766
5981,0.704958
5982,0.692853
5983,0.686329
5984,0.6791
5985,0.664288
5986,0.657269
5987,0.646303
5988,0.642234
5989,0.637766
5990,0.625875
5991,0.618408
5992,0.603119
5993,0.596279
5994,0.591031
5995,0.584653
5996,0.582077
5997,0.570569
5998,0.561458
5999,0.547418
6000,0.543319
6001,0.540492
6002,0.532934
6003,0.52097
6004,0.513322
6005,0.500626
6006,0.495164
6007,0.489624
6008,0.486975
6009,0.48358
6010,0.478204
6011,0.464243
6012,0.457492
6013,0.45235
6014,0.448812
6015,0.444823
6016,0.43966
6017,0.429611
6018,0.416612
6019,0.411609
6020,0.407882
6021,0.404558
6022,0.403894
6023,0.398064
6024,0.392951
6025,0.386622
6026,0.377269
6027,0.374352
6028,0.373055
6029,0.370888
6030,0.363691
6031,0.358225
6032,0.347859
6033,0.343532
6034,0.341044
6035,0.340791
6036,0.340914
6037,0.334144
6038,0.32714
6039,0.317459
6040,0.315562
6041,0.314108
6042,0.312777
6043,0.306814
6044,0.302419
6045,0.297827
6046,0.28997
6047,0.286936
6048,0.285823
6049,0.284536
6050,0.283023
6051,0.273696
6052,0.266591
6053,0.259659
6054,0.26135
6055,0.26237
6056,0.258221
6057,0.250387
6058,0.248394
6059,0.24646
6060,0.238983
6061,0.230034
6062,0.227119
6063,0.22585
6064,0.22172
6065,0.218804
6066,0.216271
6067,0.215246
6068,0.217045
6069,0.214123
6070,0.208692
6071,0.201741
6072,0.202762
6073,0.202194
6074,0.197809
6075,0.19132
6076,0.191362
6077,0.191241
6078,0.185214
6079,0.179209
6080,0.173478
6081,0.176029
6082,0.178056
6083,0.172043
6084,0.166457
6085,0.16085
6086,0.161914
6087,0.162966
6088,0.157834
6089,0.153424
6090,0.147953
6091,0.147695
6092,0.147269
6093,0.142947
6094,0.136871
6095,0.132016
6096,0.130368
6097,0.130309
6098,0.131006
6099,0.128226
6100,0.124537
6101,0.12036
6102,0.115018
6103,0.113901
6104,0.115745
6105,0.116292
6106,0.113793
6107,0.1097
6108,0.105957
6109,0.10235
6110,0.102957
6111,0.1052
6112,0.106209
6113,0.105178
6114,0.101922
6115,0.0942604
6116,0.0910945
6117,0.096022
6118,0.10047
6119,0.102754
6120,0.102753
6121,0.10055
6122,0.0965378
6123,0.0896039
6124,0.0876854
6125,0.0875783
6126,0.0912024
6127,0.0922192
6128,0.0900035
6129,0.0823396
6130,0.0792434
6131,0.0777875
6132,0.0808982
6133,0.0850518
6134,0.087265
6135,0.0877544
6136,0.0829197
6137,0.0778678
6138,0.0708273
6139,0.0693428
6140,0.075395
6141,0.080534
6142,0.0838485
6143,0.0850108
6144,0.083821
6145,0.0805437
6146,0.0741993
6147,0.0735511
6148,0.0757016
6149,0.0787718
6150,0.0817182
6151,0.081465
6152,0.0751289
6153,0.0703848
6154,0.0670503
6155,0.0677272
6156,0.0710406
6157,0.0754633
6158,0.078083
6159,0.0786306
6160,0.0763333
6161,0.0690428
6162,0.0658762
6163,0.0646832
6164,0.0659914
6165,0.0720678
6166,0.0739954
6167,0.0740358
6168,0.0684325
6169,0.0632664
6170,0.059367
6171,0.0568541
6172,0.0597699
6173,0.0641427
6174,0.0709226
6175,0.0721686
6176,0.0696638
6177,0.0625709
6178,0.0601129
6179,0.0596896
6180,0.0617122
6181,0.0683185
6182,0.0696167
6183,0.0660306
6184,0.0610114
6185,0.0539105
6186,0.0525002
6187,0.0550278
6188,0.0610864
6189,0.0619805
6190,0.0611575
6191,0.0582605
6192,0.0516649
6193,0.0499218
6194,0.0499294
6195,0.0539469
6196,0.0561177
6197,0.0553098
6198,0.0484937
6199,0.043751
6200,0.0404513
6201,0.0385033
6202,0.0383005
6203,0.0429326
6204,0.0467496
6205,0.0488249
6206,0.0469672
6207,0.0432049
6208,0.0390683
6209,0.0346798
6210,0.034298
6211,0.0358488
6212,0.0380572
6213,0.0394011
6214,0.0380344
6215,0.0349039
6216,0.0317565
6217,0.0294985
6218,0.0308424
6219,0.0340232
6220,0.0379178
6221,0.0372203
6222,0.0337214
6223,0.0301602
6224,0.0267
6225,0.0272224
6226,0.0296049
6227,0.032501
6228,0.0329897
6229,0.0283496
6230,0.0241236
6231,0.0209171
6232,0.0228845
6233,0.0278965
6234,0.0277549
6235,0.0262244
6236,0.0210194
6237,0.0190797
6238,0.0184412
6239,0.0192747
6240,0.020796
6241,0.0213324
6242,0.0187795
6243,0.0152746
6244,0.00980399
6245,0.00822555
6246,0.00874142
6247,0.0132934
6248,0.0153542
6249,0.0133651
6250,0.00634033
6251,0.00384318
6252,0.00322575
6253,0.00794008
6254,0.0127994
6255,0.0159931
6256,0.0172389
6257,0.0151578
6258,0.0114946
6259,0.00746128
6260,0.00858214
6261,0.0118406
6262,0.0154695
6263,0.0158283
6264,0.0139936
6265,0.00612361
6266,0.00223138
6267,0.00199652
6268,0.00565866
6269,0.0129363
6270,0.0135032
6271,0.0126077
6272,0.00844854
6273,0.00553807
6274,0.00583841
6275,0.00771249
6276,0.00731479
6277,0.00545442
6278,-0.00179359
6279,-0.0072786
6280,-0.00720281
6281,-0.00496936
6282,-0.00187349
6283,-0.00180819
6284,-0.0065336
6285,-0.0104891
6286,-0.0135331
6287,-0.0141445
6288,-0.0126472
6289,-0.00952823
6290,-0.00787109
6291,-0.0109359
6292,-0.0143565
6293,-0.0175461
6294,-0.0199459
6295,-0.0189221
6296,-0.0159518
6297,-0.0137634
6298,-0.0129377
6299,-0.014932
6300,-0.020993
6301,-0.0236575
6302,-0.0228867
6303,-0.0191392
6304,-0.0153476
6305,-0.0132077
6306,-0.017021
6307,-0.02078
6308,-0.0241911
6309,-0.026952
6310,-0.0263195
6311,-0.0221617
6312,-0.0219603
6313,-0.0240991
6314,-0.0302403
6315,-0.0330538
6316,-0.033945
6317,-0.032152
6318,-0.0268474
6319,-0.0263891
6320,-0.0277904
6321,-0.03092
6322,-0.0369136
6323,-0.0381595
6324,-0.0363071
6325,-0.0339273
6326,-0.0335261
6327,-0.0352192
6328,-0.0380489
6329,-0.0423774
6330,-0.043318
6331,-0.0412283
6332,-0.039359
6333,-0.0402032
6334,-0.0428432
6335,-0.0491505
6336,-0.0509658
6337,-0.0497749
6338,-0.0444718
6339,-0.0431005
6340,-0.0433602
6341,-0.0490125
6342,-0.054111
6343,-0.0576818
6344,-0.0600447
6345,-0.0594399
6346,-0.0535602
6347,-0.0509956
6348,-0.0499218
6349,-0.0505808
6350,-0.0562661
6351,-0.0600566
6352,-0.0632936
6353,-0.0603797
6354,-0.0563322
6355,-0.0535983
6356,-0.0519023
6357,-0.0541478
6358,-0.0622165
6359,-0.0660182
6360,-0.0688273
6361,-0.0678101
6362,-0.063443
6363,-0.0626608
6364,-0.0632198
6365,-0.0655932
6366,-0.0708164
6367,-0.0723399
6368,-0.0722967
6369,-0.0709819
6370,-0.0694626
6371,-0.0701403
6372,-0.0725772
6373,-0.0778621
6374,-0.0797867
6375,-0.0782623
6376,-0.0750331
6377,-0.0725787
6378,-0.0741092
6379,-0.077232
6380,-0.0800653
6381,-0.0821567
6382,-0.0814445
6383,-0.0791351
6384,-0.0808759
6385,-0.0834996
6386,-0.0859534
6387,-0.0878543
6388,-0.088077
6389,-0.0859995
6390,-0.083974
6391,-0.0834848
6392,-0.0876239
6393,-0.0937094
6394,-0.0953409
6395,-0.0937279
6396,-0.0901089
6397,-0.0859632
6398,-0.0858817
6399,-0.0904581
6400,-0.0969957
6401,-0.0983816
6402,-0.0955783
6403,-0.0916016
6404,-0.0879867
6405,-0.0883568
6406,-0.090581
6407,-0.0935176
6408,-0.0955736
6409,-0.0951679
6410,-0.0923654
6411,-0.0885098
6412,-0.0883057
6413,-0.0926896
6414,-0.0996769
6415,-0.0995646
6416,-0.0970164
6417,-0.0925897
6418,-0.0922221
6419,-0.0964022
6420,-0.100616
6421,-0.10359
6422,-0.104777
6423,-0.100209
6424,-0.0967121
6425,-0.0947312
6426,-0.0954621
6427,-0.0983514
6428,-0.104015
6429,-0.105696
6430,-0.105769
6431,-0.102886
6432,-0.101369
6433,-0.103901
6434,-0.108094
6435,-0.114512
6436,-0.115635
6437,-0.112975
6438,-0.109582
6439,-0.10675
6440,-0.107182
6441,-0.112212
6442,-0.115209
6443,-0.116576
6444,-0.112641
6445,-0.107737
6446,-0.104816
6447,-0.104911
6448,-0.107666
6449,-0.113061
6450,-0.114008
6451,-0.111835
6452,-0.109428
6453,-0.108483
6454,-0.112857
6455,-0.117082
6456,-0.122328
6457,-0.12324
6458,-0.122054
6459,-0.11781
6460,-0.116603
6461,-0.120915
6462,-0.126469
6463,-0.130423
6464,-0.131439
6465,-0.128647
6466,-0.123261
6467,-0.123392
6468,-0.127524
6469,-0.130829
6470,-0.134151
6471,-0.134183
6472,-0.130388
6473,-0.128268
6474,-0.12801
6475,-0.133995
6476,-0.139365
6477,-0.142842
6478,-0.143379
6479,-0.140739
6480,-0.137406
6481,-0.135924
6482,-0.1373
6483,-0.141599
6484,-0.142208
6485,-0.140668
6486,-0.138171
6487,-0.138104
6488,-0.142872
6489,-0.146932
6490,-0.149367
6491,-0.147433
6492,-0.14342
6493,-0.139237
6494,-0.140155
6495,-0.142794
6496,-0.146975
6497,-0.147429
6498,-0.145061
6499,-0.143617
6500,-0.145487
6501,-0.14885
6502,-0.154817
6503,-0.156378
6504,-0.154461
6505,-0.151306
6506,-0.149356
6507,-0.15117
6508,-0.154606
6509,-0.157091
6510,-0.158186
6511,-0.15654
6512,-0.153733
6513,-0.153965
6514,-0.15908
6515,-0.162836
6516,-0.164527
6517,-0.162109
6518,-0.158484
6519,-0.159556
6520,-0.162248
6521,-0.166541
6522,-0.166953
6523,-0.164476
6524,-0.162864
6525,-0.164767
6526,-0.168459
6527,-0.17528
6528,-0.176799
6529,-0.176638
6530,-0.173869
6531,-0.172765
6532,-0.17718
6533,-0.18162
6534,-0.186947
6535,-0.190713
6536,-0.189098
6537,-0.18635
6538,-0.187124
6539,-0.190544
6540,-0.197718
6541,-0.197958
6542,-0.19608
6543,-0.194666
6544,-0.197198
6545,-0.201054
6546,-0.207541
6547,-0.208468
6548,-0.206367
6549,-0.20451
6550,-0.206306
6551,-0.210491
6552,-0.215642
6553,-0.218757
6554,-0.218831
6555,-0.216418
6556,-0.214875
6557,-0.215877
6558,-0.223978
6559,-0.230136
6560,-0.235717
6561,-0.235084
6562,-0.232852
6563,-0.23336
6564,-0.239391
6565,-0.244334
6566,-0.25021
6567,-0.250675
6568,-0.249626
6569,-0.250059
6570,-0.25294
6571,-0.260733
6572,-0.263278
6573,-0.262985
6574,-0.260863
6575,-0.262681
6576,-0.268412
6577,-0.277709
6578,-0.277289
6579,-0.274756
6580,-0.275115
6581,-0.277576
6582,-0.284905
6583,-0.28844
6584,-0.290442
6585,-0.290693
6586,-0.28954
6587,-0.290679
6588,-0.293927
6589,-0.302554
6590,-0.305912
6591,-0.307289
6592,-0.305915
6593,-0.309114
6594,-0.315257
6595,-0.323605
6596,-0.322483
6597,-0.322182
6598,-0.330891
6599,-0.338402
6600,-0.343644
6601,-0.341148
6602,-0.340796
6603,-0.352363
6604,-0.360404
6605,-0.36471
6606,-0.361643
6607,-0.360506
6608,-0.365593
6609,-0.374836
6610,-0.373611
6611,-0.370801
6612,-0.373509
6613,-0.386647
6614,-0.394687
6615,-0.393277
6616,-0.392429
6617,-0.400638
6618,-0.406668
6619,-0.410203
6620,-0.40725
6621,-0.407839
6622,-0.419221
6623,-0.42548
6624,-0.427517
6625,-0.424025
6626,-0.424804
6627,-0.43038
6628,-0.439168
6629,-0.439067
6630,-0.439612
6631,-0.447197
6632,-0.453293
6633,-0.457925
6634,-0.455639
6635,-0.456135
6636,-0.461141
6637,-0.468621
6638,-0.467963
6639,-0.466433
6640,-0.470439
6641,-0.477709
6642,-0.478879
6643,-0.47621
6644,-0.475077
6645,-0.482149
6646,-0.485411
6647,-0.482863
6648,-0.47991
6649,-0.481685
6650,-0.486631
6651,-0.48961
6652,-0.483652
6653,-0.479568
6654,-0.480625
6655,-0.488349
6656,-0.489964
6657,-0.485106
6658,-0.479523
6659,-0.476599
6660,-0.479786
6661,-0.483392
6662,-0.480701
6663,-0.47705
6664,-0.476715
6665,-0.480555
6666,-0.482574
6667,-0.475996
6668,-0.472209
6669,-0.473876
6670,-0.481193
6671,-0.482242
6672,-0.476495
6673,-0.470523
6674,-0.46787
6675,-0.473548
6676,-0.475978
6677,-0.47203
6678,-0.466688
6679,-0.462475
6680,-0.467221
6681,-0.469253
6682,-0.464922
6683,-0.455805
6684,-0.453154
6685,-0.45328
6686,-0.454455
6687,-0.44854
6688,-0.442209
6689,-0.429452
6690,-0.42396
6691,-0.417418
6692,-0.402772
6693,-0.39347
6694,-0.38448
6695,-0.385481
6696,-0.388945
6697,-0.389477
6698,-0.388726
6699,-0.391564
6700,-0.395392
6701,-0.399545
6702,-0.398749
6703,-0.398693
6704,-0.39698
6705,-0.392398
6706,-0.388612
6707,-0.378423
6708,-0.372118
6709,-0.358373
6710,-0.350968
6711,-0.334247
6712,-0.313117
6713,-0.288944
6714,-0.276129
6715,-0.249897
6716,-0.225535
6717,-0.215201
6718,-0.190836
6719,-0.162054
6720,-0.148391
6721,-0.123963
6722,-0.112289
6723,-0.0846715
6724,-0.0536193
6725,-0.0396964
6726,-0.0160556
6727,-0.00538042
6728,0.0198686
6729,0.0345216
6730,0.0592085
6731,0.0682565
6732,0.0908141
6733,0.122374
6734,0.153157
6735,0.166431
6736,0.197109
6737,0.21655
6738,0.260647
6739,0.285679
6740,0.334009
6741,0.351604
6742,0.37967
6743,0.39322
6744,0.4103
6745,0.451421
6746,0.472968
6747,0.491671
6748,0.5209
6749,0.533023
6750,0.566852
6751,0.588348
6752,0.60874
6753,0.640522
6754,0.667789
6755,0.685459
6756,0.70548
6757,0.742809
6758,0.758756
6759,0.793495
6760,0.813615
6761,0.852906
6762,0.870733
6763,0.887974
6764,0.921993
6765,0.939009
6766,0.966071
6767,0.976449
6768,0.998621
6769,1.03679
6770,1.06094
6771,1.10653
6772,1.14392
6773,1.16378
6774,1.20905
6775,1.2351
6776,1.28239
6777,1.30287
6778,1.34772
6779,1.37351
6780,1.42444
6781,1.46622
6782,1.50273
6783,1.52153
6784,1.53839
6785,1.583
6786,1.6097
6787,1.66314
6788,1.68717
6789,1.73559
6790,1.76233
6791,1.79132
6792,1.84899
6793,1.87499
6794,1.89883
6795,1.92194
6796,1.97306
6797,2.03078
6798,2.08391
6799,2.10588
6800,2.14499
6801,2.18843
6802,2.21579
6803,2.27455
6804,2.32965
6805,2.35294
6806,2.39819
6807,2.42272
6808,2.4801
6809,2.51139
6810,2.56396
6811,2.60783
6812,2.6278
6813,2.65138
6814,2.70462
6815,2.73301
6816,2.77997
6817,2.79951
6818,2.83639
6819,2.87564
6820,2.89507
6821,2.93079
6822,2.94589
6823,2.97348
6824,2.98761
6825,3.01993
6826,3.03962
6827,3.08219
6828,3.10472
6829,3.14989
6830,3.17216
6831,3.21603
6832,3.23751
6833,3.28268
6834,3.3065
6835,3.35137
6836,3.37191
6837,3.41483
6838,3.43905
6839,3.48502
6840,3.50571
6841,3.52668
6842,3.57199
6843,3.6189
6844,3.64079
6845,3.66167
6846,3.70328
6847,3.72319
6848,3.76575
6849,3.81088
6850,3.83232
6851,3.86995
6852,3.88827
6853,3.93072
6854,3.9546
6855,3.99611
6856,4.0131
6857,4.05062
6858,4.07176
6859,4.11312
6860,4.15211
6861,4.17156
6862,4.19115
6863,4.2103
6864,4.24955
6865,4.28996
6866,4.3129
6867,4.33433
6868,4.3681
6869,4.38078
6870,4.40592
6871,4.41951
6872,4.43258
6873,4.45952
6874,4.47359
6875,4.50499
6876,4.51957
6877,4.54216
6878,4.55142
6879,4.57809
6880,4.59701
6881,4.63344
6882,4.64917
6883,4.6843
6884,4.70608
6885,4.75608
6886,4.78331
6887,4.83296
6888,4.85378
6889,4.87376
6890,4.89095
6891,4.91627
6892,4.92692
6893,4.93709
6894,4.94783
6895,4.97074
6896,4.98185
6897,5.00195
6898,5.01214
6899,5.04203
6900,5.05876
6901,5.0736
6902,5.08669
6903,5.11484
6904,5.13203
6905,5.17234
6906,5.19409
6907,5.23933
6908,5.26378
6909,5.31137
6910,5.33387
6911,5.37408
6912,5.39153
6913,5.42811
6914,5.44658
6915,5.46303
6916,5.49238
6917,5.50687
6918,5.54129
6919,5.56122
6920,5.59792
6921,5.63284
6922,5.65234
6923,5.69294
6924,5.71366
6925,5.75804
6926,5.78264
6927,5.80853
6928,5.86724
6929,5.89944
6930,5.95413
6931,5.99898
6932,6.02199
6933,6.08861
6934,6.12978
6935,6.14902
6936,6.16814
6937,6.21136
6938,6.26115
6939,6.31256
6940,6.33913
6941,6.39671
6942,6.42608
6943,6.47743
6944,6.51916
6945,6.53933
6946,6.57718
6947,6.61034
6948,6.62624
6949,6.64375
6950,6.68378
6951,6.72653
6952,6.76803
6953,6.78898
6954,6.83282
6955,6.87737
6956,6.91976
6957,6.96116
6958,7.0036
6959,7.04737
6960,7.09062
6961,7.13074
6962,7.16894
6963,7.21007
6964,7.23279
6965,7.25687
6966,7.30736
6967,7.333
6968,7.38354
6969,7.40858
6970,7.46053
6971,7.48767
6972,7.51469
6973,7.5665
6974,7.61712
6975,7.6432
6976,7.69651
6977,7.72315
6978,7.7748
6979,7.79972
6980,7.85044
6981,7.90275
6982,7.92881
6983,7.97864
6984,8.02679
6985,8.05173
6986,8.1038
6987,8.15655
6988,8.18221
6989,8.23284
6990,8.28399
6991,8.31014
6992,8.33651
6993,8.38943
6994,8.44228
6995,8.49368
6996,8.51821
6997,8.54608
6998,8.6004
6999,8.64716
7000,8.66893
7001,8.71765
7002,8.74501
7003,8.79881
7004,8.82439
7005,8.87958
7006,8.9402
7007,8.96977
7008,9.0246
7009,9.07706
7010,9.10416
7011,9.15831
7012,9.18473
7013,9.23638
7014,9.26191
7015,9.3142
7016,9.34091
7017,9.39322
7018,9.41853
7019,9.44408
7020,9.47029
7021,9.52349
7022,9.57588
7023,9.60132
7024,9.62674
7025,9.67837
7026,9.70444
7027,9.73022
7028,9.78039
7029,9.80504
7030,9.85543
7031,9.88118
7032,9.93141
7033,9.95561
7034,10.0041
7035,10.0286
7036,10.0529
7037,10.0997
7038,10.1226
7039,10.1701
7040,10.1949
7041,10.2432
7042,10.2663
7043,10.3139
7044,10.3387
7045,10.3876
7046,10.4111
7047,10.4588
7048,10.4833
7049,10.5077
7050,10.5553
7051,10.5785
7052,10.626
7053,10.6505
7054,10.6984
7055,10.7213
7056,10.7445
7057,10.7925
7058,10.8409
7059,10.8642
7060,10.9103
7061,10.9336
7062,10.9572
7063,11.0044
7064,11.028
7065,11.0744
7066,11.1205
7067,11.1671
7068,11.1906
7069,11.2373
7070,11.2835
7071,11.3067
7072,11.33
7073,11.3766
7074,11.4228
7075,11.4458
7076,11.4688
7077,11.5148
7078,11.5379
7079,11.5609
7080,11.607
7081,11.63
7082,11.6762
7083,11.6994
7084,11.7456
7085,11.7687
7086,11.7918
7087,11.8383
7088,11.8616
7089,11.9083
7090,11.9316
7091,11.9785
7092,12.002
7093,12.0256
7094,12.0729
7095,12.0967
7096,12.1443
7097,12.1683
7098,12.1924
7099,12.2406
7100,12.289
7101,12.3134
7102,12.3379
7103,12.387
7104,12.4117
7105,12.4364
7106,12.4862
7107,12.5112
7108,12.5362
7109,12.5866
7110,12.6119
7111,12.6627
7112,12.6883
7113,12.7397
7114,12.7654
7115,12.8173
7116,12.8433
7117,12.8695
7118,12.9219
7119,12.9483
7120,13.0013
7121,13.0279
7122,13.0814
7123,13.1083
7124,13.1353
7125,13.1895
7126,13.2167
7127,13.2714
7128,13.2989
7129,13.3541
7130,13.3818
7131,13.4375
7132,13.4654
7133,13.4934
7134,13.5215
7135,13.5779
7136,13.6062
7137,13.6345
7138,13.6914
7139,13.7199
7140,13.777
7141,13.8057
7142,13.8631
7143,13.9206
7144,13.9783
7145,14.0362
7146,14.0943
7147,14.1234
7148,14.1819
7149,14.2111
7150,14.2696
7151,14.3278
7152,14.3859
7153,14.4148
7154,14.4725
7155,14.5011
7156,14.5297
7157,14.5868
7158,14.6152
7159,14.672
7160,14.7288
7161,14.7857
7162,14.8141
7163,14.8709
7164,14.8994
7165,14.9563
7166,14.9847
7167,15.0417
7168,15.0702
7169,15.1274
7170,15.156
7171,15.2135
7172,15.2422
7173,15.2709
7174,15.3285
7175,15.3574
7176,15.417
7177,15.4488
7178,15.513
7179,15.5448
7180,15.5763
7181,15.6375
7182,15.6668
7183,15.6954
7184,15.752
7185,15.7801
7186,15.8377
7187,15.8675
7188,15.9273
7189,15.9569
7190,16.0147
7191,16.043
7192,16.0984
7193,16.1529
7194,16.1796
7195,16.2336
7196,16.2612
7197,16.3175
7198,16.3745
7199,16.4029
7200,16.459
7201,16.4867
7202,16.5418
7203,16.5692
7204,16.5966
7205,16.6519
7206,16.6799
7207,16.7358
7208,16.7637
7209,16.8199
7210,16.848
7211,16.8761
7212,16.9317
7213,16.9592
7214,17.0147
7215,17.0425
7216,17.0979
7217,17.1253
7218,17.1804
7219,17.2083
7220,17.236
7221,17.2903
7222,17.3171
7223,17.3441
7224,17.3988
7225,17.4532
7226,17.4797
7227,17.5321
7228,17.5581
7229,17.6109
7230,17.6371
7231,17.6887
7232,17.7142
7233,17.7396
7234,17.7651
7235,17.8164
7236,17.8421
7237,17.8678
7238,17.9186
7239,17.9696
7240,17.9956
7241,18.0484
7242,18.1015
7243,18.1277
7244,18.1795
7245,18.2052
7246,18.2571
7247,18.2834
7248,18.3345
7249,18.3831
7250,18.4069
7251,18.4557
7252,18.5072
7253,18.5333
7254,18.5581
7255,18.6029
7256,18.6233
7257,18.6705
7258,18.6992
7259,18.7316
7260,18.7828
7261,18.8029
7262,18.8374
7263,18.8549
7264,18.8896
7265,18.9035
7266,18.933
7267,18.9552
7268,18.9816
7269,19.0439
7270,19.0781
7271,19.1113
7272,19.1689
7273,19.2275
7274,19.2604
7275,19.3272
7276,19.3891
7277,19.4201
7278,19.4851
7279,19.5192
7280,19.5872
7281,19.6203
7282,19.6896
7283,19.763
7284,19.7995
7285,19.8705
7286,19.9053
7287,19.9761
7288,20.0122
7289,20.0819
7290,20.1149
7291,20.1822
7292,20.2169
7293,20.2854
7294,20.3187
7295,20.3521
7296,20.4204
7297,20.4894
7298,20.5233
7299,20.5898
7300,20.6221
7301,20.6862
7302,20.7502
7303,20.8217
7304,20.8602
7305,20.8953
7306,20.9556
7307,21.0088
7308,21.0373
7309,21.0684
7310,21.1413
7311,21.1814
7312,21.2524
7313,21.2824
7314,21.349
7315,21.3875
7316,21.4619
7317,21.496
7318,21.5659
7319,21.6409
7320,21.6793
7321,21.7539
7322,21.7902
7323,21.865
7324,21.904
7325,21.9796
7326,22.0155
7327,22.0825
7328,22.113
7329,22.1758
7330,22.211
7331,22.2842
7332,22.3209
7333,22.3962
7334,22.4728
7335,22.5091
7336,22.5786
7337,22.6463
7338,22.6795
7339,22.7408
7340,22.7689
7341,22.7965
7342,22.8546
7343,22.9171
7344,22.949
7345,23.0088
7346,23.0644
7347,23.0926
7348,23.1561
7349,23.2266
7350,23.2925
7351,23.3217
7352,23.3732
7353,23.3959
7354,23.4161
7355,23.4531
7356,23.4855
7357,23.4995
7358,23.5238
7359,23.5449
7360,23.5548
7361,23.5733
7362,23.582
7363,23.5976
7364,23.6048
7365,23.6204
7366,23.6392
7367,23.6496
7368,23.6727
7369,23.698
7370,23.7105
7371,23.7352
7372,23.7478
7373,23.7606
7374,23.7876
7375,23.8153
7376,23.8285
7377,23.8414
7378,23.8667
7379,23.8912
7380,23.9142
7381,23.9352
7382,23.9449
7383,23.9541
7384,23.9712
7385,23.9793
7386,23.9963
7387,24.0055
7388,24.0246
7389,24.0452
7390,24.0561
7391,24.0673
7392,24.0906
7393,24.112
7394,24.1188
7395,24.1425
7396,24.1596
7397,24.1892
7398,24.1997
7399,24.2228
7400,24.2531
7401,24.2696
7402,24.3009
7403,24.3158
7404,24.3478
7405,24.3825
7406,24.3997
7407,24.4347
7408,24.4531
7409,24.4913
7410,24.5105
7411,24.55
7412,24.5906
7413,24.6111
7414,24.6523
7415,24.673
7416,24.7139
7417,24.7534
7418,24.7725
7419,24.7907
7420,24.8237
7421,24.8378
7422,24.8644
7423,24.8814
7424,24.9217
7425,24.9439
7426,24.9883
7427,25.01
7428,25.057
7429,25.0819
7430,25.1251
7431,25.1423
7432,25.1778
7433,25.1975
7434,25.235
7435,25.2518
7436,25.2854
7437,25.3049
7438,25.3256
7439,25.3653
7440,25.3834
7441,25.4182
7442,25.4348
7443,25.4507
7444,25.4791
7445,25.4915
7446,25.5139
7447,25.5237
7448,25.5395
7449,25.5451
7450,25.5494
7451,25.5551
7452,25.5567
7453,25.5593
7454,25.5625
7455,25.5732
7456,25.5805
7457,25.5868
7458,25.5933
7459,25.5937
7460,25.5928
7461,25.5924
7462,25.5957
7463,25.5995
7464,25.6018
7465,25.6004
7466,25.5986
7467,25.5926
7468,25.5866
7469,25.5668
7470,25.5343
7471,25.5145
7472,25.4983
7473,25.4752
7474,25.4569
7475,25.4499
7476,25.4473
7477,25.4514
7478,25.4511
7479,25.4449
7480,25.4352
7481,25.4222
7482,25.3922
7483,25.3779
7484,25.3574
7485,25.3436
7486,25.3353
7487,25.3148
7488,25.3033
7489,25.2812
7490,25.271
7491,25.2362
7492,25.2235
7493,25.2038
7494,25.1889
7495,25.1797
7496,25.169
7497,25.1471
7498,25.1273
7499,25.118
7500,25.097
7501,25.0852
7502,25.0634
7503,25.042
7504,25.0297
7505,25.0035
7506,24.9905
7507,24.9674
7508,24.9576
7509,24.9359
7510,24.9233
7511,24.8986
7512,24.8727
7513,24.8577
7514,24.8253
7515,24.8091
7516,24.7813
7517,24.7703
7518,24.7446
7519,24.7291
7520,24.7145
7521,24.7019
7522,24.6904
7523,24.6656
7524,24.6517
7525,24.6383
7526,24.6258
7527,24.6016
7528,24.5892
7529,24.5767
7530,24.5647
7531,24.5443
7532,24.5355
7533,24.5266
7534,24.507
7535,24.4965
7536,24.4869
7537,24.4782
7538,24.4701
7539,24.4533
7540,24.4446
7541,24.4294
7542,24.4231
7543,24.4102
7544,24.4031
7545,24.3962
7546,24.384
7547,24.3785
7548,24.3728
7549,24.3601
7550,24.3535
7551,24.3415
7552,24.3359
7553,24.3249
7554,24.3193
7555,24.3136
7556,24.3017
7557,24.289
7558,24.2754
7559,24.2685
7560,24.2557
7561,24.25
7562,24.2383
7563,24.2319
7564,24.2254
7565,24.2189
7566,24.2061
7567,24.1997
7568,24.1877
7569,24.1821
7570,24.1712
7571,24.1659
7572,24.1606
7573,24.1552
7574,24.1444
7575,24.1391
7576,24.1342
7577,24.1247
7578,24.1202
7579,24.1117
7580,24.1079
7581,24.1042
7582,24.089
7583,24.0782
7584,24.0674
7585,24.0632
7586,24.0517
7587,24.042
7588,24.0226
7589,24.0186
7590,24.0137
7591,24.0054
7592,23.9948
7593,23.9909
7594,23.983
7595,23.9806
7596,23.9725
7597,23.959
7598,23.947
7599,23.942
7600,23.93
7601,23.9228
7602,23.9114
7603,23.9081
7604,23.9015
7605,23.897
7606,23.8878
7607,23.8832
7608,23.8727
7609,23.867
7610,23.8616
7611,23.8554
7612,23.854
7613,23.8524
7614,23.8462
7615,23.8422
7616,23.8365
7617,23.8348
7618,23.8327
7619,23.8272
7620,23.8246
7621,23.822
7622,23.8219
7623,23.8202
7624,23.8164
7625,23.815
7626,23.8156
7627,23.8167
7628,23.8177
7629,23.8186
7630,23.822
7631,23.8268
7632,23.8293
7633,23.8368
7634,23.8394
7635,23.8456
7636,23.8493
7637,23.8568
7638,23.8641
7639,23.8721
7640,23.881
7641,23.8857
7642,23.8946
7643,23.9034
7644,23.9128
7645,23.9223
7646,23.9312
7647,23.9393
7648,23.9477
7649,23.9563
7650,23.9652
7651,23.9749
7652,23.9807
7653,23.9935
7654,24.008
7655,24.0251
7656,24.0434
7657,24.0613
7658,24.0698
7659,24.0845
7660,24.1018
7661,24.1241
7662,24.1519
7663,24.1634
7664,24.1852
7665,24.2102
7666,24.234
7667,24.2429
7668,24.2575
7669,24.2738
7670,24.2837
7671,24.303
7672,24.3206
7673,24.3403
7674,24.3616
7675,24.381
7676,24.3896
7677,24.4084
7678,24.4194
7679,24.4407
7680,24.4603
7681,24.4814
7682,24.5041
7683,24.5145
7684,24.5443
7685,24.584
7686,24.6065
7687,24.6406
7688,24.6645
7689,24.6738
7690,24.6939
7691,24.6981
7692,24.7058
7693,24.71
7694,24.72
7695,24.7326
7696,24.7526
7697,24.7901
7698,24.8143
7699,24.8702
7700,24.9348
7701,24.97
7702,25.0458
7703,25.1274
7704,25.2091
7705,25.2481
7706,25.3237
7707,25.397
7708,25.4696
7709,25.5363
7710,25.566
7711,25.6168
7712,25.6641
7713,25.7033
7714,25.736
7715,25.7675
7716,25.7934
7717,25.8152
7718,25.826
7719,25.8491
7720,25.8771
7721,25.8918
7722,25.9205
7723,25.9524
7724,25.9674
7725,25.9971
7726,26.0277
7727,26.0544
7728,26.0658
7729,26.0838
7730,26.0939
7731,26.1197
7732,26.1349
7733,26.1511
7734,26.1852
7735,26.2208
7736,26.2399
7737,26.2816
7738,26.3039
7739,26.352
7740,26.3781
7741,26.4345
7742,26.4965
7743,26.5296
7744,26.5995
7745,26.674
7746,26.7129
7747,26.7722
7748,26.7927
7749,26.8178
7750,26.8254
7751,26.8241
7752,26.8288
7753,26.8378
7754,26.8532
7755,26.8564
7756,26.8701
7757,26.8867
7758,26.8944
7759,26.9092
7760,26.9252
7761,26.932
7762,26.9447
7763,26.9578
7764,26.9733
7765,26.9922
7766,27.0029
7767,27.0229
7768,27.0312
7769,27.0469
7770,27.0553
7771,27.0646
7772,27.085
7773,27.0954
7774,27.1154
7775,27.1255
7776,27.1367
7777,27.1616
7778,27.1744
7779,27.1976
7780,27.208
7781,27.2325
7782,27.2473
7783,27.2621
7784,27.2924
7785,27.311
7786,27.3536
7787,27.3782
7788,27.4338
7789,27.465
7790,27.5305
7791,27.5981
7792,27.6298
7793,27.6874
7794,27.7393
7795,27.7634
7796,27.7863
7797,27.8282
7798,27.8627
7799,27.8773
7800,27.9022
7801,27.9229
7802,27.9323
7803,27.9497
7804,27.9576
7805,27.9728
7806,27.9872
7807,28.0011
7808,28.008
7809,28.0213
7810,28.0279
7811,28.0344
7812,28.0479
7813,28.0547
7814,28.0682
7815,28.0754
7816,28.0834
7817,28.1021
7818,28.1132
7819,28.1361
7820,28.1603
7821,28.1725
7822,28.1841
7823,28.1949
7824,28.2054
7825,28.2269
7826,28.2387
7827,28.2632
7828,28.2759
7829,28.2999
7830,28.3124
7831,28.3251
7832,28.3511
7833,28.3643
7834,28.3911
7835,28.4046
7836,28.4182
7837,28.4456
7838,28.4593
7839,28.473
7840,28.5
7841,28.5132
7842,28.5396
7843,28.5527
7844,28.5658
7845,28.5786
7846,28.6032
7847,28.6149
7848,28.6259
7849,28.6368
7850,28.6584
7851,28.6691
7852,28.6787
7853,28.6971
7854,28.7065
7855,28.7243
7856,28.7324
7857,28.7498
7858,28.768
7859,28.7792
7860,28.806
7861,28.8245
7862,28.8672
7863,28.8902
7864,28.914
7865,28.9521
7866,28.9636
7867,28.9718
7868,28.9808
7869,29.0058
7870,29.0208
7871,29.0498
7872,29.0634
7873,29.0955
7874,29.1147
7875,29.1341
7876,29.1707
7877,29.1888
7878,29.2271
7879,29.2479
7880,29.2881
7881,29.3075
7882,29.3282
7883,29.3728
7884,29.3958
7885,29.4169
7886,29.4557
7887,29.474
7888,29.5155
7889,29.5593
7890,29.5797
7891,29.6168
7892,29.6341
7893,29.6726
7894,29.7142
7895,29.7331
7896,29.7682
7897,29.785
7898,29.8215
7899,29.8584
7900,29.8747
7901,29.9079
7902,29.9262
7903,29.9454
7904,29.9816
7905,30.0131
7906,30.0292
7907,30.0636
7908,30.0827
7909,30.1185
7910,30.1339
7911,30.1651
7912,30.1813
7913,30.2165
7914,30.2345
7915,30.2509
7916,30.2768
7917,30.2875
7918,30.3156
7919,30.3332
7920,30.3623
7921,30.3734
7922,30.3845
7923,30.3975
7924,30.4263
7925,30.4546
7926,30.4675
7927,30.4797
7928,30.5065
7929,30.5217
7930,30.5369
7931,30.5646
7932,30.5772
7933,30.6053
7934,30.6213
7935,30.6524
7936,30.6666
7937,30.6943
7938,30.7087
7939,30.7234
7940,30.7546
7941,30.7709
7942,30.8011
7943,30.8276
7944,30.8409
7945,30.8557
7946,30.8896
7947,30.9074
7948,30.9235
7949,30.9377
7950,30.9511
7951,30.983
7952,31.0222
7953,31.0648
7954,31.1008
7955,31.1179
7956,31.1578
7957,31.2006
7958,31.2421
7959,31.2589
7960,31.289
7961,31.326
7962,31.363
7963,31.3923
7964,31.4203
7965,31.4368
7966,31.4522
7967,31.4648
7968,31.4848
7969,31.5025
7970,31.5116
7971,31.5272
7972,31.5329
7973,31.5441
7974,31.5461
7975,31.556
7976,31.5647
7977,31.5819
7978,31.595
7979,31.601
7980,31.6173
7981,31.6271
7982,31.6413
7983,31.6497
7984,31.6557
7985,31.672
7986,31.6877
7987,31.6935
7988,31.7076
7989,31.7254
7990,31.7406
7991,31.7512
7992,31.7623
7993,31.7694
7994,31.7773
7995,31.7911
7996,31.8016
7997,31.8066
7998,31.816
7999,31.8199
8000,31.829
8001,31.8377
8002,31.8569
8003,31.8699
8004,31.8724
8005,31.8807
8006,31.8878
8007,31.9001
8008,31.9052
8009,31.907
8010,31.9113
8011,31.9196
8012,31.9288
8013,31.9344
8014,31.9359
8015,31.9361
8016,31.9376
8017,31.9456
8018,31.9519
8019,31.9579
8020,31.9626
8021,31.969
8022,31.9712
8023,31.9797
8024,31.9876
8025,32.0098
8026,32.0405
8027,32.0588
8028,32.0854
8029,32.0949
8030,32.1031
8031,32.1024
8032,32.1082
8033,32.116
8034,32.1277
8035,32.1349
8036,32.139
8037,32.1504
8038,32.157
8039,32.1661
8040,32.1703
8041,32.1845
8042,32.1937
8043,32.2113
8044,32.2205
8045,32.2284
8046,32.2397
8047,32.2448
8048,32.2639
8049,32.2763
8050,32.2939
8051,32.2982
8052,32.3038
8053,32.3228
8054,32.3356
8055,32.3468
8056,32.3631
8057,32.3698
8058,32.3895
8059,32.4011
8060,32.4135
8061,32.4312
8062,32.4365
8063,32.4436
8064,32.4659
8065,32.4776
8066,32.4952
8067,32.501
8068,32.5157
8069,32.5254
8070,32.5464
8071,32.5566
8072,32.5755
8073,32.5847
8074,32.6055
8075,32.6175
8076,32.6297
8077,32.6533
8078,32.6645
8079,32.6874
8080,32.6998
8081,32.7255
8082,32.7382
8083,32.7623
8084,32.7739
8085,32.8
8086,32.8148
8087,32.8427
8088,32.8626
8089,32.9088
8090,32.9341
8091,32.9784
8092,32.9973
8093,33.0381
8094,33.0614
8095,33.1058
8096,33.1237
8097,33.1512
8098,33.1714
8099,33.1823
8100,33.2121
8101,33.2307
8102,33.2642
8103,33.2768
8104,33.2976
8105,33.3087
8106,33.3377
8107,33.3728
8108,33.3879
8109,33.4147
8110,33.4453
8111,33.4602
8112,33.4856
8113,33.4992
8114,33.5024
8115,33.5166
8116,33.5295
8117,33.545
8118,33.5726
8119,33.5839
8120,33.6093
8121,33.6436
8122,33.6837
8123,33.7041
8124,33.7239
8125,33.7616
8126,33.799
8127,33.8378
8128,33.8573
8129,33.8765
8130,33.9133
8131,33.9493
8132,33.9863
8133,34.005
8134,34.0407
8135,34.0575
8136,34.0911
8137,34.1246
8138,34.1575
8139,34.1887
8140,34.2187
8141,34.2477
8142,34.2761
8143,34.2904
8144,34.3052
8145,34.3361
8146,34.3521
8147,34.3848
8148,34.4191
8149,34.4547
8150,34.4728
8151,34.4912
8152,34.5288
8153,34.5479
8154,34.5865
8155,34.606
8156,34.6453
8157,34.6847
8158,34.7243
8159,34.7441
8160,34.7838
8161,34.8037
8162,34.8236
8163,34.8632
8164,34.8829
8165,34.9221
8166,34.9416
8167,34.9804
8168,34.9997
8169,35.0191
8170,35.0576
8171,35.0768
8172,35.1151
8173,35.1341
8174,35.153
8175,35.1908
8176,35.2096
8177,35.2283
8178,35.247
8179,35.2843
8180,35.3029
8181,35.3399
8182,35.3584
8183,35.3768
8184,35.4133
8185,35.4315
8186,35.4495
8187,35.4853
8188,35.5031
8189,35.5384
8190,35.5559
8191,35.5907
8192,35.6079
8193,35.6421
8194,35.659
8195,35.6925
8196,35.7089
8197,35.7412
8198,35.7717
8199,35.786
8200,35.8113
8201,35.8216
8202,35.8431
8203,35.8555
8204,35.8825
8205,35.9106
8206,35.9248
8207,35.9544
8208,35.9698
8209,36.0015
8210,36.0175
8211,36.0496
8212,36.0656
8213,36.0978
8214,36.1139
8215,36.1459
8216,36.1617
8217,36.1929
8218,36.2084
8219,36.2393
8220,36.2546
8221,36.2852
8222,36.3004
8223,36.3157
8224,36.3464
8225,36.3618
8226,36.3926
8227,36.4081
8228,36.4236
8229,36.4546
8230,36.4702
8231,36.5015
8232,36.5171
8233,36.5485
8234,36.5641
8235,36.5955
8236,36.6111
8237,36.6422
8238,36.6577
8239,36.6731
8240,36.7039
8241,36.7345
8242,36.7496
8243,36.7799
8244,36.7949
8245,36.8099
8246,36.8397
8247,36.8545
8248,36.8838
8249,36.8984
8250,36.9273
8251,36.9416
8252,36.97
8253,36.9841
8254,36.9981
8255,37.0258
8256,37.0395
8257,37.0666
8258,37.0933
8259,37.1065
8260,37.1325
8261,37.1453
8262,37.158
8263,37.183
8264,37.1953
8265,37.2196
8266,37.2315
8267,37.2433
8268,37.2667
8269,37.2782
8270,37.301
8271,37.3122
8272,37.3233
8273,37.3343
8274,37.356
8275,37.3668
8276,37.3774
8277,37.3983
8278,37.4086
8279,37.4291
8280,37.4391
8281,37.4491
8282,37.4688
8283,37.4786
8284,37.4978
8285,37.5074
8286,37.5168
8287,37.5355
8288,37.5447
8289,37.5629
8290,37.5719
8291,37.5897
8292,37.5984
8293,37.6158
8294,37.6244
8295,37.6413
8296,37.6496
8297,37.6659
8298,37.6738
8299,37.6815
8300,37.6962
8301,37.7033
8302,37.717
8303,37.7237
8304,37.7303
8305,37.7498
8306,37.7562
8307,37.7687
8308,37.7811
8309,37.7935
8310,37.8058
8311,37.8181
8312,37.8242
8313,37.8302
8314,37.8422
8315,37.8481
8316,37.8539
8317,37.8652
8318,37.8707
8319,37.8816
8320,37.8922
8321,37.9024
8322,37.9124
8323,37.9223
8324,37.9321
8325,37.9371
8326,37.9473
8327,37.9529
8328,37.9648
8329,37.9711
8330,37.9776
8331,37.9912
8332,37.9982
8333,38.0054
8334,38.0198
8335,38.034
8336,38.041
8337,38.0553
8338,38.0628
8339,38.0781
8340,38.0858
8341,38.1017
8342,38.1183
8343,38.1267
8344,38.1438
8345,38.1524
8346,38.1699
8347,38.1789
8348,38.197
8349,38.2061
8350,38.2245
8351,38.2338
8352,38.2524
8353,38.2617
8354,38.2804
8355,38.2897
8356,38.299
8357,38.3176
8358,38.336
8359,38.3452
8360,38.3544
8361,38.3727
8362,38.3817
8363,38.3996
8364,38.4084
8365,38.4259
8366,38.4345
8367,38.4515
8368,38.4681
8369,38.4763
8370,38.4924
8371,38.5003
8372,38.5159
8373,38.5236
8374,38.5313
8375,38.5462
8376,38.5535
8377,38.568
8378,38.5751
8379,38.5823
8380,38.5966
8381,38.6109
8382,38.6249
8383,38.6318
8384,38.6454
8385,38.6589
8386,38.6655
8387,38.6785
8388,38.6848
8389,38.6972
8390,38.7032
8391,38.7092
8392,38.7211
8393,38.727
8394,38.739
8395,38.7449
8396,38.7509
8397,38.7628
8398,38.7746
8399,38.7805
8400,38.7863
8401,38.7982
8402,38.8041
8403,38.816
8404,38.8219
8405,38.8339
8406,38.8399
8407,38.8519
8408,38.858
8409,38.864
8410,38.8762
8411,38.8824
8412,38.8947
8413,38.9008
8414,38.9132
8415,38.9195
8416,38.932
8417,38.9383
8418,38.9509
8419,38.9572
8420,38.9698
8421,38.9762
8422,38.9825
8423,38.9952
8424,39.0015
8425,39.0141
8426,39.0205
8427,39.0269
8428,39.0396
8429,39.046
8430,39.0588
8431,39.0652
8432,39.0779
8433,39.0843
8434,39.0907
8435,39.1035
8436,39.1099
8437,39.1228
8438,39.1292
8439,39.1422
8440,39.1487
8441,39.1552
8442,39.1682
8443,39.1813
8444,39.1879
8445,39.2011
8446,39.2077
8447,39.2143
8448,39.2277
8449,39.2344
8450,39.2411
8451,39.2546
8452,39.2615
8453,39.2683
8454,39.282
8455,39.2959
8456,39.3028
8457,39.3168
8458,39.3238
8459,39.338
8460,39.345
8461,39.3593
8462,39.3665
8463,39.3737
8464,39.3881
8465,39.3954
8466,39.4027
8467,39.4173
8468,39.4321
8469,39.4396
8470,39.455
8471,39.4628
8472,39.4786
8473,39.4866
8474,39.4946
8475,39.5109
8476,39.5191
8477,39.5357
8478,39.544
8479,39.5609
8480,39.578
8481,39.5866
8482,39.604
8483,39.6127
8484,39.6304
8485,39.6393
8486,39.6572
8487,39.6662
8488,39.6845
8489,39.7029
8490,39.7215
8491,39.7403
8492,39.7498
8493,39.7689
8494,39.7883
8495,39.798
8496,39.8177
8497,39.8375
8498,39.8475
8499,39.8678
8500,39.8779
8501,39.8985
8502,39.9088
8503,39.9298
8504,39.9406
8505,39.9628
8506,39.9857
8507,39.9974
8508,40.0211
8509,40.0331
8510,40.0574
8511,40.082
8512,40.0945
8513,40.1197
8514,40.1324
8515,40.1581
8516,40.184
8517,40.1971
8518,40.2102
8519,40.2368
8520,40.2502
8521,40.2773
8522,40.3047
8523,40.3186
8524,40.3464
8525,40.3605
8526,40.3888
8527,40.4174
8528,40.4461
8529,40.4605
8530,40.4895
8531,40.5041
8532,40.5336
8533,40.5485
8534,40.5785
8535,40.6088
8536,40.624
8537,40.6547
8538,40.6857
8539,40.7012
8540,40.7325
8541,40.7483
8542,40.78
8543,40.796
8544,40.828
8545,40.8442
8546,40.8766
8547,40.9094
8548,40.9421
8549,40.9747
8550,40.991
8551,41.0237
8552,41.04
8553,41.0728
8554,41.1057
8555,41.1387
8556,41.1552
8557,41.1885
8558,41.2052
8559,41.2387
8560,41.2555
8561,41.2892
8562,41.3231
8563,41.3401
8564,41.3742
8565,41.4085
8566,41.4428
8567,41.4601
8568,41.4947
8569,41.5121
8570,41.5471
8571,41.5646
8572,41.5821
8573,41.617
8574,41.6345
8575,41.6695
8576,41.687
8577,41.722
8578,41.7394
8579,41.7743
8580,41.7918
8581,41.8267
8582,41.8441
8583,41.879
8584,41.8964
8585,41.9313
8586,41.9487
8587,41.9835
8588,42.0008
8589,42.0352
8590,42.0523
8591,42.0862
8592,42.1031
8593,42.1368
8594,42.1536
8595,42.1872
8596,42.204
8597,42.2208
8598,42.2542
8599,42.2874
8600,42.3039
8601,42.3204
8602,42.353
8603,42.3693
8604,42.4016
8605,42.4176
8606,42.4496
8607,42.4814
8608,42.5129
8609,42.5444
8610,42.5601
8611,42.5913
8612,42.6069
8613,42.638
8614,42.6535
8615,42.669
8616,42.6997
8617,42.715
8618,42.7455
8619,42.7607
8620,42.7758
8621,42.8059
8622,42.8357
8623,42.8505
8624,42.88
8625,42.8947
8626,42.9238
8627,42.9383
8628,42.9671
8629,42.9814
8630,43.0098
8631,43.024
8632,43.052
8633,43.0659
8634,43.0936
8635,43.1073
8636,43.121
8637,43.1481
8638,43.1615
8639,43.1749
8640,43.2015
8641,43.2278
8642,43.2538
8643,43.2668
8644,43.2796
8645,43.3051
8646,43.3177
8647,43.3428
8648,43.3553
8649,43.38
8650,43.3922
8651,43.4044
8652,43.4285
8653,43.4405
8654,43.4643
8655,43.4878
8656,43.4994
8657,43.511
8658,43.534
8659,43.5454
8660,43.5567
8661,43.5792
8662,43.5903
8663,43.6123
8664,43.6232
8665,43.6452
8666,43.6562
8667,43.6781
8668,43.6888
8669,43.6995
8670,43.7206
8671,43.7311
8672,43.7519
8673,43.7623
8674,43.7829
8675,43.7931
8676,43.8133
8677,43.8234
8678,43.8434
8679,43.8633
8680,43.883
8681,43.8928
8682,43.9123
8683,43.922
8684,43.9412
8685,43.9508
8686,43.9698
8687,43.9793
8688,43.9888
8689,44.0075
8690,44.0169
8691,44.0355
8692,44.0447
8693,44.0631
8694,44.0722
8695,44.0905
8696,44.0995
8697,44.1177
8698,44.1267
8699,44.1446
8700,44.1536
8701,44.1714
8702,44.1803
8703,44.1894
8704,44.2078
8705,44.2172
8706,44.2356
8707,44.2536
8708,44.2714
8709,44.2892
8710,44.2983
8711,44.3161
8712,44.3248
8713,44.3336
8714,44.351
8715,44.3598
8716,44.3772
8717,44.3858
8718,44.403
8719,44.4116
8720,44.4202
8721,44.437
8722,44.4535
8723,44.4617
8724,44.4778
8725,44.4859
8726,44.4939
8727,44.5099
8728,44.5179
8729,44.5339
8730,44.5418
8731,44.5575
8732,44.5654
8733,44.5811
8734,44.5962
8735,44.6035
8736,44.6107
8737,44.625
8738,44.632
8739,44.646
8740,44.653
8741,44.6669
8742,44.6738
8743,44.6876
8744,44.6945
8745,44.7082
8746,44.7151
8747,44.7287
8748,44.7424
8749,44.7492
8750,44.756
8751,44.7696
8752,44.7833
8753,44.7901
8754,44.8034
8755,44.8099
8756,44.8227
8757,44.8289
8758,44.8351
8759,44.8474
8760,44.8534
8761,44.8654
8762,44.8713
8763,44.8831
8764,44.889
8765,44.8949
8766,44.9066
8767,44.9125
8768,44.9242
8769,44.9301
8770,44.936
8771,44.9477
8772,44.9535
8773,44.9652
8774,44.9711
8775,44.9829
8776,44.9887
8777,44.9946
8778,45.0064
8779,45.0123
8780,45.024
8781,45.0299
8782,45.0358
8783,45.0477
8784,45.0536
8785,45.0654
8786,45.0714
8787,45.0833
8788,45.0892
8789,45.1012
8790,45.1072
8791,45.1192
8792,45.1252
8793,45.1373
8794,45.1433
8795,45.1494
8796,45.1615
8797,45.1676
8798,45.1798
8799,45.1859
8800,45.1982
8801,45.2044
8802,45.2168
8803,45.223
8804,45.2354
8805,45.2417
8806,45.2479
8807,45.2605
8808,45.2668
8809,45.2794
8810,45.2857
8811,45.2921
8812,45.3048
8813,45.3112
8814,45.324
8815,45.3305
8816,45.3369
8817,45.3434
8818,45.3564
8819,45.3695
8820,45.3828
8821,45.3895
8822,45.403
8823,45.4097
8824,45.4234
8825,45.4303
8826,45.4441
8827,45.4581
8828,45.4652
8829,45.4793
8830,45.4936
8831,45.5008
8832,45.5081
8833,45.5226
8834,45.5373
8835,45.5447
8836,45.5596
8837,45.5746
8838,45.5822
8839,45.5974
8840,45.6051
8841,45.6205
8842,45.6283
8843,45.6439
8844,45.6518
8845,45.6597
8846,45.6758
8847,45.692
8848,45.7003
8849,45.717
8850,45.7338
8851,45.7424
8852,45.7596
8853,45.7682
8854,45.7769
8855,45.7945
8856,45.8034
8857,45.8213
8858,45.8486
8859,45.8577
8860,45.8762
8861,45.8856
8862,45.8949
8863,45.9139
8864,45.9234
8865,45.9426
8866,45.962
8867,45.9815
8868,45.9913
8869,46.0111
8870,46.0312
8871,46.0515
8872,46.0617
8873,46.0823
8874,46.0927
8875,46.1136
8876,46.1242
8877,46.1455
8878,46.1562
8879,46.167
8880,46.1887
8881,46.2107
8882,46.2218
8883,46.2443
8884,46.2556
8885,46.2784
8886,46.2899
8887,46.3015
8888,46.3248
8889,46.3366
8890,46.3603
8891,46.3722
8892,46.3843
8893,46.4085
8894,46.4331
8895,46.4454
8896,46.4704
8897,46.4829
8898,46.5083
8899,46.5339
8900,46.5468
8901,46.5728
8902,46.5991
8903,46.6257
8904,46.6526
8905,46.6661
8906,46.6934
8907,46.7209
8908,46.7348
8909,46.7628
8910,46.791
8911,46.8195
8912,46.8482
8913,46.8626
8914,46.8917
8915,46.921
8916,46.9506
8917,46.9804
8918,46.9954
8919,47.0255
8920,47.0558
8921,47.0864
8922,47.1172
8923,47.1481
8924,47.1637
8925,47.195
8926,47.2264
8927,47.2581
8928,47.29
8929,47.306
8930,47.3381
8931,47.3703
8932,47.4026
8933,47.4188
8934,47.4511
8935,47.4673
8936,47.4836
8937,47.5161
8938,47.5324
8939,47.5651
8940,47.5815
8941,47.5979
8942,47.6144
8943,47.6474
8944,47.6639
8945,47.6804
8946,47.7136
8947,47.7302
8948,47.7468
8949,47.78
8950,47.7966
8951,47.8133
8952,47.8466
8953,47.8632
8954,47.8799
8955,47.8965
8956,47.9298
8957,47.9465
8958,47.9798
8959,47.9964
8960,48.0131
8961,48.0463
8962,48.0629
8963,48.0795
8964,48.1127
8965,48.1293
8966,48.1458
8967,48.1623
8968,48.1789
8969,48.2118
8970,48.2283
8971,48.2612
8972,48.2776
8973,48.3103
8974,48.3266
8975,48.3591
8976,48.3915
8977,48.4077
8978,48.4399
8979,48.456
8980,48.488
8981,48.504
8982,48.5358
8983,48.5674
8984,48.5989
8985,48.6145
8986,48.6302
8987,48.6612
8988,48.6767
8989,48.6922
8990,48.7075
8991,48.7381
8992,48.7534
8993,48.7837
8994,48.7987
8995,48.8287
8996,48.8436
8997,48.8733
8998,48.888
8999,48.9173
9000,48.9318
9001,48.9463
9002,48.9751
9003,48.9894
9004,49.0179
9005,49.046
9006,49.06
9007,49.0878
9008,49.1016
9009,49.1289
9010,49.1425
9011,49.1695
9012,49.1828
9013,49.1962
9014,49.2226
9015,49.2357
9016,49.2617
9017,49.2746
9018,49.3002
9019,49.3129
9020,49.3255
9021,49.3381
9022,49.363
9023,49.3753
9024,49.3876
9025,49.3998
9026,49.424
9027,49.436
9028,49.4598
9029,49.4716
9030,49.4833
9031,49.495
9032,49.518
9033,49.5295
9034,49.5409
9035,49.5634
9036,49.5745
9037,49.5967
9038,49.6076
9039,49.6185
9040,49.6294
9041,49.6509
9042,49.6616
9043,49.6722
9044,49.6932
9045,49.714
9046,49.7346
9047,49.7448
9048,49.765
9049,49.7751
9050,49.785
9051,49.795
9052,49.8147
9053,49.8244
9054,49.8438
9055,49.8534
9056,49.863
9057,49.882
9058,49.8914
9059,49.9101
9060,49.9193
9061,49.9285
9062,49.9377
9063,49.9468
9064,49.965
9065,49.974
9066,49.9918
9067,50.0007
9068,50.0183
9069,50.027
9070,50.0357
9071,50.0529
9072,50.0614
9073,50.0699
9074,50.0783
9075,50.0951
9076,50.1117
9077,50.1282
9078,50.1445
9079,50.1525
9080,50.1606
9081,50.1767
9082,50.1932
9083,50.2095
9084,50.2255
9085,50.2336
9086,50.2495
9087,50.2575
9088,50.2731
9089,50.2807
9090,50.2883
9091,50.3036
9092,50.311
9093,50.3184
9094,50.3329
9095,50.3401
9096,50.3472
9097,50.3613
9098,50.3684
9099,50.3755
9100,50.3894
9101,50.3963
9102,50.4097
9103,50.4163
9104,50.4228
9105,50.4358
9106,50.4422
9107,50.4549
9108,50.4611
9109,50.4736
9110,50.4861
9111,50.4922
9112,50.4983
9113,50.5043
9114,50.5161
9115,50.522
9116,50.5329
9117,50.5381
9118,50.548
9119,50.5529
9120,50.5624
9121,50.5671
9122,50.5718
9123,50.5811
9124,50.5857
9125,50.5948
9126,50.5994
9127,50.6085
9128,50.613
9129,50.6175
9130,50.6264
9131,50.6354
9132,50.6439
9133,50.6472
9134,50.6504
9135,50.6535
9136,50.6611
9137,50.6658
9138,50.6746
9139,50.6789
9140,50.6829
9141,50.6868
9142,50.6904
9143,50.6971
9144,50.7002
9145,50.7032
9146,50.7088
9147,50.7115
9148,50.7142
9149,50.7167
9150,50.7193
9151,50.7242
9152,50.729
9153,50.7337
9154,50.7383
9155,50.7405
9156,50.7427
9157,50.7471
9158,50.7492
9159,50.7514
9160,50.7555
9161,50.7576
9162,50.7596
9163,50.7636
9164,50.7656
9165,50.7675
9166,50.7695
9167,50.7732
9168,50.7751
9169,50.7769
9170,50.7805
9171,50.7823
9172,50.7857
9173,50.7874
9174,50.7891
9175,50.7907
9176,50.7923
9177,50.7955
9178,50.797
9179,50.7986
9180,50.8015
9181,50.803
9182,50.8058
9183,50.8072
9184,50.8085
9185,50.8111
9186,50.8124
9187,50.8137
9188,50.8161
9189,50.8173
9190,50.8185
9191,50.8207
9192,50.8218
9193,50.8229
9194,50.825
9195,50.826
9196,50.827
9197,50.828
9198,50.8299
9199,50.8317
9200,50.8332
9201,50.8338
9202,50.8347
9203,50.835
9204,50.8355
9205,50.8357
9206,50.8357
9207,50.8357
9208,50.8356
9209,50.8353
9210,50.835
9211,50.8348
9212,50.8342
9213,50.8339
9214,50.8331
9215,50.8323
9216,50.8318
9217,50.8313
9218,50.8302
9219,50.8296
9220,50.8284
9221,50.827
9222,50.8263
9223,50.8247
9224,50.8239
9225,50.8222
9226,50.8213
9227,50.8195
9228,50.8186
9229,50.8168
9230,50.814
9231,50.811
9232,50.8063
9233,50.8005
9234,50.7979
9235,50.7961
9236,50.7959
9237,50.7957
9238,50.7947
9239,50.7941
9240,50.7925
9241,50.7916
9242,50.7896
9243,50.7885
9244,50.7862
9245,50.785
9246,50.7837
9247,50.7809
9248,50.7795
9249,50.7764
9250,50.7731
9251,50.7714
9252,50.7677
9253,50.7658
9254,50.7638
9255,50.7597
9256,50.7576
9257,50.7531
9258,50.7486
9259,50.7462
9260,50.7413
9261,50.7387
9262,50.7334
9263,50.7279
9264,50.7251
9265,50.7194
9266,50.7135
9267,50.7105
9268,50.7012
9269,50.698
9270,50.6946
9271,50.6912
9272,50.6844
9273,50.6775
9274,50.6738
9275,50.6664
9276,50.6588
9277,50.6509
9278,50.6428
9279,50.6387
9280,50.6346
9281,50.626
9282,50.6217
9283,50.6128
9284,50.6083
9285,50.5992
9286,50.5945
9287,50.5898
9288,50.5802
9289,50.5754
9290,50.5655
9291,50.5605
9292,50.5555
9293,50.5504
9294,50.54
9295,50.5348
9296,50.5296
9297,50.5189
9298,50.5135
9299,50.5025
9300,50.497
9301,50.4855
9302,50.4797
9303,50.4681
9304,50.4624
9305,50.4507
9306,50.4448
9307,50.4326
9308,50.4265
9309,50.4143
9310,50.4082
9311,50.4019
9312,50.3892
9313,50.3828
9314,50.3699
9315,50.3634
9316,50.3503
9317,50.3436
9318,50.33
9319,50.3232
9320,50.3094
9321,50.3024
9322,50.2883
9323,50.2812
9324,50.274
9325,50.2595
9326,50.2448
9327,50.2374
9328,50.2225
9329,50.2149
9330,50.1997
9331,50.1921
9332,50.1767
9333,50.169
9334,50.1535
9335,50.1457
9336,50.13
9337,50.1221
9338,50.1141
9339,50.098
9340,50.0899
9341,50.0733
9342,50.065
9343,50.0482
9344,50.0397
9345,50.0227
9346,50.0055
9347,49.9881
9348,49.9793
9349,49.9527
9350,49.9457
9351,49.9343
9352,49.9251
9353,49.9027
9354,49.8828
9355,49.8624
9356,49.8415
9357,49.8313
9358,49.8214
9359,49.8118
9360,49.8021
9361,49.7924
9362,49.7725
9363,49.7521
9364,49.7418
9365,49.7213
9366,49.711
9367,49.6902
9368,49.6797
9369,49.6691
9370,49.6477
9371,49.6369
9372,49.6151
9373,49.6042
9374,49.5931
9375,49.5708
9376,49.5596
9377,49.5369
9378,49.5255
9379,49.5024
9380,49.4908
9381,49.4673
9382,49.4555
9383,49.4316
9384,49.4196
9385,49.3953
9386,49.383
9387,49.3584
9388,49.3459
9389,49.3334
9390,49.3208
9391,49.2955
9392,49.2827
9393,49.2569
9394,49.2439
9395,49.2309
9396,49.2046
9397,49.178
9398,49.1646
9399,49.1512
9400,49.1241
9401,49.1105
9402,49.0831
9403,49.0692
9404,49.0554
9405,49.0274
9406,49.0134
9407,48.9851
9408,48.9708
9409,48.9422
9410,48.9278
9411,48.8988
9412,48.8842
9413,48.8549
9414,48.8254
9415,48.8106
9416,48.7958
9417,48.7659
9418,48.7508
9419,48.7207
9420,48.7055
9421,48.675
9422,48.6598
9423,48.6444
9424,48.6137
9425,48.5982
9426,48.5673
9427,48.5517
9428,48.5205
9429,48.5049
9430,48.4735
9431,48.4577
9432,48.4419
9433,48.4103
9434,48.3944
9435,48.3625
9436,48.3305
9437,48.3145
9438,48.2823
9439,48.2662
9440,48.2339
9441,48.2177
9442,48.1852
9443,48.169
9444,48.1527
9445,48.1202
9446,48.1039
9447,48.0712
9448,48.0549
9449,48.0222
9450,48.0059
9451,47.9733
9452,47.9407
9453,47.9245
9454,47.9083
9455,47.876
9456,47.8599
9457,47.8279
9458,47.8119
9459,47.7959
9460,47.7639
9461,47.748
9462,47.7162
9463,47.7004
9464,47.6688
9465,47.653
9466,47.6215
9467,47.6058
9468,47.5745
9469,47.5589
9470,47.5278
9471,47.5123
9472,47.4814
9473,47.4659
9474,47.4352
9475,47.4198
9476,47.3893
9477,47.3742
9478,47.3439
9479,47.3289
9480,47.3139
9481,47.2841
9482,47.2693
9483,47.2398
9484,47.2252
9485,47.1961
9486,47.1673
9487,47.1531
9488,47.125
9489,47.1112
9490,47.0975
9491,47.0704
9492,47.057
9493,47.0307
9494,47.0176
9495,46.9919
9496,46.9792
9497,46.954
9498,46.9415
9499,46.9169
9500,46.9045
9501,46.8922
9502,46.8674
9503,46.8549
9504,46.83
9505,46.8175
9506,46.7926
9507,46.7801
9508,46.7677
9509,46.7429
9510,46.7305
9511,46.706
9512,46.6939
9513,46.6818
9514,46.6582
9515,46.6465
9516,46.6233
9517,46.6119
9518,46.6005
9519,46.5779
9520,46.5556
9521,46.5446
9522,46.5227
9523,46.5119
9524,46.4904
9525,46.4798
9526,46.4587
9527,46.4482
9528,46.4379
9529,46.4173
9530,46.397
9531,46.3769
9532,46.3669
9533,46.3472
9534,46.3375
9535,46.3181
9536,46.3086
9537,46.2991
9538,46.2896
9539,46.2709
9540,46.2616
9541,46.2433
9542,46.2342
9543,46.2252
9544,46.2074
9545,46.1985
9546,46.1811
9547,46.1724
9548,46.1553
9549,46.1385
9550,46.1301
9551,46.1136
9552,46.1055
9553,46.0974
9554,46.0893
9555,46.0734
9556,46.0656
9557,46.0578
9558,46.0423
9559,46.0347
9560,46.0271
9561,46.0196
9562,46.0121
9563,45.9973
9564,45.99
9565,45.9758
9566,45.9688
9567,45.9552
9568,45.9486
9569,45.9355
9570,45.929
9571,45.9164
9572,45.9101
9573,45.8978
9574,45.8918
9575,45.8858
9576,45.874
9577,45.8681
9578,45.8566
9579,45.851
9580,45.8454
9581,45.8343
9582,45.8289
9583,45.8235
9584,45.8128
9585,45.8076
9586,45.8024
9587,45.7922
9588,45.7821
9589,45.7772
9590,45.7675
9591,45.7627
9592,45.7579
9593,45.7485
9594,45.7394
9595,45.7349
9596,45.7261
9597,45.7218
9598,45.7134
9599,45.7092
9600,45.7011
9601,45.6932
9602,45.6893
9603,45.6855
9604,45.678
9605,45.6743
9606,45.6706
9607,45.6634
9608,45.6599
9609,45.6529
9610,45.6495
9611,45.6461
9612,45.6395
9613,45.6363
9614,45.6331
9615,45.6299
9616,45.6268
9617,45.6206
9618,45.6176
9619,45.6146
9620,45.6088
9621,45.6031
9622,45.5975
9623,45.5948
9624,45.5894
9625,45.5868
9626,45.5842
9627,45.579
9628,45.5765
9629,45.5739
9630,45.5689
9631,45.5665
9632,45.5617
9633,45.5594
9634,45.5547
9635,45.5525
9636,45.5502
9637,45.548
9638,45.5436
9639,45.5415
9640,45.5373
9641,45.5353
9642,45.5314
9643,45.5275
9644,45.5238
9645,45.522
9646,45.5202
9647,45.5166
9648,45.5148
9649,45.5131
9650,45.5114
9651,45.5082
9652,45.5066
9653,45.5034
9654,45.5019
9655,45.4989
9656,45.4975
9657,45.4961
9658,45.4935
9659,45.4922
9660,45.4897
9661,45.4885
9662,45.4873
9663,45.4851
9664,45.4841
9665,45.4821
9666,45.4811
9667,45.4792
9668,45.4783
9669,45.4775
9670,45.476
9671,45.4746
9672,45.4739
9673,45.4726
9674,45.472
9675,45.4714
9676,45.4704
9677,45.4696
9678,45.4691
9679,45.4688
9680,45.4682
9681,45.4679
9682,45.4675
9683,45.4671
9684,45.467
9685,45.467
9686,45.4669
9687,45.4669
9688,45.467
9689,45.4671
9690,45.4674
9691,45.4676
9692,45.4681
9693,45.4684
9694,45.4691
9695,45.4695
9696,45.4704
9697,45.471
9698,45.4717
9699,45.473
9700,45.4736
9701,45.475
9702,45.4757
9703,45.4772
9704,45.478
9705,45.4795
9706,45.4802
9707,45.4818
9708,45.4826
9709,45.4844
9710,45.4853
9711,45.4874
9712,45.4885
9713,45.4909
9714,45.4922
9715,45.4948
9716,45.4961
9717,45.499
9718,45.5005
9719,45.502
9720,45.5053
9721,45.5087
9722,45.5105
9723,45.5143
9724,45.5162
9725,45.5202
9726,45.5244
9727,45.5266
9728,45.5311
9729,45.5334
9730,45.5358
9731,45.5406
9732,45.5431
9733,45.5483
9734,45.5509
9735,45.5564
9736,45.5592
9737,45.5649
9738,45.5679
9739,45.5739
9740,45.577
9741,45.5801
9742,45.5865
9743,45.5898
9744,45.5965
9745,45.5999
9746,45.6034
9747,45.6104
9748,45.6177
9749,45.6214
9750,45.6252
9751,45.6329
9752,45.6407
9753,45.6448
9754,45.6571
9755,45.6613
9756,45.6699
9757,45.6787
9758,45.6832
9759,45.6877
9760,45.6969
9761,45.7016
9762,45.7114
9763,45.7164
9764,45.7264
9765,45.7315
9766,45.7417
9767,45.7469
9768,45.7574
9769,45.7628
9770,45.7682
9771,45.7737
9772,45.7848
9773,45.7904
9774,45.7962
9775,45.8019
9776,45.8136
9777,45.8196
9778,45.8256
9779,45.8377
9780,45.8439
9781,45.8501
9782,45.8628
9783,45.8692
9784,45.8757
9785,45.8889
9786,45.8955
9787,45.9023
9788,45.9159
9789,45.9228
9790,45.9298
9791,45.9439
9792,45.9584
9793,45.973
9794,45.9804
9795,45.9955
9796,46.0108
9797,46.0264
9798,46.0343
9799,46.0503
9800,46.0584
9801,46.0665
9802,46.0747
9803,46.083
9804,46.0998
9805,46.1083
9806,46.1255
9807,46.143
9808,46.1607
9809,46.1697
9810,46.1879
9811,46.1971
9812,46.2064
9813,46.2252
9814,46.2347
9815,46.2443
9816,46.2637
9817,46.2736
9818,46.2835
9819,46.3035
9820,46.3136
9821,46.3342
9822,46.3445
9823,46.3655
9824,46.3762
9825,46.3976
9826,46.4085
9827,46.4194
9828,46.4414
9829,46.4638
9830,46.4864
9831,46.4979
9832,46.5094
9833,46.5209
9834,46.5443
9835,46.5561
9836,46.568
9837,46.5799
9838,46.604
9839,46.6161
9840,46.6406
9841,46.6654
9842,46.6904
9843,46.7031
9844,46.7285
9845,46.7413
9846,46.7542
9847,46.7802
9848,46.7933
9849,46.8197
9850,46.833
9851,46.8463
9852,46.8597
9853,46.8867
9854,46.9003
9855,46.9277
9856,46.9415
9857,46.9694
9858,46.9835
9859,46.9976
9860,47.0119
9861,47.0262
9862,47.0549
9863,47.0694
9864,47.0986
9865,47.1133
9866,47.1281
9867,47.158
9868,47.188
9869,47.2182
9870,47.2333
9871,47.2485
9872,47.2637
9873,47.2943
9874,47.3096
9875,47.3404
9876,47.3558
9877,47.3713
9878,47.3868
9879,47.4179
9880,47.4492
9881,47.4806
9882,47.5122
9883,47.5281
9884,47.5599
9885,47.5759
9886,47.5919
9887,47.608
9888,47.6403
9889,47.6564
9890,47.6727
9891,47.7053
9892,47.7217
9893,47.7546
9894,47.7713
9895,47.8048
9896,47.8216
9897,47.8557
9898,47.8728
9899,47.8901
9900,47.9241
9901,47.9576
9902,47.9742
9903,47.9907
9904,48.0236
9905,48.04
9906,48.0564
9907,48.089
9908,48.1053
9909,48.1216
9910,48.1541
9911,48.1866
9912,48.2029
9913,48.2191
9914,48.2516
9915,48.2679
9916,48.2842
9917,48.3167
9918,48.3329
9919,48.3654
9920,48.3816
9921,48.4141
9922,48.4303
9923,48.4627
9924,48.4789
9925,48.5113
9926,48.5274
9927,48.5597
9928,48.5758
9929,48.6079
9930,48.6239
9931,48.6559
9932,48.6718
9933,48.6878
9934,48.7036
9935,48.7354
9936,48.7512
9937,48.7669
9938,48.7984
9939,48.8297
9940,48.8453
9941,48.8764
9942,48.8919
9943,48.9228
9944,48.9382
9945,48.9535
9946,48.9841
9947,48.9993
9948,49.0145
9949,49.0447
9950,49.0598
9951,49.0898
9952,49.1196
9953,49.1343
9954,49.1489
9955,49.1776
9956,49.1918
9957,49.2198
9958,49.2336
9959,49.2473
9960,49.2745
9961,49.3014
9962,49.3279
9963,49.3411
9964,49.3541
9965,49.3801
9966,49.4057
9967,49.4311
9968,49.4437
9969,49.4562
9970,49.481
9971,49.4933
9972,49.5178
9973,49.5299
9974,49.5539
9975,49.5777
9976,49.5894
9977,49.6128
9978,49.6243
9979,49.6358
9980,49.6586
9981,49.681
9982,49.7031
9983,49.714
9984,49.7249
9985,49.7358
9986,49.7466
9987,49.768
9988,49.8
9989,49.8106
9990,49.8211
9991,49.842
9992,49.8626
9993,49.883
9994,49.8931
9995,49.9031
9996,49.9131
9997,49.9328
9998,49.9425
9999,49.9522
10000,49.9714
10001,49.9808
