time,theta_dot
0,2.826e-05
1,2.82572e-05
2,-0.00267181
3,-0.00531268
4,-0.00707061
5,-0.0058122
6,-0.00374086
7,-0.00298429
8,-0.00323438
9,-0.00359005
10,-0.00283216
11,-0.00113637
12,-0.000128516
13,0.000191243
14,-0.00204793
15,-0.00394655
16,-0.00253579
17,-0.00103826
18,0.00160246
19,0.00149675
20,0.00103162
21,-0.0114676
22,-0.0151692
23,-0.0117534
24,-0.00345378
25,-0.000316291
26,-0.00777722
27,-0.0233867
28,-0.0300971
29,-0.0129985
30,-0.00608805
31,0.000795396
32,0.00226163
33,-0.00512545
34,-0.0282102
35,-0.0345486
36,-0.0141879
37,-0.00171579
38,0.00243724
39,0.00404318
40,-0.0184354
41,-0.0304044
42,-0.0142454
43,-0.00311193
44,0.000368722
45,0.000244804
46,-0.00118841
47,-0.00725264
48,-0.00484324
49,-0.0021487
50,0.00154321
51,0.0026736
52,0.000403926
53,-0.00171142
54,-0.00242048
55,-0.00174447
56,-0.000857914
57,-0.000762782
58,-0.000627702
59,-0.000785922
60,-0.000974679
61,-0.00110467
62,-0.00118876
63,-0.00133156
64,-0.00173328
65,-0.00208724
66,-0.00224607
67,-0.00257302
68,-0.00267481
69,-0.00279369
70,-0.00281631
71,-0.00267922
72,-0.00258172
73,-0.00250628
74,-0.00247415
75,-0.00246517
76,-0.00227245
77,-0.00214144
78,-0.00200355
79,-0.00171189
80,-0.00158022
81,-0.00142812
82,-0.00135993
83,-0.0011682
84,-0.00105344
85,-0.000933748
86,-0.000679566
87,-0.000582221
88,-0.000441594
89,-0.00034847
90,-0.000314803
91,-0.000263719
92,-0.000289472
93,-0.000343696
94,-0.000313944
95,-0.000264683
96,-0.000244886
97,-0.000207967
98,-0.000193842
99,-0.000200403
100,-0.000203966
101,-0.000205612
102,-0.000191817
103,-0.000189231
104,-0.000191298
105,-0.000215948
106,-0.000203056
107,-0.000195619
108,-0.000183051
109,-0.000178396
110,-0.000177736
111,-0.00017669
112,-0.000164372
113,-0.000158829
114,-0.000160081
115,-0.000160865
116,-0.000160314
117,-0.000151959
118,-0.000148404
119,-0.000145406
120,-0.000144172
121,-0.000143008
122,-0.000141604
123,-0.000138301
124,-0.000136807
125,-0.000135466
126,-0.000134726
127,-0.000133271
128,-0.000132261
129,-0.000131298
130,-0.000130117
131,-0.000128367
132,-0.000126393
133,-0.000125137
134,-0.000124052
135,-0.000123537
136,-0.000123222
137,-0.000123032
138,-0.000123
139,-0.000122884
140,-0.000122535
141,-0.000122687
142,-0.000122445
143,-0.000122008
144,-0.000121761
145,-0.000121467
146,-0.000122145
147,-0.000122051
148,-0.000121696
149,-0.000121701
150,-0.000122833
151,-0.000122742
152,-0.00012156
153,-0.000120297
154,-0.000117955
155,-0.000116552
156,-0.000114635
157,-0.000113538
158,-0.00011231
159,-0.000111529
160,-0.000110849
161,-0.000110308
162,-0.00011006
163,-0.000109714
164,-0.000109819
165,-0.000110944
166,-0.00011177
167,-0.00011103
168,-0.000110267
169,-0.000109511
170,-0.000109171
171,-0.000110599
172,-0.000112128
173,-0.000112667
174,-0.000114285
175,-0.000116236
176,-0.000117343
177,-0.000116947
178,-0.000116227
179,-0.000115667
180,-0.000115683
181,-0.000118073
182,-0.000119132
183,-0.00012155
184,-0.000122366
185,-0.000124558
186,-0.000124419
187,-0.000124432
188,-0.000124482
189,-0.000125971
190,-0.000126572
191,-0.00012875
192,-0.000129638
193,-0.000131742
194,-0.000132493
195,-0.000134073
196,-0.000134587
197,-0.000136749
198,-0.000137105
199,-0.00013813
200,-0.000138374
201,-0.000139922
202,-0.000142493
203,-0.000143961
204,-0.000145443
205,-0.000145827
206,-0.000146708
207,-0.000147102
208,-0.000149195
209,-0.000150165
210,-0.000152667
211,-0.000153671
212,-0.000155689
213,-0.000157233
214,-0.000157831
215,-0.000159684
216,-0.000161287
217,-0.000161956
218,-0.000164134
219,-0.000164987
220,-0.000166987
221,-0.000167775
222,-0.000169588
223,-0.000170309
224,-0.00017208
225,-0.00017281
226,-0.000174657
227,-0.000175431
228,-0.00017631
229,-0.000177334
230,-0.000179232
231,-0.000181508
232,-0.000182761
233,-0.000183936
234,-0.000184298
235,-0.000184623
236,-0.000185362
237,-0.000192782
238,-0.000199401
239,-0.000202266
240,-0.000210131
241,-0.00024013
242,-0.000270263
243,-0.000286321
244,-0.00032184
245,-0.000340309
246,-0.000356043
247,-0.000403087
248,-0.000426663
249,-0.000485402
250,-0.000516088
251,-0.00656936
252,-0.00533216
253,-0.004352
254,-0.00247138
255,-0.00159123
256,-0.00128919
257,-0.00139358
258,-0.00203207
259,-0.00228778
260,-0.00262498
261,-0.0028544
262,-0.00294215
263,-0.00308758
264,-0.00315894
265,-0.00328494
266,-0.00334853
267,-0.00346921
268,-0.00353188
269,-0.00359436
270,-0.00372859
271,-0.00379877
272,-0.00394614
273,-0.00409971
274,-0.00425555
275,-0.00433304
276,-0.00448423
277,-0.00464069
278,-0.00480449
279,-0.00488992
280,-0.00506464
281,-0.00515539
282,-0.00533424
283,-0.00542597
284,-0.00551598
285,-0.00569685
286,-0.00578988
287,-0.00597902
288,-0.00617108
289,-0.00626908
290,-0.00646171
291,-0.00656069
292,-0.00665891
293,-0.00685894
294,-0.00696188
295,-0.00716686
296,-0.00737558
297,-0.0074795
298,-0.00769087
299,-0.00779833
300,-0.00801112
301,-0.00812025
302,-0.00833822
303,-0.00855883
304,-0.00878061
305,-0.00889266
306,-0.009003
307,-0.00922588
308,-0.00934034
309,-0.0095685
310,-0.00968515
311,-0.00980025
312,-0.0100302
313,-0.0101477
314,-0.0103805
315,-0.0104994
316,-0.010734
317,-0.010972
318,-0.0110926
319,-0.0113296
320,-0.0114504
321,-0.01157
322,-0.0119329
323,-0.0121807
324,-0.0123054
325,-0.0125432
326,-0.0126638
327,-0.0129017
328,-0.0131448
329,-0.0132684
330,-0.0133911
331,-0.0136381
332,-0.0137649
333,-0.0138902
334,-0.0141381
335,-0.0142643
336,-0.0145095
337,-0.0147559
338,-0.0148804
339,-0.0151237
340,-0.0152481
341,-0.0154933
342,-0.0157413
343,-0.0158667
344,-0.0161093
345,-0.0162327
346,-0.016354
347,-0.0164741
348,-0.0167144
349,-0.0169581
350,-0.0170816
351,-0.0173226
352,-0.0174457
353,-0.0175638
354,-0.0177971
355,-0.0179166
356,-0.0181505
357,-0.0183886
358,-0.0185088
359,-0.0187408
360,-0.0188593
361,-0.0190849
362,-0.0193108
363,-0.0194243
364,-0.0195351
365,-0.019758
366,-0.0198716
367,-0.0200851
368,-0.0202973
369,-0.0204037
370,-0.020632
371,-0.0207489
372,-0.0209534
373,-0.0210553
374,-0.0212629
375,-0.0214766
376,-0.0215838
377,-0.0217876
378,-0.0218916
379,-0.0220914
380,-0.0221936
381,-0.022389
382,-0.0224887
383,-0.022679
384,-0.0228647
385,-0.0230513
386,-0.0231482
387,-0.0233374
388,-0.0234334
389,-0.0235977
390,-0.0237635
391,-0.0238489
392,-0.024025
393,-0.0241156
394,-0.0242701
395,-0.0243475
396,-0.024504
397,-0.0245854
398,-0.0248086
399,-0.024884
400,-0.0250134
401,-0.0250802
402,-0.0252148
403,-0.0252843
404,-0.0253456
405,-0.025463
406,-0.0255232
407,-0.0255809
408,-0.0257002
409,-0.0257605
410,-0.025863
411,-0.0259646
412,-0.0260152
413,-0.0261201
414,-0.0261745
415,-0.0262185
416,-0.0263014
417,-0.026344
418,-0.0264282
419,-0.0265096
420,-0.0265476
421,-0.0265816
422,-0.0266564
423,-0.0266947
424,-0.0267483
425,-0.0267778
426,-0.0268389
427,-0.0268961
428,-0.0269209
429,-0.0269645
430,-0.0269891
431,-0.0270345
432,-0.0270593
433,-0.0270766
434,-0.0271129
435,-0.027141
436,-0.0271516
437,-0.0271658
438,-0.0272046
439,-0.0272237
440,-0.0272218
441,-0.0272226
442,-0.0272396
443,-0.0272514
444,-0.0272516
445,-0.0272482
446,-0.027249
447,-0.0272454
448,-0.0272327
449,-0.0271588
450,-0.0271216
451,-0.0270187
452,-0.0269249
453,-0.0269044
454,-0.0268528
455,-0.026754
456,-0.0266691
457,-0.0265839
458,-0.0265467
459,-0.0264803
460,-0.0264484
461,-0.0263398
462,-0.0262849
463,-0.026194
464,-0.0261545
465,-0.0260538
466,-0.0259441
467,-0.0258871
468,-0.0258304
469,-0.0257293
470,-0.0256796
471,-0.0256106
472,-0.0254753
473,-0.025346
474,-0.0252823
475,-0.0251629
476,-0.0251047
477,-0.0249561
478,-0.0248818
479,-0.024737
480,-0.0246688
481,-0.0245181
482,-0.0244437
483,-0.0243622
484,-0.0242038
485,-0.0241269
486,-0.0239592
487,-0.0237869
488,-0.0236991
489,-0.0235347
490,-0.0234555
491,-0.0232708
492,-0.0231786
493,-0.0229908
494,-0.0229005
495,-0.0227116
496,-0.0226191
497,-0.0224199
498,-0.0223224
499,-0.0222212
500,-0.0220238
501,-0.021927
502,-0.0217131
503,-0.0216076
504,-0.0213974
505,-0.0212959
506,-0.0210788
507,-0.0208589
508,-0.020748
509,-0.0205273
510,-0.0204206
511,-0.0201863
512,-0.0200721
513,-0.019839
514,-0.0196041
515,-0.0193664
516,-0.0192496
517,-0.0190143
518,-0.0188993
519,-0.0186474
520,-0.0185227
521,-0.0182727
522,-0.018026
523,-0.0179022
524,-0.017647
525,-0.0175224
526,-0.0172602
527,-0.0171332
528,-0.0168729
529,-0.0166129
530,-0.0163489
531,-0.0162175
532,-0.0159545
533,-0.0158265
534,-0.0156866
535,-0.0154115
536,-0.0152771
537,-0.015006
538,-0.0148734
539,-0.0147355
540,-0.0144601
541,-0.014325
542,-0.014042
543,-0.013905
544,-0.0136289
545,-0.0133499
546,-0.0132086
547,-0.0129295
548,-0.0127936
549,-0.0125098
550,-0.0123699
551,-0.0122257
552,-0.011942
553,-0.0118034
554,-0.0115149
555,-0.0113731
556,-0.0110872
557,-0.0108052
558,-0.0105213
559,-0.0103806
560,-0.00996277
561,-0.00982868
562,-0.00952801
563,-0.00924213
564,-0.0091045
565,-0.00896757
566,-0.00869082
567,-0.00855436
568,-0.00825591
569,-0.00797189
570,-0.00783535
571,-0.00756501
572,-0.00743296
573,-0.00714136
574,-0.00699732
575,-0.006716
576,-0.00644392
577,-0.00630841
578,-0.00602903
579,-0.00589252
580,-0.00561274
581,-0.00547832
582,-0.00520372
583,-0.00506956
584,-0.00479393
585,-0.00465954
586,-0.00438695
587,-0.00411923
588,-0.00398763
589,-0.00385234
590,-0.00358309
591,-0.00331856
592,-0.00318764
593,-0.00305263
594,-0.00278702
595,-0.00252803
596,-0.00240013
597,-0.00226736
598,-0.00200475
599,-0.00174671
600,-0.00149093
601,-0.0013667
602,-0.00111539
603,-0.000993803
604,-0.000737534
605,-0.000623555
606,-0.000455934
607,-0.000395074
608,-0.000305467
609,-0.000272962
610,-0.00022496
611,-0.000207644
612,-0.00018228
613,-0.000165706
614,-0.000159697
615,-0.000154857
616,-0.000148114
617,-0.000145776
618,-0.000143695
619,-0.000140834
620,-0.000139934
621,-0.000138836
622,-0.000138608
623,-0.000138158
624,-0.000138047
625,-0.000138059
626,-0.000138329
627,-0.000138573
628,-0.000138753
629,-0.000138925
630,-0.000139257
631,-0.000139525
632,-0.000139966
633,-0.000140253
634,-0.000140391
635,-0.000140611
636,-0.000141142
637,-0.000141431
638,-0.000141717
639,-0.000142085
640,-0.000142285
641,-0.000143064
642,-0.000143592
643,-0.000143755
644,-0.000143781
645,-0.000144266
646,-0.000144581
647,-0.000144697
648,-0.000145185
649,-0.000145469
650,-0.000145796
651,-0.000146058
652,-0.000146252
653,-0.000146841
654,-0.000147157
655,-0.000147258
656,-0.00014777
657,-0.000148114
658,-0.000148495
659,-0.000148723
660,-0.000148978
661,-0.000149195
662,-0.000149637
663,-0.000149925
664,-0.00015024
665,-0.000150458
666,-0.000150777
667,-0.000150999
668,-0.000151287
669,-0.000151499
670,-0.000151571
671,-0.00015173
672,-0.000152327
673,-0.000152492
674,-0.000152474
675,-0.000152714
676,-0.000152945
677,-0.000153104
678,-0.000153464
679,-0.000153641
680,-0.000153682
681,-0.000153788
682,-0.000154166
683,-0.000154516
684,-0.000154642
685,-0.000154841
686,-0.000155019
687,-0.000155311
688,-0.000155514
689,-0.000155712
690,-0.000155873
691,-0.000156139
692,-0.00015635
693,-0.000156568
694,-0.000156689
695,-0.000156845
696,-0.000157008
697,-0.000157101
698,-0.000157718
699,-0.000158056
700,-0.000158135
701,-0.000158208
702,-0.000158447
703,-0.000158661
704,-0.00015899
705,-0.000159192
706,-0.000159351
707,-0.000159496
708,-0.000159801
709,-0.000160019
710,-0.000160267
711,-0.000160508
712,-0.000160618
713,-0.00016098
714,-0.000161219
715,-0.000161418
716,-0.000161562
717,-0.000161618
718,-0.000161985
719,-0.000162197
720,-0.000162362
721,-0.000162498
722,-0.000162581
723,-0.000163002
724,-0.000163225
725,-0.00016333
726,-0.000163521
727,-0.000163639
728,-0.000164101
729,-0.000164369
730,-0.000164453
731,-0.000164537
732,-0.000164736
733,-0.000164948
734,-0.000165097
735,-0.000165451
736,-0.000165626
737,-0.000165653
738,-0.000165766
739,-0.000166146
740,-0.000166388
741,-0.000166535
742,-0.000166646
743,-0.000166791
744,-0.000166967
745,-0.000167282
746,-0.000167475
747,-0.000167558
748,-0.000167682
749,-0.00016796
750,-0.000168153
751,-0.000168227
752,-0.000168461
753,-0.000168606
754,-0.000168764
755,-0.0001689
756,-0.000169142
757,-0.000169316
758,-0.000169501
759,-0.000169692
760,-0.000169781
761,-0.000169877
762,-0.000170073
763,-0.000170403
764,-0.000170451
765,-0.000170429
766,-0.000170508
767,-0.000171038
768,-0.00017129
769,-0.000171206
770,-0.000171208
771,-0.000171465
772,-0.000171789
773,-0.000171916
774,-0.000172031
775,-0.000172141
776,-0.000172193
777,-0.000172468
778,-0.000172622
779,-0.000172669
780,-0.000172745
781,-0.000172917
782,-0.000173053
783,-0.000173146
784,-0.000173228
785,-0.000173257
786,-0.00017333
787,-0.000173425
788,-0.000173525
789,-0.000173579
790,-0.000173656
791,-0.000173657
792,-0.000173814
793,-0.000173919
794,-0.000173938
795,-0.000173997
796,-0.000174012
797,-0.000174236
798,-0.000174364
799,-0.000174347
800,-0.0001744
801,-0.000174383
802,-0.000174669
803,-0.000174893
804,-0.000174968
805,-0.000175015
806,-0.000175004
807,-0.000175059
808,-0.000175129
809,-0.000175278
810,-0.00017537
811,-0.00017545
812,-0.000175573
813,-0.000175652
814,-0.000175758
815,-0.000176723
816,-0.000177464
817,-0.000177304
818,-0.000177205
819,-0.000176859
820,-0.000176765
821,-0.000176625
822,-0.000176632
823,-0.000176758
824,-0.000176851
825,-0.000176953
826,-0.000177123
827,-0.000177217
828,-0.000177371
829,-0.000177527
830,-0.000177612
831,-0.000177741
832,-0.000177818
833,-0.00017796
834,-0.000178118
835,-0.000178204
836,-0.000178334
837,-0.00017848
838,-0.000178562
839,-0.000178627
840,-0.000178685
841,-0.000178814
842,-0.000178893
843,-0.000179023
844,-0.000179161
845,-0.000179233
846,-0.000179374
847,-0.00017945
848,-0.000179514
849,-0.000179623
850,-0.000179755
851,-0.000179828
852,-0.000179928
853,-0.000179989
854,-0.000180094
855,-0.000180157
856,-0.000180265
857,-0.000180327
858,-0.000180431
859,-0.000180493
860,-0.000180593
861,-0.000180652
862,-0.000180748
863,-0.000180806
864,-0.000180858
865,-0.000180943
866,-0.000181
867,-0.000181094
868,-0.00018115
869,-0.000181199
870,-0.000181276
871,-0.000181329
872,-0.000181404
873,-0.000181461
874,-0.000181551
875,-0.000181602
876,-0.000181666
877,-0.000181717
878,-0.000181765
879,-0.000181835
880,-0.000181883
881,-0.000181927
882,-0.000181989
883,-0.000182036
884,-0.000182107
885,-0.000182151
886,-0.000182215
887,-0.000182257
888,-0.000182318
889,-0.000182358
890,-0.000182418
891,-0.000182458
892,-0.000182504
893,-0.00018257
894,-0.000182608
895,-0.000182652
896,-0.000182709
897,-0.00018275
898,-0.000182785
899,-0.000182828
900,-0.000182866
901,-0.000182919
902,-0.000182954
903,-0.000183001
904,-0.000183063
905,-0.000183104
906,-0.000183132
907,-0.000183158
908,-0.000183183
909,-0.000183214
910,-0.000183248
911,-0.000183279
912,-0.000183316
913,-0.00018335
914,-0.000183394
915,-0.000183425
916,-0.000183451
917,-0.000183476
918,-0.000183505
919,-0.000183531
920,-0.000183558
921,-0.000183613
922,-0.000183649
923,-0.000183664
924,-0.000183683
925,-0.000183706
926,-0.000183729
927,-0.000183756
928,-0.000183801
929,-0.000183833
930,-0.000183841
931,-0.000183858
932,-0.000183873
933,-0.000183883
934,-0.000183908
935,-0.000183927
936,-0.000183964
937,-0.000183989
938,-0.000184009
939,-0.000184027
940,-0.00018404
941,-0.000184057
942,-0.000184069
943,-0.000184085
944,-0.000184083
945,-0.000184104
946,-0.000184126
947,-0.000184144
948,-0.000184153
949,-0.000184167
950,-0.000184295
951,-0.000184467
952,-0.000184362
953,-0.000184292
954,-0.000183905
955,-0.000183911
956,-0.000184028
957,-0.000184119
958,-0.000184187
959,-0.000184222
960,-0.000184256
961,-0.000184266
962,-0.000184284
963,-0.000184284
964,-0.000184291
965,-0.00018428
966,-0.000184284
967,-0.00018427
968,-0.000184273
969,-0.000184246
970,-0.00018425
971,-0.000184223
972,-0.000184231
973,-0.000184237
974,-0.000184208
975,-0.000184211
976,-0.00018421
977,-0.000184173
978,-0.000184173
979,-0.000184151
980,-0.000184149
981,-0.00018412
982,-0.000184115
983,-0.000184084
984,-0.000184079
985,-0.000184046
986,-0.000184041
987,-0.000184033
988,-0.000183986
989,-0.000183982
990,-0.000183977
991,-0.000183933
992,-0.000183929
993,-0.000183899
994,-0.000183884
995,-0.000183888
996,-0.000183828
997,-0.000183812
998,-0.000183797
999,-0.000183739
1000,-0.000183731
1001,-0.000183697
1002,-0.000183689
1003,-0.000183648
1004,-0.000183624
1005,-0.000183601
1006,-0.000183594
1007,-0.000183563
1008,-0.000183477
1009,-0.00018346
1010,-0.000183418
1011,-0.000183395
1012,-0.000183395
1013,-0.000183328
1014,-0.000183287
1015,-0.000183282
1016,-0.000183255
1017,-0.000183172
1018,-0.000183154
1019,-0.000183091
1020,-0.000183082
1021,-0.000183042
1022,-0.000183028
1023,-0.000183011
1024,-0.000182937
1025,-0.000182903
1026,-0.000182899
1027,-0.00018287
1028,-0.000182777
1029,-0.000182754
1030,-0.000182696
1031,-0.000182676
1032,-0.000182615
1033,-0.000182593
1034,-0.000182513
1035,-0.000182496
1036,-0.000182425
1037,-0.000182372
1038,-0.000182351
1039,-0.000182295
1040,-0.000182274
1041,-0.000182249
1042,-0.000182158
1043,-0.000182133
1044,-0.000182064
1045,-0.000182039
1046,-0.000181965
1047,-0.000181938
1048,-0.000181851
1049,-0.000181804
1050,-0.000181793
1051,-0.000181697
1052,-0.000181662
1053,-0.000181576
1054,-0.000181544
1055,-0.000181514
1056,-0.000181418
1057,-0.000181391
1058,-0.000181317
1059,-0.000181235
1060,-0.000181203
1061,-0.000181129
1062,-0.0001811
1063,-0.000181015
1064,-0.000180948
1065,-0.000180883
1066,-0.000180855
1067,-0.000180732
1068,-0.000180624
1069,-0.000180584
1070,-0.000180555
1071,-0.000180458
1072,-0.000180429
1073,-0.000180346
1074,-0.000180254
1075,-0.000180217
1076,-0.000180131
1077,-0.000180038
1078,-0.000179999
1079,-0.000179965
1080,-0.000179856
1081,-0.000179821
1082,-0.000179727
1083,-0.000179689
1084,-0.000179589
1085,-0.000179548
1086,-0.000179446
1087,-0.000179404
1088,-0.000179364
1089,-0.000179242
1090,-0.000179166
1091,-0.000179091
1092,-0.000179057
1093,-0.000178917
1094,-0.000178863
1095,-0.000178814
1096,-0.000178685
1097,-0.000178644
1098,-0.000178545
1099,-0.000178504
1100,-0.000178397
1101,-0.000178285
1102,-0.000178239
1103,-0.000178199
1104,-0.000178075
1105,-0.000177991
1106,-0.000177905
1107,-0.000177866
1108,-0.000177715
1109,-0.000177655
1110,-0.000177601
1111,-0.000177462
1112,-0.00017735
1113,-0.000177304
1114,-0.0001772
1115,-0.000177156
1116,-0.000177109
1117,-0.000176969
1118,0.0145186
1119,0.0212754
1120,0.0162262
1121,0.00648575
1122,0.000871071
1123,-0.00132449
1124,-0.00176545
1125,-0.00171665
1126,-0.00137236
1127,-0.00123368
1128,-0.00107404
1129,-0.0010194
1130,-0.000955439
1131,-0.000929737
1132,-0.000884583
1133,-0.000840765
1134,-0.000820049
1135,-0.000797595
1136,-0.000745336
1137,-0.000720619
1138,-0.000669718
1139,-0.000644137
1140,-0.000590996
1141,-0.000537081
1142,-0.00051093
1143,-0.000454106
1144,-0.000425609
1145,-0.000367427
1146,-0.000338278
1147,-0.00028514
1148,-0.000265133
1149,-0.000235543
1150,-0.000224727
1151,-0.000208662
1152,-0.000202786
1153,-0.000194008
1154,-0.000190788
1155,-0.000185924
1156,-0.000184132
1157,-0.000182652
1158,-0.000180341
1159,-0.000178765
1160,-0.000178175
1161,-0.000177159
1162,-0.000176427
1163,-0.000175876
1164,-0.000175425
1165,-0.000175043
1166,-0.000174712
1167,-0.000174574
1168,-0.00017442
1169,-0.000174104
1170,-0.000173987
1171,-0.000173758
1172,-0.000173659
1173,-0.000173429
1174,-0.000173342
1175,-0.000173132
1176,-0.000173051
1177,-0.000172848
1178,-0.00017277
1179,-0.000172589
1180,-0.000172507
1181,-0.000172426
1182,-0.000172318
1183,-0.000172215
1184,-0.000172034
1185,-0.000171966
1186,-0.000171805
1187,-0.000171686
1188,-0.000171608
1189,-0.00017155
1190,-0.00017138
1191,-0.000171311
1192,-0.000171162
1193,-0.000171027
1194,-0.000170973
1195,-0.000170793
1196,-0.000170713
1197,-0.000170548
1198,-0.000170474
1199,-0.000170406
1200,-0.000170227
1201,-0.000170093
1202,-0.000170038
1203,-0.000169857
1204,-0.0001697
1205,-0.000169638
1206,-0.000169554
1207,-0.000169347
1208,-0.000169268
1209,-0.000169104
1210,-0.000168935
1211,-0.00016886
1212,-0.000168696
1213,-0.000168618
1214,-0.000168444
1215,-0.000168362
1216,-0.000168183
1217,-0.0001681
1218,-0.000167921
1219,-0.000167837
1220,-0.00016776
1221,-0.000167557
1222,-0.000167402
1223,-0.000167338
1224,-0.000167134
1225,-0.000167041
1226,-0.000166957
1227,-0.000166745
1228,-0.00016666
1229,-0.000166477
1230,-0.000166274
1231,-0.00016618
1232,-0.00016595
1233,-0.00016574
1234,-0.000165652
1235,-0.000165531
1236,-0.000165242
1237,-0.000165131
1238,-0.000164879
1239,-0.000164684
1240,-0.000164605
1241,-0.000164353
1242,-0.000164242
1243,-0.000164001
1244,-0.000163896
1245,-0.000163667
1246,-0.000163566
1247,-0.000163341
1248,-0.000163242
1249,-0.000163019
1250,-0.000162823
1251,-0.000162744
1252,-0.000162635
1253,-0.000162373
1254,-0.000162273
1255,-0.00016206
1256,-0.000161966
1257,-0.000161753
1258,-0.000161658
1259,-0.000161444
1260,-0.000161349
1261,-0.000161135
1262,-0.00016104
1263,-0.000160947
1264,-0.000160712
1265,-0.00016062
1266,-0.000160506
1267,-0.000160293
1268,-0.00016021
1269,-0.000159996
1270,-0.000159911
1271,-0.000159713
1272,-0.000159622
1273,-0.00015941
1274,-0.000159315
1275,-0.000159101
1276,-0.000158912
1277,-0.00015873
1278,-0.000158645
1279,-0.000158531
1280,-0.000158268
1281,-0.000158168
1282,-0.000157956
1283,-0.000157747
1284,-0.000157655
1285,-0.000157445
1286,-0.00015735
1287,-0.000157131
1288,-0.000157033
1289,-0.000156811
1290,-0.000156713
1291,-0.000156492
1292,-0.000156274
1293,-0.000156178
1294,-0.000155963
1295,-0.000155867
1296,-0.000155646
1297,-0.000155547
1298,-0.000155448
1299,-0.000155206
1300,-0.00015511
1301,-0.000154896
1302,-0.0001548
1303,-0.000154581
1304,-0.000154483
1305,-0.000154262
1306,-0.000154043
1307,-0.000153947
1308,-0.000153852
1309,-0.000153614
1310,-0.000153519
1311,-0.000153303
1312,-0.000153205
1313,-0.000152983
1314,-0.000152764
1315,-0.000152667
1316,-0.00015257
1317,-0.000152331
1318,-0.000152235
1319,-0.000152003
1320,-0.00015191
1321,-0.000151683
1322,-0.00015159
1323,-0.000151377
1324,-0.000151159
1325,-0.000151062
1326,-0.000150839
1327,-0.000150738
1328,-0.000150511
1329,-0.000150409
1330,-0.000150181
1331,-0.000150079
1332,-0.000149852
1333,-0.00014965
1334,-0.000149565
1335,-0.000149317
1336,-0.000149207
1337,-0.000148973
1338,-0.000148869
1339,-0.000148642
1340,-0.00014854
1341,-0.000148314
1342,-0.00014811
1343,-0.000148025
1344,-0.000147912
1345,-0.000147645
1346,-0.000147539
1347,-0.000147438
1348,-0.000147193
1349,-0.000147094
1350,-0.00014686
1351,-0.000146763
1352,-0.000146545
1353,-0.000146341
1354,-0.000146254
1355,-0.000145999
1356,-0.000145886
1357,-0.000145776
1358,-0.000145519
1359,-0.000145315
1360,-0.000145229
1361,-0.00014498
1362,-0.000144868
1363,-0.00014476
1364,-0.000144503
1365,-0.000144399
1366,-0.000144173
1367,-0.000143946
1368,-0.000143845
1369,-0.000143614
1370,-0.000143508
1371,-0.000143272
1372,-0.000143164
1373,-0.000142926
1374,-0.000142711
1375,-0.00014262
1376,-0.000142502
1377,-0.000142227
1378,-0.000142117
1379,-0.000141883
1380,-0.000141777
1381,-0.000141542
1382,-0.000141434
1383,-0.000141197
1384,-0.000141088
1385,-0.00014085
1386,-0.000140741
1387,-0.000140501
1388,-0.000140284
1389,-0.000140191
1390,-0.00013993
1391,-0.000139812
1392,-0.000139565
1393,-0.000139452
1394,-0.000139212
1395,-0.000139101
1396,-0.000138994
1397,-0.000138733
1398,-0.000138504
1399,-0.000138401
1400,-0.000138163
1401,-0.000138053
1402,-0.000137809
1403,-0.000137696
1404,-0.000137451
1405,-0.000137227
1406,-0.00013701
1407,-0.000136906
1408,-0.000136627
1409,-0.000136504
1410,-0.000136387
1411,-0.000136118
1412,-0.000136008
1413,-0.000135771
1414,-0.000135661
1415,-0.000135419
1416,-0.000135306
1417,-0.000135061
1418,-0.000134836
1419,-0.000134739
1420,-0.000134616
1421,-0.000134331
1422,-0.000134214
1423,-0.000134103
1424,-0.000133834
1425,-0.000133723
1426,-0.00013326
1427,-0.000132899
1428,-0.000132292
1429,-0.000131655
1430,-0.000131094
1431,-0.000130796
1432,-0.000130163
1433,-0.000129952
1434,-0.000129576
1435,-0.00012924
1436,-0.000129007
1437,-0.000128729
1438,-0.000128453
1439,-0.000128197
1440,-0.000127951
1441,-0.000127707
1442,-0.000127463
1443,-0.000127102
1444,-0.000126878
1445,-0.000126615
1446,-0.000126214
1447,-0.000126109
1448,-0.000125665
1449,-0.000125552
1450,-0.00012529
1451,-0.000125039
1452,-0.000124784
1453,-0.000124427
1454,-0.000124207
1455,-0.000123939
1456,-0.000123527
1457,-0.000123268
1458,-0.000122995
1459,-0.000122727
1460,-0.000122464
1461,-0.000122344
1462,-0.000121912
1463,-0.0001218
1464,-0.000121517
1465,-0.000121268
1466,-0.000120888
1467,-0.000120664
1468,-0.000120405
1469,-0.00012012
1470,-0.00011984
1471,-0.000119567
1472,-0.000119297
1473,-0.00011903
1474,-0.000118763
1475,-0.000118495
1476,-0.000118227
1477,-0.000118103
1478,-0.000117658
1479,-0.000117428
1480,-0.000117173
1481,-0.00011689
1482,-0.00011676
1483,-0.000116303
1484,-0.000116052
1485,-0.000115795
1486,-0.0001154
1487,-0.000115135
1488,-0.000114845
1489,-0.000114558
1490,-0.000114278
1491,-0.000114
1492,-0.000113724
1493,-0.000113448
1494,-0.000113172
1495,-0.000112895
1496,-0.000112489
1497,-0.000112238
1498,-0.000111949
1499,-0.000111645
1500,-0.000111354
1501,-0.000111072
1502,-0.000110793
1503,-0.000110514
1504,-0.000110234
1505,-0.000109824
1506,-0.000109708
1507,-0.000109231
1508,-0.000108958
1509,-0.000108835
1510,-0.000108371
1511,-0.000108125
1512,-0.000107854
1513,-0.000107554
1514,-0.000107259
1515,-0.000106967
1516,-0.000106679
1517,-0.000106392
1518,-0.000106105
1519,-0.000105684
1520,-0.000105423
1521,-0.000105124
1522,-0.00010481
1523,-0.000104508
1524,-0.000104215
1525,-0.000103926
1526,-0.000103637
1527,-0.000103348
1528,-0.000103057
1529,-0.000102921
1530,-0.00010259
1531,-0.0001023
1532,-0.000102028
1533,-0.000101745
1534,-0.000101454
1535,-0.000101158
1536,-0.00010102
1537,-0.000100682
1538,-0.000100532
1539,-0.000100224
1540,-0.000100083
1541,-9.97847e-05
1542,-9.9485e-05
1543,-9.93463e-05
1544,-9.92116e-05
1545,-9.88934e-05
1546,-9.87563e-05
1547,-9.86058e-05
1548,-9.82962e-05
1549,-9.8162e-05
1550,-9.78573e-05
1551,-9.77208e-05
1552,-9.74224e-05
1553,-9.72808e-05
1554,-9.69732e-05
1555,-9.68287e-05
1556,-9.65191e-05
1557,-9.63742e-05
1558,-9.60648e-05
1559,-9.59199e-05
1560,-9.56105e-05
1561,-9.54654e-05
1562,-9.5323e-05
1563,-9.49925e-05
1564,-9.48504e-05
1565,-9.45465e-05
1566,-9.4403e-05
1567,-9.40937e-05
1568,-9.3948e-05
1569,-9.36361e-05
1570,-9.34895e-05
1571,-9.31768e-05
1572,-9.28855e-05
1573,-9.27552e-05
1574,-9.24207e-05
1575,-9.21171e-05
1576,-9.18261e-05
1577,-9.16864e-05
1578,-9.13384e-05
1579,-9.10293e-05
1580,-9.07371e-05
1581,-9.05973e-05
1582,-9.04343e-05
1583,-9.00746e-05
1584,-8.97786e-05
1585,-8.96481e-05
1586,-8.93157e-05
1587,-8.91616e-05
1588,-8.88397e-05
1589,-8.86894e-05
1590,-8.83723e-05
1591,-8.8077e-05
1592,-8.79447e-05
1593,-8.7605e-05
1594,-8.72961e-05
1595,-8.69997e-05
1596,-8.6857e-05
1597,-8.6691e-05
1598,-8.63251e-05
1599,-8.60232e-05
1600,-8.57332e-05
1601,-8.55925e-05
1602,-8.52403e-05
1603,-8.50788e-05
1604,-8.49247e-05
1605,-8.45781e-05
1606,-8.4284e-05
1607,-8.41518e-05
1608,-8.38124e-05
1609,-8.35009e-05
1610,-8.33625e-05
1611,-8.30155e-05
1612,-8.28551e-05
1613,-8.25237e-05
1614,-8.22187e-05
1615,-8.20822e-05
1616,-8.17362e-05
1617,-8.15755e-05
1618,-8.12427e-05
1619,-8.1087e-05
1620,-8.07603e-05
1621,-8.04428e-05
1622,-8.0297e-05
1623,-7.99648e-05
1624,-7.98082e-05
1625,-7.94768e-05
1626,-7.91536e-05
1627,-7.90049e-05
1628,-7.86707e-05
1629,-7.85131e-05
1630,-7.81803e-05
1631,-7.8023e-05
1632,-7.76912e-05
1633,-7.73812e-05
1634,-7.70768e-05
1635,-7.69284e-05
1636,-7.65622e-05
1637,-7.6394e-05
1638,-7.60523e-05
1639,-7.57391e-05
1640,-7.55988e-05
1641,-7.5246e-05
1642,-7.50815e-05
1643,-7.49233e-05
1644,-7.45655e-05
1645,-7.42452e-05
1646,-7.40972e-05
1647,-7.37627e-05
1648,-7.34478e-05
1649,-7.33053e-05
1650,-7.29459e-05
1651,-7.27785e-05
1652,-7.26177e-05
1653,-7.22554e-05
1654,-7.20977e-05
1655,-7.17672e-05
1656,-7.16094e-05
1657,-7.14549e-05
1658,-7.10972e-05
1659,-7.094e-05
1660,-7.06079e-05
1661,-7.02797e-05
1662,-7.01272e-05
1663,-6.97828e-05
1664,-6.94604e-05
1665,-6.91442e-05
1666,-6.89902e-05
1667,0.00209156
1668,0.00165944
1669,0.000767649
1670,0.000356862
1671,0.000190664
1672,8.80273e-05
1673,5.32942e-05
1674,7.39883e-06
1675,-8.30202e-06
1676,-2.99867e-05
1677,-4.34809e-05
1678,-4.82065e-05
1679,-5.47102e-05
1680,-5.69332e-05
1681,-5.86688e-05
1682,-6.09516e-05
1683,-6.17027e-05
1684,-6.22588e-05
1685,-6.28703e-05
1686,-6.31081e-05
1687,-6.31376e-05
1688,-6.30314e-05
1689,-6.29401e-05
1690,-6.26789e-05
1691,-6.25374e-05
1692,-6.22145e-05
1693,-6.2055e-05
1694,-6.1714e-05
1695,-6.15509e-05
1696,-6.12002e-05
1697,-6.10428e-05
1698,-6.07161e-05
1699,-6.05613e-05
1700,-6.02375e-05
1701,-6.00849e-05
1702,-5.97676e-05
1703,-5.96182e-05
1704,-5.93074e-05
1705,-5.91608e-05
1706,-5.88547e-05
1707,-5.85447e-05
1708,-5.83992e-05
1709,-5.81067e-05
1710,-5.79662e-05
1711,-5.76664e-05
1712,-5.73688e-05
1713,-5.72304e-05
1714,-5.69227e-05
1715,-5.67763e-05
1716,-5.64669e-05
1717,-5.63192e-05
1718,-5.61756e-05
1719,-5.58436e-05
1720,-5.55555e-05
1721,-5.54241e-05
1722,-5.50904e-05
1723,-5.47676e-05
1724,-5.46193e-05
1725,-5.4467e-05
1726,-5.41192e-05
1727,-5.39659e-05
1728,-5.36431e-05
1729,-5.34876e-05
1730,-5.33358e-05
1731,-5.29833e-05
1732,-5.26622e-05
1733,-5.23556e-05
1734,-5.22107e-05
1735,-5.18475e-05
1736,-5.16765e-05
1737,-5.15124e-05
1738,-5.11422e-05
1739,-5.09792e-05
1740,-5.06392e-05
1741,-5.04753e-05
1742,-5.01292e-05
1743,-4.99625e-05
1744,-4.96122e-05
1745,-4.94438e-05
1746,-4.90819e-05
1747,-4.89154e-05
1748,-4.85663e-05
1749,-4.83975e-05
1750,-4.80414e-05
1751,-4.77037e-05
1752,-4.75493e-05
1753,-4.71673e-05
1754,-4.68031e-05
1755,-4.66363e-05
1756,-4.64634e-05
1757,-4.60739e-05
1758,-4.59016e-05
1759,-4.57354e-05
1760,-4.53539e-05
1761,-4.51836e-05
1762,-4.48262e-05
1763,-4.46534e-05
1764,-4.42895e-05
1765,-4.3944e-05
1766,-4.37859e-05
1767,-4.33964e-05
1768,-4.32125e-05
1769,-4.28369e-05
1770,-4.26583e-05
1771,-4.24867e-05
1772,-4.20964e-05
1773,-4.19226e-05
1774,-0.0129971
1775,-0.00887777
1776,-0.00708466
1777,-0.00310586
1778,-0.00186755
1779,-0.000973112
1780,-0.000744346
1781,-0.000440387
1782,-0.000338335
1783,-0.000200568
1784,-0.000118861
1785,-9.15118e-05
1786,-7.09292e-05
1787,-4.38491e-05
1788,-3.5035e-05
1789,-2.37041e-05
1790,-2.02087e-05
1791,-1.6045e-05
1792,-1.49029e-05
1793,-1.3817e-05
1794,-1.36521e-05
1795,-1.37855e-05
1796,-1.42225e-05
1797,-1.44896e-05
1798,-1.51353e-05
1799,-1.5454e-05
1800,-1.57633e-05
1801,-1.63447e-05
1802,-1.68375e-05
1803,-1.72909e-05
1804,-1.75071e-05
1805,-1.78861e-05
1806,-1.80509e-05
1807,-1.83304e-05
1808,-1.84497e-05
1809,-1.86476e-05
1810,-1.88065e-05
1811,-1.88757e-05
1812,-1.89538e-05
1813,-1.89816e-05
1814,-1.90071e-05
1815,-1.90033e-05
1816,-1.89998e-05
1817,-1.89634e-05
1818,-1.88973e-05
1819,-1.88059e-05
1820,-1.87543e-05
1821,-1.86093e-05
1822,-1.85321e-05
1823,-1.83538e-05
1824,-1.82608e-05
1825,-1.81704e-05
1826,-1.79343e-05
1827,-1.78257e-05
1828,-1.75878e-05
1829,-1.73382e-05
1830,-1.72177e-05
1831,-1.7087e-05
1832,-1.67738e-05
1833,-1.64935e-05
1834,-1.62082e-05
1835,-1.60636e-05
1836,-1.58976e-05
1837,-1.55238e-05
1838,-1.51996e-05
1839,-1.505e-05
1840,-1.46852e-05
1841,-1.45084e-05
1842,-1.41459e-05
1843,-1.3962e-05
1844,-1.35987e-05
1845,-1.32509e-05
1846,-1.30884e-05
1847,-1.26945e-05
1848,-1.23232e-05
1849,-1.21524e-05
1850,-1.17473e-05
1851,-1.15532e-05
1852,-1.11603e-05
1853,-1.09701e-05
1854,-1.05811e-05
1855,-1.03914e-05
1856,-1.0001e-05
1857,-9.62691e-06
1858,-9.45295e-06
1859,-9.03802e-06
1860,-8.64935e-06
1861,-8.4709e-06
1862,-8.05237e-06
1863,-7.66226e-06
1864,-7.44887e-06
1865,-7.04579e-06
1866,-6.85467e-06
1867,-6.67181e-06
1868,-6.25701e-06
1869,-6.06732e-06
1870,-5.67562e-06
1871,-5.48354e-06
1872,-5.08624e-06
1873,-4.6959e-06
1874,-4.31984e-06
1875,-4.13863e-06
1876,-3.71258e-06
1877,-3.50931e-06
1878,-3.31655e-06
1879,-2.89091e-06
1880,-2.50504e-06
1881,-2.13404e-06
1882,-1.95486e-06
1883,-1.53138e-06
1884,-1.32884e-06
1885,-1.1365e-06
1886,-7.11294e-07
1887,-3.25529e-07
1888,4.55074e-08
1889,2.2477e-07
1890,6.48309e-07
1891,8.50955e-07
1892,1.25874e-06
1893,1.45539e-06
1894,1.64297e-06
1895,2.06343e-06
1896,2.25493e-06
1897,2.64782e-06
1898,3.03542e-06
1899,3.41065e-06
1900,3.59199e-06
1901,3.79363e-06
1902,4.23617e-06
1903,4.43461e-06
1904,4.83381e-06
1905,5.02802e-06
1906,5.42649e-06
1907,5.62121e-06
1908,6.02111e-06
1909,6.21641e-06
1910,6.61712e-06
1911,6.81276e-06
1912,7.21396e-06
1913,7.40982e-06
1914,0.00124889
1915,0.000802153
1916,0.000407611
1917,0.000211112
1918,7.97689e-05
1919,3.68341e-05
1920,2.37863e-05
1921,1.9195e-05
1922,1.825e-05
1923,1.66639e-05
1924,1.60719e-05
1925,1.6e-05
1926,1.60797e-05
1927,1.61625e-05
1928,1.63825e-05
1929,1.65059e-05
1930,1.67846e-05
1931,1.69301e-05
1932,1.72442e-05
1933,1.75681e-05
1934,1.77245e-05
1935,1.78872e-05
1936,1.82557e-05
1937,1.84249e-05
1938,1.87739e-05
1939,1.89456e-05
1940,1.93003e-05
1941,1.96514e-05
1942,1.98176e-05
1943,2.01842e-05
1944,2.03627e-05
1945,2.09068e-05
1946,2.10744e-05
1947,2.12393e-05
1948,2.1639e-05
1949,2.19931e-05
1950,2.21577e-05
1951,2.23411e-05
1952,2.27487e-05
1953,2.31174e-05
1954,2.32907e-05
1955,2.36741e-05
1956,2.38612e-05
1957,2.4245e-05
1958,2.46128e-05
1959,2.49758e-05
1960,2.5156e-05
1961,2.55756e-05
1962,2.57759e-05
1963,2.61757e-05
1964,2.65534e-05
1965,2.69239e-05
1966,2.71075e-05
1967,2.731e-05
1968,2.77516e-05
1969,2.79499e-05
1970,2.83474e-05
1971,2.87377e-05
1972,2.91146e-05
1973,2.92972e-05
1974,2.94998e-05
1975,2.99457e-05
1976,3.03371e-05
1977,3.07007e-05
1978,3.07418e-05
1979,3.0862e-05
1980,3.10214e-05
1981,3.14505e-05
1982,3.19549e-05
1983,3.22002e-05
1984,3.27619e-05
1985,3.30257e-05
1986,3.35296e-05
1987,3.37671e-05
1988,3.42307e-05
1989,3.44528e-05
1990,3.46629e-05
1991,3.51235e-05
1992,3.53331e-05
1993,3.57723e-05
1994,3.59734e-05
1995,3.63859e-05
1996,3.6589e-05
1997,3.70066e-05
1998,3.74073e-05
1999,3.75943e-05
2000,3.80317e-05
2001,3.84418e-05
2002,3.86309e-05
2003,3.90678e-05
2004,3.92776e-05
2005,3.94763e-05
2006,3.99151e-05
2007,4.01155e-05
2008,4.05293e-05
2009,4.07277e-05
2010,4.11356e-05
2011,4.13368e-05
2012,4.15305e-05
2013,4.1967e-05
2014,4.23596e-05
2015,4.27482e-05
2016,4.29415e-05
2017,4.33896e-05
2018,4.36038e-05
2019,4.40301e-05
2020,4.42365e-05
2021,4.44325e-05
2022,4.48708e-05
2023,4.52731e-05
2024,4.54637e-05
2025,4.58878e-05
2026,4.62933e-05
2027,4.64823e-05
2028,4.66912e-05
2029,4.71499e-05
2030,4.73577e-05
2031,4.77753e-05
2032,4.81757e-05
2033,4.83631e-05
2034,4.85709e-05
2035,4.90293e-05
2036,4.92374e-05
2037,4.9656e-05
2038,4.98611e-05
2039,5.02864e-05
2040,5.06945e-05
2041,5.0888e-05
2042,5.13187e-05
2043,5.15288e-05
2044,5.19559e-05
2045,5.21644e-05
2046,5.25886e-05
2047,5.27963e-05
2048,5.29949e-05
2049,5.34403e-05
2050,5.3645e-05
2051,5.38407e-05
2052,5.42819e-05
2053,5.44856e-05
2054,5.46811e-05
2055,5.51227e-05
2056,5.55226e-05
2057,5.57108e-05
2058,5.61539e-05
2059,5.63686e-05
2060,5.68071e-05
2061,5.7214e-05
2062,5.74039e-05
2063,5.78487e-05
2064,5.80639e-05
2065,5.84966e-05
2066,5.87071e-05
2067,5.91335e-05
2068,5.93423e-05
2069,5.97677e-05
2070,5.99764e-05
2071,6.04021e-05
2072,6.06112e-05
2073,6.10374e-05
2074,6.14556e-05
2075,6.16532e-05
2076,6.20906e-05
2077,6.23036e-05
2078,6.27351e-05
2079,6.2946e-05
2080,6.31472e-05
2081,6.35972e-05
2082,6.40017e-05
2083,6.41916e-05
2084,6.46369e-05
2085,6.48529e-05
2086,6.5303e-05
2087,6.57054e-05
2088,6.61042e-05
2089,6.63031e-05
2090,6.67631e-05
2091,6.71911e-05
2092,6.7602e-05
2093,6.78038e-05
2094,6.8264e-05
2095,6.86908e-05
2096,6.91005e-05
2097,6.95203e-05
2098,6.97254e-05
2099,7.01896e-05
2100,7.06176e-05
2101,7.10271e-05
2102,7.12282e-05
2103,7.1687e-05
2104,7.21132e-05
2105,7.23093e-05
2106,7.27591e-05
2107,7.31811e-05
2108,7.35896e-05
2109,7.40102e-05
2110,7.44383e-05
2111,7.48694e-05
2112,7.50779e-05
2113,7.55444e-05
2114,7.59732e-05
2115,7.61698e-05
2116,7.66194e-05
2117,7.70411e-05
2118,7.74497e-05
2119,7.76513e-05
2120,7.81123e-05
2121,7.85406e-05
2122,7.89521e-05
2123,7.91544e-05
2124,7.96158e-05
2125,8.00527e-05
2126,8.04731e-05
2127,8.08884e-05
2128,8.10884e-05
2129,8.15479e-05
2130,8.19766e-05
2131,8.21744e-05
2132,8.26277e-05
2133,8.30612e-05
2134,8.32637e-05
2135,8.39213e-05
2136,8.41239e-05
2137,8.45558e-05
2138,8.49817e-05
2139,8.51794e-05
2140,8.56359e-05
2141,8.6072e-05
2142,8.64856e-05
2143,8.69029e-05
2144,8.71081e-05
2145,8.75754e-05
2146,8.8008e-05
2147,8.82068e-05
2148,8.8661e-05
2149,8.90869e-05
2150,8.94991e-05
2151,8.97025e-05
2152,9.01666e-05
2153,9.06062e-05
2154,9.08105e-05
2155,9.12549e-05
2156,9.14709e-05
2157,9.19068e-05
2158,9.21203e-05
2159,9.23238e-05
2160,9.27791e-05
2161,9.29891e-05
2162,9.34166e-05
2163,9.38305e-05
2164,9.40254e-05
2165,9.44805e-05
2166,9.47011e-05
2167,9.491e-05
2168,9.53712e-05
2169,9.5583e-05
2170,9.60122e-05
2171,9.62241e-05
2172,9.64271e-05
2173,9.68832e-05
2174,9.72955e-05
2175,9.74896e-05
2176,9.79431e-05
2177,9.83807e-05
2178,9.85858e-05
2179,9.90345e-05
2180,9.92527e-05
2181,9.96927e-05
2182,9.9908e-05
2183,0.000100113
2184,0.000100571
2185,0.000100782
2186,0.000101212
2187,0.000101424
2188,0.000101859
2189,0.000102286
2190,0.000102488
2191,0.000102935
2192,0.000103154
2193,0.000103595
2194,0.000103811
2195,0.000104254
2196,0.000104467
2197,0.00010467
2198,0.000105127
2199,0.00010554
2200,0.000105734
2201,0.000106189
2202,0.000106628
2203,0.000106834
2204,0.000107284
2205,0.000107503
2206,0.000107944
2207,0.00010816
2208,0.000108366
2209,0.000108825
2210,0.000109037
2211,0.000109468
2212,0.000109681
2213,0.000109885
2214,0.000110343
2215,0.000110555
2216,0.000110987
2217,0.0001112
2218,0.000111636
2219,0.000112057
2220,0.000112255
2221,0.000112472
2222,0.00011295
2223,0.000113167
2224,0.000113373
2225,0.00011383
2226,0.000114042
2227,0.000114478
2228,0.000114689
2229,0.000115122
2230,0.000115541
2231,0.000115739
2232,0.000116198
2233,0.000116421
2234,0.000116867
2235,0.000117085
2236,0.000117291
2237,0.000117752
2238,0.000118175
2239,0.000118593
2240,0.000118799
2241,0.000119254
2242,0.000119475
2243,0.00011992
2244,0.000120137
2245,0.000120576
2246,0.000121006
2247,0.000121209
2248,0.000121658
2249,0.000121877
2250,0.000122085
2251,0.000122548
2252,0.000122762
2253,0.000122965
2254,0.00012342
2255,0.000123632
2256,0.000123834
2257,0.00012429
2258,0.000124501
2259,0.000124933
2260,0.00012536
2261,0.000125563
2262,0.000125776
2263,0.000126246
2264,0.000126463
2265,0.000126899
2266,0.000127114
2267,0.000127551
2268,0.000127767
2269,0.000128206
2270,0.000128628
2271,0.000128826
2272,0.000129044
2273,0.000129522
2274,0.00012974
2275,0.000130176
2276,0.000130604
2277,0.000130806
2278,0.000131018
2279,0.000131488
2280,0.000131908
2281,0.000132129
2282,0.000132572
2283,0.00013279
2284,0.000132996
2285,0.000133457
2286,0.00013367
2287,0.000134102
2288,0.000134521
2289,0.000134935
2290,0.000135142
2291,0.000135366
2292,0.000135853
2293,0.000136279
2294,0.000136477
2295,0.000136933
2296,0.000137154
2297,0.000137603
2298,0.000137818
2299,0.000138022
2300,0.00013848
2301,0.000138692
2302,0.000138894
2303,0.00013935
2304,0.000139562
2305,0.000139993
2306,0.00014042
2307,0.000140623
2308,0.000141073
2309,0.000141293
2310,0.000141737
2311,0.000141954
2312,0.000142161
2313,0.000142623
2314,0.000142836
2315,0.000143268
2316,0.000143687
2317,0.000143884
2318,0.000144343
2319,0.000144566
2320,0.000144777
2321,0.000145242
2322,0.000145666
2323,0.000145867
2324,0.000146077
2325,0.000146545
2326,0.00014676
2327,0.000147194
2328,0.000147614
2329,0.000147811
2330,0.000148028
2331,0.000148505
2332,0.000148723
2333,0.000149164
2334,0.00014958
2335,0.000149775
2336,0.000150232
2337,0.000150454
2338,0.000150664
2339,0.000151129
2340,0.000151342
2341,0.000151545
2342,0.000152
2343,0.000152212
2344,0.000152642
2345,0.00015306
2346,0.000153257
2347,0.000153716
2348,0.000153938
2349,0.000154383
2350,0.000154807
2351,0.000155005
2352,0.000155463
2353,0.000155685
2354,0.000156129
2355,0.000156346
2356,0.000156551
2357,0.00015701
2358,0.000157222
2359,0.000157653
2360,0.000157866
2361,0.000158516
2362,0.000158719
2363,0.000158906
2364,0.000159386
2365,0.000159812
2366,0.000160227
2367,0.000160432
2368,0.000160901
2369,0.000161126
2370,0.000161571
2371,0.000161788
2372,0.000162224
2373,0.000162439
2374,0.000162873
2375,0.000163087
2376,0.000163522
2377,0.000163736
2378,0.000164172
2379,0.000164387
2380,0.000164827
2381,0.00016504
2382,0.000165243
2383,0.000165699
2384,0.000165911
2385,0.000166341
2386,0.000166554
2387,0.000166988
2388,0.000167408
2389,0.000167605
2390,0.000167821
2391,0.000168297
2392,0.000168514
2393,0.000168948
2394,0.000169161
2395,0.000169595
2396,0.000169809
2397,0.000170243
2398,0.000170458
2399,0.000170893
2400,0.000171107
2401,0.000171542
2402,0.000171756
2403,0.000172191
2404,0.000172406
2405,0.00017284
2406,0.000173055
2407,0.000173489
2408,0.000173704
2409,0.000175131
2410,0.000175947
2411,0.000177432
2412,0.000178132
2413,0.00017866
2414,0.00017866
2415,0.000179971
2416,0.000180274
2417,0.000180401
2418,0.00018088
2419,0.000181107
2420,0.000181548
2421,0.000181761
2422,0.000182184
2423,0.000182392
2424,0.000182819
2425,0.000183026
2426,0.000183447
2427,0.000183863
2428,0.000184061
2429,0.000184268
2430,0.00018473
2431,0.000185142
2432,0.000185335
2433,0.000185784
2434,0.000186002
2435,0.000186438
2436,0.000186652
2437,0.000187083
2438,0.000187496
2439,0.000187689
2440,0.00018814
2441,0.000188359
2442,0.000188564
2443,0.00018902
2444,0.00018923
2445,0.000189653
2446,0.000190063
2447,0.000190468
2448,0.000190669
2449,0.000190889
2450,0.000192143
2451,0.000192886
2452,0.000192843
2453,0.000196038
2454,0.000197878
2455,0.000201744
2456,0.000204627
2457,0.000210794
2458,0.000214831
2459,0.00022325
2460,0.000228399
2461,0.00023901
2462,0.000245248
2463,0.000258245
2464,0.000272097
2465,0.000278989
2466,0.000295988
2467,0.000305373
2468,0.000313988
2469,0.000334725
2470,0.000345293
2471,0.000366703
2472,0.000378177
2473,0.000388955
2474,0.000414256
2475,0.000427157
2476,0.000453349
2477,0.000467225
2478,0.000495525
2479,0.000510459
2480,0.000540627
2481,0.000571934
2482,0.000587532
2483,0.000621872
2484,0.000639886
2485,0.000675898
2486,0.000694726
2487,0.000712763
2488,0.000752367
2489,0.000791532
2490,0.000811002
2491,0.000831147
2492,0.00087506
2493,0.000897134
2494,0.00094108
2495,0.000963882
2496,0.00100961
2497,0.00103334
2498,0.0010809
2499,0.00110553
2500,0.00115488
2501,0.00118039
2502,0.00123149
2503,0.00125786
2504,0.00131086
2505,0.00136442
2506,0.00139105
2507,0.00144723
2508,0.00147609
2509,0.0015336
2510,0.00156308
2511,0.0016219
2512,0.00165207
2513,0.00168142
2514,0.00174347
2515,0.00177458
2516,0.00183661
2517,0.00189963
2518,0.00193104
2519,0.00199606
2520,0.00202928
2521,0.00209547
2522,0.00212925
2523,0.00219656
2524,0.00223093
2525,0.00229945
2526,0.00233442
2527,0.00240435
2528,0.00243987
2529,0.00247452
2530,0.00254701
2531,0.00261861
2532,0.00269014
2533,0.00272628
2534,0.00280117
2535,0.00283917
2536,0.00291446
2537,0.00295265
2538,0.0030285
2539,0.00306702
2540,0.00314365
2541,0.00318257
2542,0.00322056
2543,0.00329955
2544,0.00333896
2545,0.00341723
2546,0.00349578
2547,0.00353505
2548,0.00361516
2549,0.00365577
2550,0.0037363
2551,0.00377706
2552,0.00385794
2553,0.0038989
2554,0.00393887
2555,0.00402163
2556,0.00406286
2557,0.00414458
2558,0.00418596
2559,0.00422637
2560,0.00431001
2561,0.00435165
2562,0.00443417
2563,0.00451667
2564,0.00459863
2565,0.00463977
2566,0.00472416
2567,0.00480803
2568,0.0048493
2569,0.00493357
2570,0.00497603
2571,0.00501756
2572,0.00510241
2573,0.00514453
2574,0.00522772
2575,0.00526971
2576,0.00535289
2577,0.00543599
2578,0.00547703
2579,0.00556046
2580,0.0056025
2581,0.00564337
2582,0.00572742
2583,0.00576907
2584,0.0058512
2585,0.00589258
2586,0.00597438
2587,0.00605591
2588,0.0060961
2589,0.00617768
2590,0.00621872
2591,0.00629955
2592,0.00637963
2593,0.00641894
2594,0.00649918
2595,0.00653949
2596,0.00661871
2597,0.00665849
2598,0.00673672
2599,0.00677603
2600,0.00681414
2601,0.00689247
2602,0.00693117
2603,0.00700719
2604,0.0070454
2605,0.00708242
2606,0.00715859
2607,0.0071962
2608,0.00726999
2609,0.00730706
2610,0.00737992
2611,0.00741651
2612,0.00748836
2613,0.00752443
2614,0.00759516
2615,0.00762984
2616,0.00769978
2617,0.00773481
2618,0.00780333
2619,0.00783765
2620,0.00790474
2621,0.00793837
2622,0.0079707
2623,0.00803723
2624,0.00806991
2625,0.00813379
2626,0.00819653
2627,0.00822711
2628,0.00825751
2629,0.00832017
2630,0.00835083
2631,0.00841029
2632,0.00844003
2633,0.00849791
2634,0.00855453
2635,0.00858191
2636,0.00863781
2637,0.00866572
2638,0.00869222
2639,0.00874672
2640,0.00879839
2641,0.00882323
2642,0.00887392
2643,0.00889921
2644,0.00894791
2645,0.00899504
2646,0.00904012
2647,0.00908445
2648,0.00912792
2649,0.00914918
2650,0.00919232
2651,0.00923342
2652,0.00925279
2653,0.00929208
2654,0.00931156
2655,0.00932955
2656,0.00936683
2657,0.0093847
2658,0.00941855
2659,0.00943527
2660,0.0094669
2661,0.00948264
2662,0.00951232
2663,0.00954063
2664,0.00955381
2665,0.00958055
2666,0.00959379
2667,0.00961821
2668,0.00963027
2669,0.00964088
2670,0.00966347
2671,0.00967401
2672,0.00969302
2673,0.00970241
2674,0.00971935
2675,0.00973468
2676,0.00974129
2677,0.00975546
2678,0.00976228
2679,0.00977376
2680,0.00977932
2681,0.00978839
2682,0.00979575
2683,0.00979835
2684,0.00980431
2685,0.00980711
2686,0.00980842
2687,0.00981222
2688,0.00981288
2689,0.00981211
2690,0.00981127
2691,0.00980863
2692,0.00980618
2693,0.00980187
2694,0.00979951
2695,0.00979257
2696,0.0097889
2697,0.00977947
2698,0.00977461
2699,0.00976288
2700,0.00975688
2701,0.00974292
2702,0.00973581
2703,0.00971963
2704,0.00970179
2705,0.00969181
2706,0.00967259
2707,0.00966282
2708,0.00964112
2709,0.0096301
2710,0.00960598
2711,0.00959379
2712,0.00956744
2713,0.00955416
2714,0.00953946
2715,0.00951145
2716,0.0094967
2717,0.00944066
2718,0.00942964
2719,0.00940764
2720,0.00938024
2721,0.0093641
2722,0.0093283
2723,0.00930991
2724,0.00927069
2725,0.00925095
2726,0.00922985
2727,0.00918913
2728,0.00916809
2729,0.0091241
2730,0.00910205
2731,0.00905623
2732,0.00903328
2733,0.00898559
2734,0.00893646
2735,0.00891092
2736,0.00886073
2737,0.00883555
2738,0.00878322
2739,0.0087293
2740,0.00870136
2741,0.00867336
2742,0.00861888
2743,0.00859092
2744,0.00853292
2745,0.0084735
2746,0.00844287
2747,0.00838257
2748,0.00832099
2749,0.00828927
2750,0.0082573
2751,0.00819486
2752,0.00816298
2753,0.00809723
2754,0.00803035
2755,0.00799609
2756,0.00792825
2757,0.00789436
2758,0.00785913
2759,0.00779022
2760,0.00771894
2761,0.00768248
2762,0.00761025
2763,0.007537
2764,0.00749957
2765,0.00746195
2766,0.00738842
2767,0.00735108
2768,0.0072747
2769,0.00723654
2770,0.00719713
2771,0.00712014
2772,0.00704096
2773,0.0070006
2774,0.0069211
2775,0.00688149
2776,0.00680075
2777,0.0067605
2778,0.00667866
2779,0.00663783
2780,0.00659593
2781,0.00655492
2782,0.0064723
2783,0.00638778
2784,0.00634487
2785,0.00630194
2786,0.00621817
2787,0.00617587
2788,0.00608979
2789,0.00604699
2790,0.00600304
2791,0.00591719
2792,0.00582949
2793,0.005785
2794,0.00569746
2795,0.00565396
2796,0.00560929
2797,0.00552192
2798,0.0054779
2799,0.00538859
2800,0.00534425
2801,0.00525457
2802,0.00520921
2803,0.0051196
2804,0.00507512
2805,0.00502953
2806,0.00494046
2807,0.00484974
2808,0.00480383
2809,0.00471359
2810,0.00466884
2811,0.00457828
2812,0.00453336
2813,0.00444252
2814,0.00435157
2815,0.00430566
2816,0.00421525
2817,0.00417045
2818,0.00407989
2819,0.00403502
2820,0.00394447
2821,0.0038996
2822,0.00380906
2823,0.00376429
2824,0.003674
2825,0.00362937
2826,0.0035394
2827,0.00344961
2828,0.00340438
2829,0.00331554
2830,0.00327163
2831,0.00322672
2832,0.00313931
2833,0.00305077
2834,0.00300614
2835,0.00291879
2836,0.00287567
2837,0.00278874
2838,0.00274583
2839,0.00265937
2840,0.00261674
2841,0.0025732
2842,0.00248879
2843,0.00244661
2844,0.00236169
2845,0.00224757
2846,0.00218058
2847,0.00212656
2848,0.00209744
2849,0.00202231
2850,0.00198375
2851,0.0019035
2852,0.00182363
2853,0.00178332
2854,0.00170531
2855,0.00166694
2856,0.00158936
2857,0.00155122
2858,0.00147431
2859,0.00139803
2860,0.00135975
2861,0.00128515
2862,0.00124856
2863,0.00117498
2864,0.001102
2865,0.00102917
2866,0.000957666
2867,0.000922346
2868,0.000887429
2869,0.000820292
2870,0.0007868
2871,0.000752342
2872,0.00068618
2873,0.000653321
2874,0.000587374
2875,0.000522376
2876,0.000489857
2877,0.000427247
2878,0.000396753
2879,0.000335541
2880,0.000305738
2881,0.000232344
2882,0.000200594
2883,0.000192449
2884,0.00018397
2885,0.000181108
2886,0.000179615
2887,0.000179368
2888,0.000179319
2889,0.000179544
2890,0.00017976
2891,0.000179892
2892,0.000180175
2893,0.000180319
2894,0.000180609
2895,0.000180898
2896,0.000181034
2897,0.000181182
2898,0.000181529
2899,0.000181837
2900,0.000181981
2901,0.000182316
2902,0.00018248
2903,0.000284568
2904,0.000264631
2905,0.000235765
2906,0.000225503
2907,0.000211034
2908,0.000201934
2909,0.000198723
2910,0.000194259
2911,0.000192699
2912,0.000190499
2913,0.000189746
2914,0.000188722
2915,0.000188393
2916,0.000187995
2917,0.000187892
2918,0.000187825
2919,0.000187841
2920,0.000187872
2921,0.000188039
2922,0.000188128
2923,0.000188342
2924,0.000188572
2925,0.000188683
2926,0.000188816
2927,0.000189133
2928,0.000189275
2929,0.000189567
2930,0.000189708
2931,0.00018984
2932,0.000190155
2933,0.000190298
2934,0.000190591
2935,0.000190873
2936,0.000191003
2937,0.000191326
2938,0.000191624
2939,0.000191759
2940,0.000192159
2941,0.000192546
2942,0.000196659
2943,0.000198473
2944,0.000199669
2945,0.000200096
2946,0.000203792
2947,0.000205975
2948,0.000210188
2949,0.000215433
2950,0.000221172
2951,0.00022458
2952,0.000233539
2953,0.000238772
2954,0.000248805
2955,0.000259575
2956,0.000264921
2957,0.000277654
2958,0.000284807
2959,0.000298812
2960,0.000306594
2961,0.000321911
2962,0.000338113
2963,0.000346201
2964,0.000364468
2965,0.000383523
2966,0.000392985
2967,0.000413825
2968,0.000424997
2969,0.00044697
2970,0.000469672
2971,0.000480969
2972,0.000492624
2973,0.000518682
2974,0.000544302
2975,0.000570036
2976,0.000583353
2977,0.000611991
2978,0.000627019
2979,0.000656556
2980,0.000672032
2981,0.000702595
2982,0.000733902
2983,0.000749498
2984,0.000782638
2985,0.000799937
2986,0.000834109
2987,0.000851907
2988,0.000887113
2989,0.000905453
2990,0.000941812
2991,0.00097889
2992,0.000997352
2993,0.00103616
2994,0.00107554
2995,0.0010951
2996,0.00113589
2997,0.00115695
2998,0.00119852
2999,0.00121997
3000,0.00126237
3001,0.00130535
3002,0.00132673
3003,0.844358
3004,1.19793
3005,0.358459
3006,-0.228507
3007,-0.280064
3008,0.805119
3009,1.30155
3010,0.324267
3011,-0.322937
3012,0.0218819
3013,0.467746
3014,0.851607
3015,0.870465
3016,-0.219796
3017,-0.197387
3018,0.236233
3019,0.895042
3020,0.446004
3021,-0.105719
3022,0.301205
3023,0.710337
3024,0.759497
3025,0.113324
3026,-0.179998
3027,0.499207
3028,0.805786
3029,0.70296
3030,0.0544015
3031,0.0359441
3032,0.235548
3033,0.575889
3034,0.676368
3035,0.338273
3036,0.159167
3037,0.132024
3038,0.458406
3039,0.521858
3040,0.43835
3041,0.297567
3042,0.220657
3043,0.224573
3044,0.392118
3045,0.402744
3046,0.281933
3047,0.228954
3048,0.298981
3049,0.355058
3050,0.303999
3051,0.256835
3052,0.240266
3053,0.316314
3054,0.356392
3055,0.275433
3056,0.227329
3057,0.26696
3058,0.316742
3059,0.325789
3060,0.232177
3061,0.189552
3062,0.209241
3063,0.323867
3064,0.310105
3065,0.260658
3066,0.187664
3067,0.169049
3068,0.21149
3069,0.296607
3070,0.317238
3071,0.201621
3072,0.158414
3073,0.16287
3074,0.212964
3075,0.253962
3076,0.251787
3077,0.16123
3078,0.123037
3079,0.148246
3080,0.245816
3081,0.278162
3082,0.164548
3083,0.111391
3084,0.107727
3085,0.204045
3086,0.246272
3087,0.20881
3088,0.0979331
3089,0.0918464
3090,0.122988
3091,0.173656
3092,0.142711
3093,0.108055
3094,0.0995297
3095,0.108805
3096,0.115912
3097,0.111929
3098,0.0814135
3099,0.0686509
3100,0.0738461
3101,0.0928088
3102,0.0791076
3103,0.0633774
3104,0.0498404
3105,0.0500317
3106,0.0433466
3107,0.0364647
3108,0.0273529
3109,0.0201757
3110,0.0185554
3111,0.0148015
3112,0.00368344
3113,-0.00176584
3114,-0.00348281
3115,-0.00395951
3116,-0.00929201
3117,-0.0297302
3118,-0.039187
3119,-0.0400187
3120,-0.0345833
3121,-0.0340883
3122,-0.0599716
3123,-0.0741233
3124,-0.0668552
3125,-0.0649837
3126,-0.0701357
3127,-0.0959426
3128,-0.107641
3129,-0.0954799
3130,-0.0875646
3131,-0.113775
3132,-0.130979
3133,-0.12629
3134,-0.123048
3135,-0.126507
3136,-0.139106
3137,-0.160401
3138,-0.162795
3139,-0.159602
3140,-0.14073
3141,-0.148369
3142,-0.160692
3143,-0.188224
3144,-0.195544
3145,-0.15553
3146,-0.132015
3147,-0.181248
3148,-0.234793
3149,-0.251294
3150,-0.154664
3151,-0.104968
3152,-0.181854
3153,-0.228401
3154,-0.266298
3155,-0.204503
3156,-0.16343
3157,-0.203532
3158,-0.273111
3159,-0.270695
3160,-0.24245
3161,-0.189437
3162,-0.178394
3163,-0.261438
3164,-0.300001
3165,-0.300977
3166,-0.204768
3167,-0.159355
3168,-0.184285
3169,-0.288558
3170,-0.323175
3171,-0.320248
3172,-0.209649
3173,-0.161306
3174,-0.253261
3175,-0.339904
3176,-0.371024
3177,-0.241288
3178,-0.168508
3179,-0.253976
3180,-0.305622
3181,-0.337036
3182,-0.329088
3183,-0.267447
3184,-0.243947
3185,-0.311647
3186,-0.350666
3187,-0.320282
3188,-0.290074
3189,-0.3109
3190,-0.340499
3191,-0.348732
3192,-0.336631
3193,-0.345799
3194,-0.357151
3195,-0.381672
3196,-0.391387
3197,-0.388433
3198,-0.396965
3199,-0.411852
3200,-0.424247
3201,-0.429496
3202,-0.447336
3203,-0.45785
3204,-0.4729
3205,-0.481709
3206,-0.487774
3207,-0.511905
3208,-0.523207
3209,-0.535679
3210,-0.542683
3211,-0.557486
3212,-0.570165
3213,-0.575472
3214,-0.586552
3215,-0.591549
3216,-0.596377
3217,-0.608013
3218,-0.613235
3219,-0.623666
3220,-0.628567
3221,-0.637698
3222,-0.645388
3223,-0.648564
3224,-0.657429
3225,-0.662367
3226,-0.672209
3227,-0.677551
3228,-0.682544
3229,-0.687215
3230,-0.688932
3231,-0.704582
3232,-0.714588
3233,-0.72681
3234,-0.734592
3235,-0.742216
3236,-0.778701
3237,-0.792079
3238,-0.819446
3239,-0.833242
3240,-0.841483
3241,-0.902162
3242,-0.933858
3243,-0.935435
3244,-1.02166
3245,-1.07599
3246,-1.12395
3247,-1.15879
3248,-1.24976
3249,-1.29878
3250,-1.28217
3251,-1.27134
3252,-1.29785
3253,-1.31354
3254,-1.285
3255,-1.26575
3256,-1.26907
3257,-1.27871
3258,-1.27889
3259,-1.25374
3260,-1.24203
3261,-1.25746
3262,-1.26923
3263,-1.24383
3264,-1.22694
3265,-1.23371
3266,-1.244
3267,-1.2296
3268,-1.21799
3269,-1.20942
3270,-1.21106
3271,-1.20811
3272,-1.19308
3273,-1.18166
3274,-1.17781
3275,-1.17956
3276,-1.16312
3277,-1.15291
3278,-1.14378
3279,-1.14345
3280,-1.13692
3281,-1.13067
3282,-1.10487
3283,-1.09132
3284,-1.08763
3285,-1.09129
3286,-1.09219
3287,-1.05465
3288,-1.0349
3289,-1.04143
3290,-1.05134
3291,-1.01989
3292,-0.976451
3293,-0.954591
3294,-1.00779
3295,-1.04461
3296,-0.983119
3297,-0.934577
3298,-0.906323
3299,-1.06766
3300,-0.98746
3301,-0.913879
3302,-0.914381
3303,-0.945725
3304,-0.928304
3305,-0.901815
3306,-0.835977
3307,-0.820455
3308,-0.826167
3309,-0.786233
3310,-0.757218
3311,-0.734172
3312,-0.717611
3313,-0.692119
3314,-0.674023
3315,-0.622737
3316,-0.598643
3317,-0.584449
3318,-0.577707
3319,-0.540624
3320,-0.52028
3321,-0.501509
3322,-0.494646
3323,-0.461198
3324,-0.44251
3325,-0.417904
3326,-0.407328
3327,-0.378303
3328,-0.348301
3329,-0.334068
3330,-0.307932
3331,-0.294755
3332,-0.263741
3333,-0.248038
3334,-0.221276
3335,-0.207928
3336,-0.178744
3337,-0.163891
3338,-0.137571
3339,-0.11065
3340,-0.097176
3341,-0.0685154
3342,-0.0544045
3343,-0.0336422
3344,-0.024292
3345,-0.00306589
3346,0.00724613
3347,0.0264055
3348,0.0482712
3349,0.0611116
3350,0.08853
3351,0.101363
3352,0.123466
3353,0.133753
3354,0.163446
3355,0.193622
3356,0.207683
3357,0.227333
3358,0.236652
3359,0.263037
3360,0.276662
3361,0.29906
3362,0.308032
3363,0.336618
3364,0.35124
3365,0.373989
3366,0.383206
3367,0.408733
3368,0.422827
3369,0.45398
3370,0.481505
3371,0.494514
3372,0.515351
3373,0.525948
3374,0.556615
3375,0.572153
3376,0.583777
3377,0.604377
3378,0.615119
3379,0.673428
3380,0.715181
3381,0.802935
3382,0.831874
3383,0.89528
3384,0.932289
3385,0.951359
3386,1.17103
3387,1.10623
3388,1.21342
3389,1.47259
3390,1.57185
3391,1.56468
3392,1.57932
3393,1.6196
3394,1.66189
3395,1.67912
3396,1.75195
3397,1.77269
3398,1.80007
3399,1.82675
3400,1.91745
3401,1.96721
3402,1.97061
3403,2.02393
3404,2.054
3405,2.03373
3406,2.01678
3407,2.02244
3408,2.08372
3409,2.11245
3410,2.0736
3411,2.04876
3412,2.11121
3413,2.15445
3414,2.14017
3415,2.11975
3416,2.14247
3417,2.18199
3418,2.19675
3419,2.17689
3420,2.1655
3421,2.21083
3422,2.24026
3423,2.22342
3424,2.20688
3425,2.22859
3426,2.24832
3427,2.25358
3428,2.24997
3429,2.24547
3430,2.24705
3431,2.25199
3432,2.25032
3433,2.24725
3434,2.24094
3435,2.24008
3436,2.29376
3437,2.34087
3438,2.22222
3439,2.16159
3440,2.20255
3441,2.24682
3442,2.23983
3443,2.22116
3444,2.20719
3445,2.22555
3446,2.22807
3447,2.21939
3448,2.19993
3449,2.18461
3450,2.18734
3451,2.19035
3452,2.17399
3453,2.15667
3454,2.14982
3455,2.15333
3456,2.15548
3457,2.13024
3458,2.11643
3459,2.11531
3460,2.11728
3461,2.0934
3462,2.07931
3463,2.0696
3464,2.06711
3465,2.04689
3466,2.02536
3467,2.0181
3468,2.00404
3469,1.99709
3470,1.98581
3471,1.96546
3472,1.95581
3473,1.93763
3474,1.92944
3475,1.90784
3476,1.89705
3477,1.87759
3478,1.86881
3479,1.84551
3480,1.83377
3481,1.81064
3482,1.78705
3483,1.7741
3484,1.75223
3485,1.74195
3486,1.71448
3487,1.70068
3488,1.67637
3489,1.66521
3490,1.63844
3491,1.625
3492,1.598
3493,1.58524
3494,1.55933
3495,1.54681
3496,1.51868
3497,1.50495
3498,1.49018
3499,1.46544
3500,1.45264
3501,1.41989
3502,1.38944
3503,1.37465
3504,1.34997
3505,1.33757
3506,1.30092
3507,1.28224
3508,1.25511
3509,1.24307
3510,1.21192
3511,1.1789
3512,1.1616
3513,1.13713
3514,1.12573
3515,1.08884
3516,1.06939
3517,1.03232
3518,1.014
3519,0.965593
3520,0.940711
3521,0.899362
3522,0.860142
3523,0.817409
3524,0.7953
3525,0.755188
3526,0.736249
3527,0.699841
3528,0.681707
3529,0.640947
3530,0.620467
3531,0.600722
3532,0.563899
3533,0.545293
3534,0.501686
3535,0.461449
3536,0.442535
3537,0.405049
3538,0.386059
3539,0.343395
3540,0.322198
3541,0.30249
3542,0.265003
3543,0.245877
3544,0.200412
3545,0.177999
3546,0.14092
3547,0.122941
3548,0.0776981
3549,0.054822
3550,0.0177298
3551,-0.0199746
3552,-0.0627641
3553,-0.105972
3554,-0.145148
3555,-0.163701
3556,-0.211746
3557,-0.236809
3558,-0.276931
3559,-0.29637
3560,-0.317316
3561,-0.360368
3562,-0.381221
3563,-0.418316
3564,-0.45792
3565,-0.4788
3566,-0.523903
3567,-0.546185
3568,-0.58144
3569,-0.598384
3570,-0.642386
3571,-0.665215
3572,-0.703267
3573,-0.721274
3574,-0.762104
3575,-0.783169
3576,-0.825077
3577,-0.84576
3578,-0.884665
3579,-0.924037
3580,-0.943777
3581,-0.964268
3582,-1.00622
3583,-1.02658
3584,-1.06296
3585,-1.08109
3586,-1.12299
3587,-1.14438
3588,-1.18084
3589,-1.19841
3590,-1.2151
3591,-1.23019
3592,-1.26271
3593,-1.29868
3594,-1.31739
3595,-1.33516
3596,-1.36585
3597,-1.38122
3598,-1.44894
3599,-1.45946
3600,-1.45931
3601,-1.46669
3602,-1.49678
3603,-1.53437
3604,-1.57829
3605,-1.6064
3606,-1.6192
3607,-1.66076
3608,-1.69882
3609,-1.71468
3610,-1.75727
3611,-1.78278
3612,-1.82976
3613,-1.8541
3614,-1.87286
3615,-1.89431
3616,-1.9366
3617,-1.95597
3618,-1.96875
3619,-2.00704
3620,-2.04404
3621,-2.08032
3622,-2.09956
3623,-2.16219
3624,-2.21252
3625,-2.23083
3626,-2.27728
3627,-2.29887
3628,-2.33708
3629,-2.35446
3630,-2.37093
3631,-2.40309
3632,-2.41871
3633,-2.44975
3634,-2.46493
3635,-2.4951
3636,-2.50983
3637,-2.54227
3638,-2.5593
3639,-2.57576
3640,-2.62539
3641,-2.64874
3642,-2.6753
3643,-2.69098
3644,-2.73033
3645,-2.76516
3646,-2.77796
3647,-2.80976
3648,-2.82714
3649,-2.84766
3650,-2.85809
3651,-2.88396
3652,-2.89781
3653,-2.91727
3654,-2.92803
3655,-2.95096
3656,-2.96302
3657,-2.97908
3658,-2.98815
3659,-3.01249
3660,-3.02606
3661,-3.03252
3662,-3.0636
3663,-3.07925
3664,-3.08554
3665,-3.09859
3666,-3.10645
3667,-3.12258
3668,-3.13055
3669,-3.13306
3670,-3.1352
3671,-3.14508
3672,-3.15064
3673,-3.15116
3674,-3.15215
3675,-3.15192
3676,-3.15419
3677,-3.14852
3678,-3.14287
3679,-3.13178
3680,-3.12814
3681,-3.12908
3682,-3.1502
3683,-3.14389
3684,-3.11558
3685,-3.08989
3686,-3.11724
3687,-3.13419
3688,-3.12972
3689,-3.05746
3690,-3.02375
3691,-3.08382
3692,-3.11509
3693,-3.10446
3694,-2.92109
3695,-2.9488
3696,-3.12771
3697,-3.23006
3698,-3.19926
3699,-2.88216
3700,-2.74136
3701,-3.14134
3702,-3.4339
3703,-3.09392
3704,-2.78243
3705,-2.72975
3706,-3.19224
3707,-3.46305
3708,-2.90253
3709,-2.31468
3710,-2.16771
3711,-3.35688
3712,-3.99055
3713,-3.01697
3714,-2.27787
3715,-2.20305
3716,-2.53542
3717,-3.6195
3718,-3.94899
3719,-3.27449
3720,-1.4875
3721,-0.978338
3722,-3.43659
3723,-4.06351
3724,-3.46313
3725,-1.23909
3726,-0.489875
3727,-2.80264
3728,-4.07347
3729,-2.64982
3730,-1.16246
3731,-1.90532
3732,-2.55261
3733,-2.85882
3734,-2.73067
3735,-2.16642
3736,-1.90453
3737,-1.71596
3738,-2.35422
3739,-2.89249
3740,-2.88345
3741,-1.56536
3742,-1.20015
3743,-1.44217
3744,-2.85043
3745,-3.33031
3746,-1.44731
3747,-0.392221
3748,-1.86775
3749,-2.95925
3750,-2.95916
3751,-1.13204
3752,-0.266059
3753,-1.609
3754,-2.52528
3755,-2.00837
3756,-1.0591
3757,-1.01937
3758,-1.67061
3759,-2.00716
3760,-1.41812
3761,-0.86391
3762,-1.08907
3763,-1.58403
3764,-1.74728
3765,-1.03739
3766,-0.61542
3767,-0.955444
3768,-1.43084
3769,-1.57763
3770,-1.3094
3771,-0.783855
3772,-0.519748
3773,-0.585642
3774,-1.18697
3775,-1.16416
3776,-0.563013
3777,-0.244713
3778,-0.674624
3779,-0.977967
3780,-0.671597
3781,-0.440854
3782,-0.368218
3783,-0.378026
3784,-0.500892
3785,-0.561735
3786,-0.350356
3787,-0.233368
3788,-0.18338
3789,-0.215134
3790,-0.225706
3791,-0.0800386
3792,0.0301619
3793,0.0553334
3794,-3.38228e-05
3795,0.0468801
3796,0.10873
3797,0.194326
3798,0.26436
3799,0.278853
3800,0.300617
3801,0.320901
3802,0.428116
3803,0.482296
3804,0.492013
3805,0.488506
3806,0.578583
3807,0.636566
3808,0.693812
3809,0.730469
3810,0.751252
3811,0.823824
3812,0.860618
3813,0.882142
3814,0.90038
3815,0.9123
3816,0.999056
3817,1.04662
3818,1.06801
3819,1.08601
3820,1.10609
3821,1.15743
3822,1.21869
3823,1.26718
3824,1.26409
3825,1.25968
3826,1.28504
3827,1.3437
3828,1.45048
3829,1.48804
3830,1.40243
3831,1.38197
3832,1.41512
3833,1.65694
3834,1.76659
3835,1.77414
3836,1.58539
3837,1.50554
3838,1.73094
3839,1.86448
3840,1.93949
3841,1.90812
3842,1.85507
3843,1.93919
3844,2.09029
3845,2.15848
3846,2.14308
3847,2.05451
3848,2.03137
3849,2.21162
3850,2.34076
3851,2.37394
3852,2.2487
3853,2.1941
3854,2.36555
3855,2.50536
3856,2.5448
3857,2.3777
3858,2.28824
3859,2.45858
3860,2.68033
3861,2.70311
3862,2.50926
3863,2.39548
3864,2.42855
3865,2.57105
3866,2.85482
3867,2.86175
3868,2.64284
3869,2.52096
3870,2.71584
3871,2.84571
3872,2.93383
3873,2.90064
3874,2.71393
3875,2.63876
3876,2.84441
3877,3.03958
3878,3.11134
3879,2.93757
3880,2.88646
3881,2.93022
3882,3.08287
3883,3.14603
3884,3.13019
3885,3.11985
3886,3.22622
3887,3.29015
3888,3.35597
3889,3.40356
3890,3.56284
3891,3.65388
3892,3.6914
3893,3.97557
3894,4.13809
3895,4.19291
3896,4.17814
3897,4.15825
3898,4.15136
3899,4.16067
3900,4.17161
3901,4.17973
3902,4.23189
3903,4.29362
3904,4.28986
3905,4.37598
3906,4.39896
3907,4.43583
3908,4.53191
3909,4.52143
3910,4.49639
3911,4.54543
3912,4.58364
3913,4.6011
3914,4.60275
3915,4.5866
3916,4.57971
3917,4.57879
3918,4.57474
3919,4.52182
3920,4.47768
3921,4.46501
3922,4.47677
3923,4.48136
3924,4.42876
3925,4.39696
3926,4.38932
3927,4.39257
3928,4.38583
3929,4.33173
3930,4.3033
3931,4.30197
3932,4.29323
3933,4.27958
3934,4.20649
3935,4.16602
3936,4.15919
3937,4.16419
3938,4.16051
3939,4.08408
3940,4.04239
3941,4.03039
3942,4.07264
3943,4.08934
3944,3.99133
3945,3.93603
3946,3.92903
3947,3.94007
3948,3.89143
3949,3.81095
3950,3.77362
3951,3.78622
3952,3.79766
3953,3.712
3954,3.6277
3955,3.60751
3956,3.60402
3957,3.59385
3958,3.4921
3959,3.43897
3960,3.43741
3961,3.44775
3962,3.36807
3963,3.31378
3964,3.27641
3965,3.28268
3966,3.28793
3967,3.18147
3968,3.11898
3969,3.08239
3970,3.09012
3971,3.10106
3972,3.02561
3973,2.96497
3974,2.88055
3975,2.85328
3976,2.84592
3977,2.80907
3978,2.78058
3979,2.68989
3980,2.64777
3981,2.62714
3982,2.58657
3983,2.5606
3984,2.47742
3985,2.43846
3986,2.40477
3987,2.39072
3988,2.31655
3989,2.24529
3990,2.21469
3991,2.16987
3992,2.1066
3993,2.0683
3994,2.02777
3995,1.98606
3996,1.96827
3997,1.95217
3998,1.90934
3999,1.88406
4000,1.816
4001,1.78157
4002,1.73194
4003,1.66389
4004,1.62136
4005,1.57597
4006,1.48509
4007,1.40235
4008,1.33941
4009,1.3346
4010,1.30658
4011,1.28612
4012,1.22249
4013,1.18958
4014,1.0452
4015,0.966303
4016,0.914795
4017,0.90396
4018,0.935495
4019,0.944698
4020,0.800874
4021,0.679752
4022,0.636726
4023,0.652064
4024,0.662114
4025,0.539935
4026,0.463161
4027,0.376097
4028,0.346275
4029,0.352074
4030,0.353648
4031,0.249095
4032,0.129168
4033,0.0692811
4034,0.0562043
4035,0.0300232
4036,0.0146423
4037,-0.104078
4038,-0.208016
4039,-0.245495
4040,-0.219995
4041,-0.196231
4042,-0.32758
4043,-0.419899
4044,-0.504491
4045,-0.541545
4046,-0.575912
4047,-0.596205
4048,-0.708809
4049,-0.770831
4050,-0.821561
4051,-0.834575
4052,-0.862468
4053,-0.883909
4054,-1.00126
4055,-1.0585
4056,-1.09094
4057,-1.09671
4058,-1.16778
4059,-1.21256
4060,-1.28025
4061,-1.33394
4062,-1.38709
4063,-1.4139
4064,-1.44371
4065,-1.50481
4066,-1.53629
4067,-1.60521
4068,-1.63637
4069,-1.69206
4070,-1.72062
4071,-1.80099
4072,-1.84091
4073,-1.89852
4074,-1.96861
4075,-2.00983
4076,-2.11331
4077,-2.16342
4078,-2.21902
4079,-2.24517
4080,-2.28116
4081,-2.37298
4082,-2.41614
4083,-2.30147
4084,-2.3476
4085,-2.65529
4086,-2.81139
4087,-2.92071
4088,-2.94755
4089,-2.92292
4090,-2.76879
4091,-2.69218
4092,-2.89699
4093,-3.0715
4094,-3.1276
4095,-3.19012
4096,-3.23302
4097,-3.30547
4098,-3.33832
4099,-3.38258
4100,-3.40348
4101,-3.4601
4102,-3.48973
4103,-3.55912
4104,-3.62621
4105,-3.65698
4106,-3.72322
4107,-3.75828
4108,-3.83587
4109,-3.87782
4110,-3.94792
4111,-3.9846
4112,-4.04419
4113,-4.07208
4114,-4.11718
4115,-4.16644
4116,-4.22295
4117,-4.25242
4118,-4.34215
4119,-4.39157
4120,-4.46135
4121,-4.53753
4122,-4.57204
4123,-4.65374
4124,-4.70146
4125,-4.77179
4126,-4.81002
4127,-4.88073
4128,-4.91926
4129,-5.00609
4130,-5.05981
4131,-5.14017
4132,-5.22107
4133,-5.25314
4134,-5.30015
4135,-5.32955
4136,-5.3761
4137,-5.39907
4138,-5.38418
4139,-5.36668
4140,-5.35324
4141,-5.34838
4142,-5.3497
4143,-5.33669
4144,-5.34156
4145,-5.35256
4146,-5.36572
4147,-5.36771
4148,-5.36162
4149,-5.35737
4150,-5.36463
4151,-5.36681
4152,-5.36336
4153,-5.35713
4154,-5.3528
4155,-5.35078
4156,-5.34839
4157,-5.34474
4158,-5.34016
4159,-5.31948
4160,-5.31393
4161,-5.31682
4162,-5.29427
4163,-5.27805
4164,-5.26258
4165,-5.25204
4166,-5.24756
4167,-5.21259
4168,-5.19214
4169,-5.18429
4170,-5.1744
4171,-5.1668
4172,-5.11319
4173,-5.08139
4174,-5.07207
4175,-5.06178
4176,-5.05093
4177,-4.96754
4178,-4.9236
4179,-4.92048
4180,-4.95085
4181,-4.95206
4182,-4.93284
4183,-4.82829
4184,-4.77748
4185,-4.83171
4186,-4.84969
4187,-4.7603
4188,-4.6551
4189,-4.61344
4190,-4.63381
4191,-4.69276
4192,-4.70076
4193,-4.57032
4194,-4.50912
4195,-4.47097
4196,-4.47339
4197,-4.43125
4198,-4.35614
4199,-4.31631
4200,-4.28459
4201,-4.2562
4202,-4.19664
4203,-4.1593
4204,-4.08963
4205,-4.06786
4206,-4.04554
4207,-3.98747
4208,-3.95376
4209,-3.89141
4210,-3.86236
4211,-3.81624
4212,-3.76942
4213,-3.74401
4214,-3.66749
4215,-3.62601
4216,-3.5593
4217,-3.52599
4218,-3.45813
4219,-3.4239
4220,-3.36201
4221,-3.30078
4222,-3.27009
4223,-3.20394
4224,-3.14008
4225,-3.10963
4226,-3.08547
4227,-3.07442
4228,-2.9959
4229,-2.95079
4230,-2.90478
4231,-2.87843
4232,-2.85986
4233,-2.77203
4234,-2.689
4235,-2.65372
4236,-2.6467
4237,-2.64949
4238,-2.63896
4239,-2.57931
4240,-2.43117
4241,-2.36437
4242,-2.35517
4243,-2.33407
4244,-2.23349
4245,-2.16784
4246,-2.10515
4247,-2.06637
4248,-2.03319
4249,-2.016
4250,-1.91258
4251,-1.85754
4252,-1.81984
4253,-1.78635
4254,-1.77029
4255,-1.67667
4256,-1.62372
4257,-1.56852
4258,-1.5255
4259,-1.4997
4260,-1.40408
4261,-1.35383
4262,-1.31907
4263,-1.28412
4264,-1.2652
4265,-1.22054
4266,-1.10752
4267,-1.05474
4268,-1.03182
4269,-0.993037
4270,-0.958632
4271,-0.83566
4272,-0.776909
4273,-0.770454
4274,-0.781058
4275,-0.684751
4276,-0.618664
4277,-0.528452
4278,-0.50152
4279,-0.487533
4280,-0.478629
4281,-0.42962
4282,-0.353172
4283,-0.240818
4284,-0.202189
4285,-0.213932
4286,-0.168143
4287,-0.117679
4288,0.0410999
4289,0.127605
4290,0.143246
4291,0.140458
4292,0.149862
4293,0.289358
4294,0.363837
4295,0.400027
4296,0.39923
4297,0.419989
4298,0.542979
4299,0.608259
4300,0.655802
4301,0.670607
4302,0.745244
4303,0.833585
4304,0.876144
4305,0.920466
4306,0.939464
4307,1.01299
4308,1.05339
4309,1.1181
4310,1.14436
4311,1.20315
4312,1.2336
4313,1.27134
4314,1.34614
4315,1.4172
4316,1.4519
4317,1.50157
4318,1.55993
4319,1.59474
4320,1.63755
4321,1.67627
4322,1.72988
4323,1.75388
4324,1.81674
4325,1.84934
4326,1.92035
4327,1.95221
4328,2.00246
4329,2.02392
4330,2.08909
4331,2.16174
4332,2.19988
4333,2.22548
4334,2.23197
4335,2.29826
4336,2.34582
4337,2.46047
4338,2.54607
4339,2.59402
4340,2.61025
4341,2.64017
4342,2.69221
4343,2.72657
4344,2.80297
4345,2.83798
4346,2.89001
4347,2.91268
4348,2.94283
4349,3.01379
4350,3.04943
4351,3.08163
4352,3.10629
4353,3.15696
4354,3.1937
4355,3.29552
4356,3.34162
4357,3.34936
4358,3.34344
4359,3.42748
4360,3.4841
4361,3.55922
4362,3.58094
4363,3.60537
4364,3.62162
4365,3.71673
4366,3.76841
4367,3.81584
4368,3.83475
4369,3.86114
4370,3.93814
4371,3.97527
4372,4.02406
4373,4.04913
4374,4.11117
4375,4.14451
4376,4.21224
4377,4.24985
4378,4.28522
4379,4.34626
4380,4.47802
4381,4.59684
4382,4.65068
4383,4.96638
4384,5.09305
4385,4.93087
4386,4.80569
4387,4.79688
4388,4.94848
4389,5.03991
4390,5.08144
4391,5.09081
4392,5.06919
4393,5.04621
4394,5.04762
4395,5.0791
4396,5.13953
4397,5.16516
4398,5.19975
4399,5.2196
4400,5.22609
4401,5.25396
4402,5.27076
4403,5.30117
4404,5.31471
4405,5.33877
4406,5.36109
4407,5.37115
4408,5.40085
4409,5.41672
4410,5.43494
4411,5.44247
4412,5.46185
4413,5.47302
4414,5.49306
4415,5.50999
4416,5.51652
4417,5.55401
4418,5.58776
4419,5.60354
4420,5.61135
4421,5.61625
4422,5.68181
4423,5.71665
4424,5.71389
4425,5.70179
4426,5.79982
4427,5.6587
4428,5.63145
4429,5.62676
4430,5.62508
4431,5.71146
4432,5.6517
4433,5.59149
4434,5.53704
4435,5.52549
4436,5.52659
4437,5.52379
4438,5.46774
4439,5.43896
4440,5.41994
4441,5.41414
4442,5.37239
4443,5.31297
4444,5.27925
4445,5.20323
4446,5.16497
4447,5.13729
4448,5.11422
4449,5.06731
4450,5.04233
4451,4.98284
4452,4.95256
4453,4.92493
4454,4.89613
4455,4.83793
4456,4.80867
4457,4.75591
4458,4.70607
4459,4.65434
4460,4.62804
4461,4.57814
4462,4.55386
4463,4.49963
4464,4.47203
4465,4.41503
4466,4.38656
4467,4.32663
4468,4.29644
4469,4.23688
4470,4.20759
4471,4.14562
4472,4.1142
4473,4.05107
4474,4.01987
4475,3.95612
4476,3.92398
4477,3.85773
4478,3.82464
4479,3.75676
4480,3.72254
4481,3.68784
4482,3.61828
4483,3.58337
4484,3.51361
4485,3.44345
4486,3.40802
4487,3.35653
4488,3.33419
4489,3.27811
4490,3.2495
4491,3.18847
4492,3.15796
4493,3.09286
4494,3.05827
4495,2.97769
4496,2.89715
4497,2.85801
4498,2.82116
4499,2.7484
4500,2.71109
4501,2.63203
4502,2.59288
4503,2.52226
4504,2.44906
4505,2.41084
4506,2.32935
4507,2.28879
4508,2.21603
4509,2.18047
4510,2.10255
4511,2.06278
4512,1.98846
4513,1.9152
4514,1.87712
4515,1.80073
4516,1.76241
4517,1.68804
4518,1.65121
4519,1.57517
4520,1.53677
4521,1.49828
4522,1.46041
4523,1.38451
4524,1.34622
4525,1.26792
4526,1.26792
4527,1.15429
4528,1.11683
4529,1.04242
4530,1.00552
4531,0.932592
4532,0.85946
4533,0.786783
4534,0.716475
4535,0.68179
4536,0.647269
4537,0.580098
4538,0.545532
4539,0.466844
4540,0.427682
4541,0.361636
4542,0.329655
4543,0.248173
4544,0.164808
4545,0.124378
4546,0.0586366
4547,0.0272467
4548,-0.0501509
4549,-0.0897829
4550,-0.15518
4551,-0.186887
4552,-0.26185
4553,-0.300352
4554,-0.372859
4555,-0.40706
4556,-0.473381
4557,-0.544417
4558,-0.582796
4559,-0.652724
4560,-0.71972
4561,-0.7935
4562,-0.832717
4563,-0.90863
4564,-0.944741
4565,-1.01672
4566,-1.05367
4567,-1.1406
4568,-1.21438
4569,-1.24837
4570,-1.28316
4571,-1.36595
4572,-1.40979
4573,-1.49161
4574,-1.59266
4575,-1.6305
4576,-1.71654
4577,-1.76379
4578,-1.83244
4579,-1.86081
4580,-1.8863
4581,-1.93833
4582,-1.97349
4583,-2.04458
4584,-2.08046
4585,-2.14112
4586,-2.17019
4587,-2.20484
4588,-2.27858
4589,-2.35211
4590,-2.389
4591,-2.46051
4592,-2.49443
4593,-2.55733
4594,-2.58636
4595,-2.65223
4596,-2.68419
4597,-2.7504
4598,-2.78125
4599,-2.84237
4600,-2.87077
4601,-2.93624
4602,-2.96754
4603,-3.04467
4604,-3.12257
4605,-3.1604
4606,-3.21921
4607,-3.24665
4608,-3.3255
4609,-3.36652
4610,-3.43332
4611,-3.46287
4612,-3.52713
4613,-3.56043
4614,-3.63981
4615,-3.6785
4616,-3.73738
4617,-3.79985
4618,-3.83492
4619,-3.91066
4620,-3.94673
4621,-4.00168
4622,-4.02736
4623,-4.09974
4624,-4.13648
4625,-4.20938
4626,-4.28344
4627,-4.32103
4628,-4.3783
4629,-4.406
4630,-4.4747
4631,-4.54274
4632,-4.57366
4633,-4.6289
4634,-4.65848
4635,-4.73053
4636,-4.76709
4637,-4.79469
4638,-4.88195
4639,-4.97132
4640,-5.02508
4641,-5.07585
4642,-5.18865
4643,-5.24153
4644,-5.31674
4645,-5.36109
4646,-5.42541
4647,-5.45329
4648,-5.48705
4649,-5.50422
4650,-5.5266
4651,-5.54772
4652,-5.62245
4653,-5.72863
4654,-5.78206
4655,-5.93031
4656,-6.01472
4657,-6.14144
4658,-6.25882
4659,-6.29927
4660,-6.40292
4661,-6.45987
4662,-6.54649
4663,-6.60055
4664,-7.09868
4665,-7.45864
4666,-7.48483
4667,-7.17735
4668,-7.04605
4669,-7.19783
4670,-7.25786
4671,-7.17392
4672,-7.1261
4673,-7.26114
4674,-7.34758
4675,-7.33998
4676,-7.19498
4677,-7.17262
4678,-7.21261
4679,-7.30565
4680,-7.33373
4681,-7.18264
4682,-7.10774
4683,-7.26985
4684,-7.37339
4685,-7.28096
4686,-7.18903
4687,-7.20542
4688,-7.24926
4689,-7.22501
4690,-7.19033
4691,-7.16964
4692,-7.17382
4693,-7.18767
4694,-7.17414
4695,-7.15934
4696,-7.12661
4697,-7.11493
4698,-7.1095
4699,-7.08755
4700,-7.06873
4701,-7.03253
4702,-7.01796
4703,-7.01175
4704,-7.08901
4705,-7.12092
4706,-6.9695
4707,-6.8678
4708,-6.83526
4709,-7.2676
4710,-7.48685
4711,-6.90605
4712,-6.41295
4713,-6.3609
4714,-6.7931
4715,-6.38104
4716,-6.03886
4717,-6.4649
4718,-6.72645
4719,-6.62134
4720,-6.64848
4721,-6.73401
4722,-6.79211
4723,-6.58263
4724,-6.45423
4725,-6.22931
4726,-5.77852
4727,-5.49422
4728,-5.39227
4729,-5.42582
4730,-5.57817
4731,-5.62646
4732,-5.55339
4733,-5.58702
4734,-5.58363
4735,-5.53173
4736,-5.22862
4737,-5.07391
4738,-5.15171
4739,-5.21515
4740,-5.14396
4741,-5.02609
4742,-4.97254
4743,-4.93143
4744,-4.90939
4745,-4.88258
4746,-4.81501
4747,-4.74993
4748,-4.71783
4749,-4.64962
4750,-4.61429
4751,-4.53886
4752,-4.50149
4753,-4.4329
4754,-4.39853
4755,-4.32803
4756,-4.25662
4757,-4.18467
4758,-4.1128
4759,-4.07692
4760,-4.04152
4761,-3.97187
4762,-3.93665
4763,-3.89934
4764,-3.82432
4765,-3.78684
4766,-3.71448
4767,-3.67843
4768,-3.60395
4769,-3.52888
4770,-3.49116
4771,-3.41692
4772,-3.37982
4773,-3.34178
4774,-3.26501
4775,-3.22657
4776,-3.15068
4777,-3.07511
4778,-3.03734
4779,-2.96193
4780,-2.92422
4781,-2.84927
4782,-2.81187
4783,-2.73512
4784,-2.69631
4785,-2.61548
4786,-2.57413
4787,-2.53316
4788,-2.44639
4789,-2.40332
4790,-2.3658
4791,-2.29052
4792,-2.25197
4793,-2.17424
4794,-2.09858
4795,-2.06083
4796,-2.02356
4797,-1.94816
4798,-1.91026
4799,-1.83462
4800,-1.79674
4801,-1.72085
4802,-1.68258
4803,-1.64454
4804,-1.56743
4805,-1.5288
4806,-1.45239
4807,-1.41352
4808,-1.33828
4809,-1.30081
4810,-1.22865
4811,-1.15653
4812,-1.12015
4813,-1.04756
4814,-1.01121
4815,-0.94074
4816,-0.905401
4817,-0.834949
4818,-0.765629
4819,-0.731228
4820,-0.696084
4821,-0.626152
4822,-0.591134
4823,-0.556915
4824,-0.48888
4825,-0.420253
4826,-0.385854
4827,-0.318322
4828,-0.285181
4829,-0.214868
4830,-0.145231
4831,-0.11154
4832,-0.035863
4833,0.00199621
4834,0.067713
4835,0.0992599
4836,0.168284
4837,0.203512
4838,0.27258
4839,0.306242
4840,0.373779
4841,0.407545
4842,0.478399
4843,0.548939
4844,0.584447
4845,0.647787
4846,0.678484
4847,0.749062
4848,0.785093
4849,0.854854
4850,0.888811
4851,0.920638
4852,0.995583
4853,1.03464
4854,1.10637
4855,1.18142
4856,1.22009
4857,1.29176
4858,1.32622
4859,1.36436
4860,1.44202
4861,1.48195
4862,1.55937
4863,1.63205
4864,1.66842
4865,1.73152
4866,1.76216
4867,1.83917
4868,1.92454
4869,2.01257
4870,2.05492
4871,2.15229
4872,2.20028
4873,2.24844
4874,2.29251
4875,2.31991
4876,2.35323
4877,2.38512
4878,2.4551
4879,2.49255
4880,2.57608
4881,2.61909
4882,2.68614
4883,2.74429
4884,2.80852
4885,2.84358
4886,2.88202
4887,2.95258
4888,3.00739
4889,3.03126
4890,3.05171
4891,3.074
4892,3.14164
4893,3.1791
4894,3.25542
4895,3.32989
4896,3.36688
4897,3.40367
4898,3.48234
4899,3.55912
4900,3.5962
4901,3.67394
4902,3.71397
4903,3.75182
4904,3.8288
4905,3.8666
4906,3.89939
4907,3.96786
4908,4.0029
4909,4.07653
4910,4.11383
4911,4.19724
4912,4.2413
4913,4.28815
4914,4.30447
4915,4.37573
4916,4.41884
4917,4.46602
4918,4.51065
4919,4.59175
4920,4.63082
4921,4.70783
4922,4.78536
4923,4.82198
4924,4.88124
4925,4.91046
4926,4.93747
4927,4.95357
4928,4.99879
4929,5.03556
4930,5.15707
4931,5.21394
4932,5.23426
4933,5.17531
4934,5.15124
4935,5.31294
4936,5.40793
4937,5.50606
4938,5.42908
4939,5.37644
4940,5.38643
4941,5.62587
4942,5.81569
4943,5.89156
4944,5.65239
4945,5.57856
4946,5.63166
4947,5.93189
4948,6.0739
4949,6.12244
4950,5.88844
4951,5.85606
4952,5.92801
4953,6.20869
4954,6.32609
4955,6.26861
4956,6.21702
4957,6.32907
4958,6.40251
4959,6.4318
4960,6.43261
4961,6.4882
4962,6.52288
4963,6.54699
4964,6.56692
4965,6.57641
4966,6.65106
4967,6.71267
4968,6.73343
4969,6.7306
4970,6.75793
4971,6.7831
4972,6.85298
4973,6.88311
4974,6.88571
4975,6.87877
4976,6.90187
4977,6.92052
4978,6.96421
4979,6.98576
4980,6.9895
4981,7.01264
4982,7.02727
4983,7.04968
4984,7.06668
4985,7.07273
4986,7.10535
4987,7.12363
4988,7.14378
4989,7.15345
4990,7.17293
4991,7.18927
4992,7.19521
4993,7.20089
4994,7.24236
4995,7.25949
4996,7.2694
4997,7.27908
4998,7.28252
4999,7.291
5000,7.31575
5001,7.32639
5002,7.33501
5003,7.33866
5004,7.34644
5005,7.35517
5006,7.35564
5007,7.38976
5008,7.40414
5009,7.37122
5010,7.34946
5011,7.29918
5012,7.27529
5013,7.26148
5014,7.25747
5015,7.23148
5016,7.21869
5017,7.19715
5018,7.1886
5019,7.16251
5020,7.14872
5021,7.11353
5022,7.09626
5023,7.06388
5024,7.04879
5025,7.01138
5026,6.9927
5027,6.95097
5028,6.93035
5029,6.88395
5030,6.86059
5031,6.81725
5032,6.7982
5033,6.76338
5034,6.74716
5035,6.69975
5036,6.67537
5037,6.62008
5038,6.5925
5039,6.53827
5040,6.51153
5041,6.44999
5042,6.38548
5043,6.35251
5044,6.29114
5045,6.2603
5046,6.22467
5047,6.14868
5048,6.07755
5049,6.04336
5050,5.97874
5051,5.94593
5052,5.87329
5053,5.83702
5054,5.76685
5055,5.69408
5056,5.6193
5057,5.58177
5058,5.50796
5059,5.4709
5060,5.39626
5061,5.359
5062,5.32185
5063,5.24728
5064,5.20976
5065,5.13382
5066,5.09582
5067,5.01948
5068,4.98125
5069,4.90511
5070,4.86715
5071,4.7913
5072,4.71537
5073,4.67741
5074,4.60183
5075,4.56404
5076,4.48678
5077,4.44729
5078,4.40808
5079,4.33214
5080,4.26136
5081,4.19329
5082,4.15886
5083,4.08051
5084,4.04042
5085,3.96413
5086,3.92661
5087,3.84577
5088,3.80483
5089,3.73061
5090,3.69499
5091,3.62419
5092,3.40376
5093,3.06061
5094,2.98663
5095,2.94804
5096,2.81573
5097,2.73436
5098,2.63343
5099,2.58533
5100,2.56342
5101,2.5494
5102,2.50736
5103,2.44421
5104,2.37526
5105,2.34191
5106,2.28465
5107,2.2555
5108,2.17899
5109,2.1401
5110,2.09182
5111,2.04164
5112,1.97608
5113,1.94047
5114,1.88466
5115,1.83174
5116,1.80404
5117,1.73171
5118,1.69564
5119,1.6503
5120,1.62281
5121,1.59517
5122,1.53964
5123,1.48277
5124,1.45373
5125,1.42554
5126,1.37275
5127,1.34604
5128,1.28656
5129,1.2306
5130,1.20379
5131,1.17831
5132,1.15322
5133,1.10362
5134,1.0572
5135,1.03368
5136,0.98293
5137,0.956435
5138,0.927104
5139,0.871619
5140,0.820121
5141,0.768372
5142,0.741677
5143,0.713854
5144,0.686898
5145,0.63477
5146,0.608381
5147,0.57913
5148,0.521108
5149,0.492932
5150,0.467388
5151,0.41595
5152,0.360588
5153,0.332172
5154,0.277135
5155,0.250063
5156,0.194189
5157,0.166109
5158,0.139568
5159,0.0866938
5160,0.0599948
5161,0.0324464
5162,0.00404776
5163,-0.0487231
5164,-0.0745939
5165,-0.129927
5166,-0.158151
5167,-0.210478
5168,-0.236689
5169,-0.294162
5170,-0.323478
5171,-0.375618
5172,-0.401762
5173,-0.460805
5174,-0.491065
5175,-0.503571
5176,-0.532632
5177,-0.632567
5178,-0.682188
5179,-0.718005
5180,-0.732484
5181,-0.808758
5182,-0.849786
5183,-0.900708
5184,-0.922885
5185,-0.990221
5186,-1.02645
5187,-1.07734
5188,-1.09891
5189,-1.15554
5190,-1.18599
5191,-1.21726
5192,-1.27807
5193,-1.30749
5194,-1.35763
5195,-1.38344
5196,-1.44968
5197,-1.5098
5198,-1.53866
5199,-1.59378
5200,-1.62261
5201,-1.68798
5202,-1.7192
5203,-1.74747
5204,-1.80572
5205,-1.83636
5206,-1.90161
5207,-1.93279
5208,-1.99023
5209,-2.01899
5210,-2.05271
5211,-2.11903
5212,-2.15124
5213,-2.22786
5214,-2.29098
5215,-2.32646
5216,-2.39576
5217,-2.43084
5218,-2.49079
5219,-2.52167
5220,-2.59668
5221,-2.63295
5222,-2.69702
5223,-2.72911
5224,-2.80241
5225,-2.83891
5226,-2.87125
5227,-2.9307
5228,-2.96171
5229,-2.9984
5230,-3.07786
5231,-3.11962
5232,-3.20088
5233,-3.24015
5234,-3.31383
5235,-3.35014
5236,-3.41698
5237,-3.44941
5238,-3.48701
5239,-3.55737
5240,-3.62253
5241,-3.65389
5242,-3.72789
5243,-3.7649
5244,-3.83514
5245,-3.90565
5246,-3.97953
5247,-4.01663
5248,-4.05126
5249,-4.11116
5250,-4.14207
5251,-4.22722
5252,-4.27471
5253,-4.3598
5254,-4.42966
5255,-4.4626
5256,-4.54447
5257,-4.58762
5258,-4.66395
5259,-4.73811
5260,-4.777
5261,-4.8194
5262,-4.90214
5263,-4.94177
5264,-4.97704
5265,-5.06209
5266,-5.14126
5267,-5.17616
5268,-5.2524
5269,-5.29207
5270,-5.36368
5271,-5.39971
5272,-5.46757
5273,-5.5383
5274,-5.57378
5275,-5.61407
5276,-5.70442
5277,-5.74728
5278,-5.77718
5279,-5.84665
5280,-5.88305
5281,-5.95261
5282,-5.98855
5283,-6.07114
5284,-6.11593
5285,-6.19619
5286,-6.23757
5287,-6.31366
5288,-6.35081
5289,-6.41689
5290,-6.48338
5291,-6.51621
5292,-6.55117
5293,-6.62193
5294,-6.65581
5295,-6.72193
5296,-6.78606
5297,-6.81837
5298,-6.89658
5299,-6.97788
5300,-7.01656
5301,-7.11456
5302,-7.16536
5303,-7.23097
5304,-7.26167
5305,-7.36384
5306,-7.43266
5307,-7.88266
5308,-8.21136
5309,-8.03674
5310,-7.86815
5311,-7.7881
5312,-7.8057
5313,-8.00032
5314,-8.06748
5315,-8.04972
5316,-8.00829
5317,-8.01028
5318,-8.15405
5319,-8.23239
5320,-8.23657
5321,-8.23368
5322,-8.24393
5323,-8.28074
5324,-8.37732
5325,-8.41499
5326,-8.37784
5327,-8.35236
5328,-8.3572
5329,-8.50009
5330,-8.57154
5331,-8.49082
5332,-8.43005
5333,-8.42655
5334,-8.59778
5335,-8.67253
5336,-8.5035
5337,-8.41033
5338,-8.49998
5339,-8.58858
5340,-8.5359
5341,-8.47134
5342,-8.42244
5343,-8.47861
5344,-8.52446
5345,-8.39887
5346,-8.2249
5347,-8.15705
5348,-8.4518
5349,-8.62577
5350,-8.214
5351,-7.88993
5352,-7.96938
5353,-8.2135
5354,-8.56665
5355,-8.577
5356,-7.46308
5357,-6.91057
5358,-6.98089
5359,-7.86484
5360,-8.62675
5361,-8.44715
5362,-7.90935
5363,-7.08615
5364,-7.1808
5365,-7.63605
5366,-8.86811
5367,-9.19646
5368,-7.30231
5369,-6.15275
5370,-5.98441
5371,-7.65195
5372,-8.25925
5373,-7.59301
5374,-6.5255
5375,-6.25174
5376,-6.83592
5377,-7.57427
5378,-7.48147
5379,-7.25581
5380,-6.85879
5381,-6.6599
5382,-7.21086
5383,-7.58643
5384,-7.60042
5385,-6.64007
5386,-6.21976
5387,-6.23169
5388,-6.62241
5389,-7.08278
5390,-6.92993
5391,-6.67352
5392,-6.38688
5393,-6.59835
5394,-6.79993
5395,-6.74366
5396,-6.45559
5397,-6.27299
5398,-6.2433
5399,-6.39365
5400,-6.34271
5401,-6.29155
5402,-6.16293
5403,-6.1115
5404,-6.07687
5405,-6.05991
5406,-5.93613
5407,-5.86318
5408,-5.7971
5409,-5.78471
5410,-5.75191
5411,-5.72796
5412,-5.61307
5413,-5.51202
5414,-5.47219
5415,-5.41106
5416,-5.37495
5417,-5.29042
5418,-5.25555
5419,-5.13965
5420,-5.0846
5421,-5.07731
5422,-5.0206
5423,-4.94406
5424,-4.90753
5425,-4.85444
5426,-4.83125
5427,-4.78285
5428,-4.73649
5429,-4.69674
5430,-4.67652
5431,-4.62464
5432,-4.5647
5433,-4.53285
5434,-4.49686
5435,-4.46007
5436,-4.4351
5437,-4.39569
5438,-4.37803
5439,-4.33544
5440,-4.31387
5441,-4.27228
5442,-4.25513
5443,-4.22787
5444,-4.21727
5445,-4.17742
5446,-4.1585
5447,-4.12813
5448,-4.09151
5449,-4.03901
5450,-4.0201
5451,-4.00422
5452,-3.95188
5453,-3.91236
5454,-3.81494
5455,-3.78844
5456,-3.7953
5457,-3.7877
5458,-3.70786
5459,-3.57898
5460,-3.58836
5461,-3.59337
5462,-3.63242
5463,-3.62527
5464,-3.53635
5465,-3.16769
5466,-3.02085
5467,-3.58349
5468,-3.93094
5469,-3.46305
5470,-3.10545
5471,-2.42753
5472,-2.31656
5473,-3.25519
5474,-3.65308
5475,-2.58813
5476,-2.04156
5477,-1.92513
5478,-2.69304
5479,-3.10751
5480,-2.85312
5481,-2.3608
5482,-2.22361
5483,-2.42042
5484,-3.22758
5485,-3.49698
5486,-2.50649
5487,-2.00669
5488,-1.88292
5489,-2.16051
5490,-2.47231
5491,-2.41633
5492,-2.3827
5493,-2.30796
5494,-2.24963
5495,-2.39497
5496,-2.48705
5497,-2.13933
5498,-1.91406
5499,-1.82752
5500,-2.23429
5501,-2.36801
5502,-1.9242
5503,-1.7207
5504,-1.69334
5505,-2.11517
5506,-2.20185
5507,-1.92985
5508,-1.79878
5509,-1.72165
5510,-2.04766
5511,-2.09469
5512,-2.00028
5513,-1.81282
5514,-1.62423
5515,-1.78917
5516,-1.9305
5517,-1.82423
5518,-1.71605
5519,-1.64457
5520,-1.64283
5521,-1.70524
5522,-1.72452
5523,-1.67231
5524,-1.55325
5525,-1.51427
5526,-1.59476
5527,-1.63443
5528,-1.5215
5529,-1.44842
5530,-1.43653
5531,-1.4645
5532,-1.46455
5533,-1.44718
5534,-1.40993
5535,-1.35614
5536,-1.33945
5537,-1.3438
5538,-1.34325
5539,-1.31813
5540,-1.24839
5541,-1.221
5542,-1.22038
5543,-1.2037
5544,-1.18875
5545,-1.16744
5546,-1.11512
5547,-1.08281
5548,-1.07379
5549,-1.06423
5550,-1.02339
5551,-0.986617
5552,-0.972121
5553,-0.95843
5554,-0.952304
5555,-0.908144
5556,-0.881972
5557,-0.862419
5558,-0.862785
5559,-0.812946
5560,-0.776663
5561,-0.799394
5562,-0.832268
5563,-0.790622
5564,-0.752456
5565,-0.716611
5566,-0.716744
5567,-0.739245
5568,-0.738691
5569,-0.668811
5570,-0.638096
5571,-0.669073
5572,-0.684765
5573,-0.614823
5574,-0.579119
5575,-0.601166
5576,-0.589584
5577,-0.567543
5578,-0.544071
5579,-0.529028
5580,-0.517213
5581,-0.511714
5582,-0.484158
5583,-0.461209
5584,-0.45282
5585,-0.429594
5586,-0.417021
5587,-0.407001
5588,-0.387775
5589,-0.377902
5590,-0.354618
5591,-0.343194
5592,-0.323464
5593,-0.301831
5594,-0.29034
5595,-0.265477
5596,-0.243325
5597,-0.233733
5598,-0.229761
5599,-0.231135
5600,-0.212893
5601,-0.199439
5602,-0.195638
5603,-0.1985
5604,-0.195071
5605,-0.189606
5606,-0.170044
5607,-0.162443
5608,-0.161489
5609,-0.144493
5610,-0.134289
5611,-0.122557
5612,-0.116008
5613,-0.112974
5614,-0.0996313
5615,-0.0924915
5616,-0.0831914
5617,-0.0792736
5618,-0.0741569
5619,-0.0587897
5620,-0.0510914
5621,-0.0430277
5622,-0.039836
5623,-0.029727
5624,-0.0197781
5625,-0.0151541
5626,-0.0140627
5627,-0.0107703
5628,-0.00846031
5629,-0.00705686
5630,-0.00667229
5631,-0.00284878
5632,-9.25265e-05
5633,0.0158004
5634,0.0309662
5635,0.0371255
5636,0.037295
5637,0.0382488
5638,0.0471561
5639,0.0752858
5640,0.0867387
5641,0.0765965
5642,0.0855861
5643,0.0986144
5644,0.135349
5645,0.149074
5646,0.142503
5647,0.131435
5648,0.158387
5649,0.192132
5650,0.202051
5651,0.197329
5652,0.194955
5653,0.226462
5654,0.255693
5655,0.262807
5656,0.259797
5657,0.268852
5658,0.29496
5659,0.322787
5660,0.327173
5661,0.319509
5662,0.325765
5663,0.3369
5664,0.359315
5665,0.376062
5666,0.39425
5667,0.404472
5668,0.432251
5669,0.458517
5670,0.46785
5671,0.467812
5672,0.469482
5673,0.486052
5674,0.549417
5675,0.579014
5676,0.5715
5677,0.559972
5678,0.598262
5679,0.639243
5680,0.65126
5681,0.628199
5682,0.617972
5683,0.641631
5684,0.686954
5685,0.716206
5686,0.730537
5687,0.741268
5688,0.760206
5689,0.772288
5690,0.774559
5691,0.776057
5692,0.783388
5693,0.801883
5694,0.845619
5695,0.867351
5696,0.870966
5697,0.872969
5698,0.90334
5699,0.935634
5700,0.947892
5701,0.947071
5702,0.947497
5703,0.994813
5704,1.02184
5705,1.03136
5706,1.03116
5707,1.04156
5708,1.0893
5709,1.11243
5710,1.11496
5711,1.12514
5712,1.13775
5713,1.17805
5714,1.19379
5715,1.21415
5716,1.22401
5717,1.22516
5718,1.24428
5719,1.26906
5720,1.30551
5721,1.32787
5722,1.37542
5723,1.3972
5724,1.41621
5725,1.42988
5726,1.43869
5727,1.48132
5728,1.50443
5729,1.52877
5730,1.53812
5731,1.57707
5732,1.60081
5733,1.64075
5734,1.65633
5735,1.67479
5736,1.72336
5737,1.77277
5738,1.79691
5739,1.83953
5740,1.88303
5741,1.90548
5742,1.9437
5743,1.98385
5744,2.00884
5745,2.05578
5746,2.09895
5747,2.14208
5748,2.16424
5749,2.20829
5750,2.24909
5751,2.26836
5752,2.2862
5753,2.32695
5754,2.37542
5755,2.40162
5756,2.42682
5757,2.47367
5758,2.52382
5759,2.54985
5760,2.60403
5761,2.63195
5762,2.68933
5763,2.71896
5764,2.77842
5765,2.80808
5766,2.89609
5767,2.9248
5768,2.98068
5769,3.03702
5770,3.09594
5771,3.15667
5772,3.22202
5773,3.25667
5774,3.33634
5775,3.41453
5776,3.67612
5777,3.88813
5778,4.02782
5779,4.09084
5780,4.15729
5781,4.15729
5782,4.27071
5783,4.38889
5784,4.41984
5785,4.49289
5786,4.52938
5787,4.5887
5788,4.61901
5789,4.64871
5790,4.70801
5791,4.73768
5792,4.79375
5793,4.85231
5794,4.88286
5795,4.9491
5796,4.98252
5797,5.04646
5798,5.07844
5799,5.14691
5800,5.18173
5801,5.21515
5802,5.27943
5803,5.31177
5804,5.38089
5805,5.41559
5806,5.44899
5807,5.48305
5808,5.55233
5809,5.62528
5810,5.663
5811,5.73379
5812,5.76853
5813,5.84425
5814,5.8826
5815,5.95564
5816,6.02705
5817,6.06286
5818,6.0987
5819,6.17176
5820,6.20829
5821,6.2791
5822,6.31411
5823,6.38581
5824,6.42159
5825,6.49239
5826,6.56282
5827,6.59807
5828,6.63348
5829,6.70421
5830,6.73954
5831,6.8115
5832,6.8825
5833,6.95193
5834,6.98602
5835,7.05482
5836,7.12372
5837,7.15806
5838,7.22634
5839,7.2602
5840,7.32768
5841,7.36105
5842,7.42732
5843,7.46007
5844,7.52491
5845,7.55683
5846,7.62034
5847,7.65171
5848,7.71225
5849,7.74117
5850,7.79078
5851,7.83902
5852,7.8644
5853,7.91377
5854,7.96159
5855,8.01068
5856,8.03525
5857,8.07918
5858,8.09934
5859,8.14018
5860,8.15837
5861,8.19344
5862,8.2092
5863,8.24732
5864,8.26587
5865,8.29859
5866,8.31228
5867,8.33711
5868,8.34679
5869,8.36755
5870,8.37587
5871,8.40311
5872,8.41633
5873,8.42969
5874,8.43824
5875,8.44927
5876,8.4644
5877,8.47386
5878,8.48252
5879,8.48768
5880,8.49956
5881,8.52057
5882,8.53181
5883,8.5236
5884,8.51474
5885,8.5092
5886,8.4976
5887,8.49172
5888,8.46512
5889,8.4494
5890,8.4469
5891,8.44689
5892,8.44836
5893,8.44612
5894,8.44227
5895,8.43899
5896,8.4121
5897,8.37726
5898,8.36134
5899,8.322
5900,8.2984
5901,8.25967
5902,8.23851
5903,8.2098
5904,8.19523
5905,8.1587
5906,8.11289
5907,8.09051
5908,8.06513
5909,8.0525
5910,8.0407
5911,8.02956
5912,7.99483
5913,7.97686
5914,7.95613
5915,7.92587
5916,7.91028
5917,7.8673
5918,7.84558
5919,7.80863
5920,7.79186
5921,7.74912
5922,7.72747
5923,7.64789
5924,7.55183
5925,7.50188
5926,7.42174
5927,7.38963
5928,7.37373
5929,7.37135
5930,7.22498
5931,7.12897
5932,7.0772
5933,7.08019
5934,7.1445
5935,7.15744
5936,7.07246
5937,6.76676
5938,6.69773
5939,6.73625
5940,6.96209
5941,7.02934
5942,6.63408
5943,6.30892
5944,6.2468
5945,6.45158
5946,6.99586
5947,7.15693
5948,6.88031
5949,5.7471
5950,5.29373
5951,6.30541
5952,7.25613
5953,6.8346
5954,5.44958
5955,4.75384
5956,4.89164
5957,6.61628
5958,6.912
5959,6.24589
5960,5.39668
5961,4.90037
5962,4.96572
5963,6.05375
5964,6.52502
5965,5.40133
5966,4.52005
5967,4.39513
5968,5.50428
5969,6.07577
5970,5.3248
5971,4.73193
5972,4.4185
5973,4.89976
5974,5.22784
5975,5.00928
5976,4.48515
5977,4.23928
5978,4.29422
5979,4.8338
5980,4.96056
5981,4.85239
5982,4.21502
5983,3.94949
5984,4.21332
5985,4.44644
5986,4.46498
5987,4.06265
5988,3.84142
5989,3.92852
5990,4.03445
5991,4.04153
5992,4.00022
5993,3.77688
5994,3.69011
5995,3.69513
5996,3.69956
5997,3.65193
5998,3.60453
5999,3.58167
6000,3.53135
6001,3.50531
6002,3.47877
6003,3.41677
6004,3.38499
6005,3.3308
6006,3.27833
6007,3.2217
6008,3.19164
6009,3.162
6010,3.10421
6011,3.07504
6012,3.00652
6013,2.96853
6014,2.91237
6015,2.88949
6016,2.84863
6017,2.82679
6018,2.79772
6019,2.73573
6020,2.70639
6021,2.66556
6022,2.62226
6023,2.59938
6024,2.54202
6025,2.51345
6026,2.47258
6027,2.45306
6028,2.40587
6029,2.38084
6030,2.33336
6031,2.31072
6032,2.26958
6033,2.24922
6034,2.20208
6035,2.17816
6036,2.13858
6037,2.10074
6038,2.08118
6039,2.03486
6040,2.01175
6041,1.99244
6042,1.95853
6043,1.94095
6044,1.89702
6045,1.87441
6046,1.8388
6047,1.80432
6048,1.78656
6049,1.74419
6050,1.70544
6051,1.67191
6052,1.65557
6053,1.61889
6054,1.59996
6055,1.56403
6056,1.54673
6057,1.51333
6058,1.4962
6059,1.47914
6060,1.46125
6061,1.42629
6062,1.39327
6063,1.37726
6064,1.34416
6065,1.31078
6066,1.29413
6067,1.26272
6068,1.24729
6069,1.23115
6070,1.19815
6071,1.18183
6072,1.15028
6073,1.13508
6074,1.10404
6075,1.08859
6076,1.07356
6077,1.04378
6078,1.01378
6079,0.99877
6080,0.968749
6081,0.953837
6082,0.92406
6083,0.909223
6084,0.879658
6085,0.864957
6086,0.835733
6087,0.806695
6088,0.792246
6089,0.763437
6090,0.749096
6091,0.720544
6092,0.70633
6093,0.67804
6094,0.649921
6095,0.635924
6096,0.608052
6097,0.594168
6098,0.566535
6099,0.552769
6100,0.525372
6101,0.511721
6102,0.484546
6103,0.457495
6104,0.444012
6105,0.430575
6106,0.40379
6107,0.377109
6108,0.350539
6109,0.337287
6110,0.310855
6111,0.284503
6112,0.271362
6113,0.258301
6114,0.232349
6115,0.219385
6116,0.206404
6117,0.180414
6118,0.154399
6119,0.141385
6120,0.115163
6121,0.0889328
6122,0.0758348
6123,0.0496703
6124,0.024833
6125,-0.00016896
6126,-0.0127202
6127,-0.0379427
6128,-0.0632713
6129,-0.0759836
6130,-0.101495
6131,-0.114267
6132,-0.140893
6133,-0.154504
6134,-0.180889
6135,-0.207327
6136,-0.220481
6137,-0.234133
6138,-0.263003
6139,-0.277261
6140,-0.302432
6141,-0.32929
6142,-0.358189
6143,-0.372951
6144,-0.402027
6145,-0.416701
6146,-0.445055
6147,-0.474311
6148,-0.488929
6149,-0.503878
6150,-0.534202
6151,-0.548722
6152,-0.571952
6153,-0.597786
6154,-0.61219
6155,-0.628535
6156,-0.658946
6157,-0.673245
6158,-0.698086
6159,-0.726059
6160,-0.741256
6161,-0.772998
6162,-0.788605
6163,-0.814376
6164,-0.827219
6165,-0.85938
6166,-0.876186
6167,-0.890816
6168,-0.917618
6169,-0.947207
6170,-0.96303
6171,-0.996029
6172,-1.01241
6173,-1.04056
6174,-1.05467
6175,-1.08833
6176,-1.10585
6177,-1.13637
6178,-1.15139
6179,-1.18435
6180,-1.21808
6181,-1.23473
6182,-1.26748
6183,-1.28417
6184,-1.31876
6185,-1.3534
6186,-1.37049
6187,-1.4055
6188,-1.42346
6189,-1.44118
6190,-1.47762
6191,-1.5137
6192,-1.53156
6193,-1.56925
6194,-1.6069
6195,-1.62533
6196,-1.64387
6197,-1.68242
6198,-1.70194
6199,-1.74073
6200,-1.78093
6201,-1.80132
6202,-1.84235
6203,-1.86306
6204,-1.88318
6205,-1.9264
6206,-1.96969
6207,-1.991
6208,-2.03434
6209,-2.0564
6210,-2.10089
6211,-2.12381
6212,-2.17042
6213,-2.1936
6214,-2.24004
6215,-2.26342
6216,-2.28742
6217,-2.33722
6218,-2.36231
6219,-2.40833
6220,-2.45349
6221,-2.50292
6222,-2.52939
6223,-2.58202
6224,-2.63138
6225,-2.6804
6226,-2.7057
6227,-2.76124
6228,-2.78926
6229,-2.83895
6230,-2.86393
6231,-2.9215
6232,-2.95115
6233,-3.00497
6234,-3.03173
6235,-3.09021
6236,-3.12038
6237,-3.17885
6238,-3.23741
6239,-3.26699
6240,-3.32855
6241,-3.35974
6242,-3.42088
6243,-3.45198
6244,-3.51658
6245,-3.54888
6246,-3.61087
6247,-3.64166
6248,-3.70695
6249,-3.74002
6250,-3.77422
6251,-3.8074
6252,-3.87185
6253,-3.90439
6254,-3.97607
6255,-4.0124
6256,-4.08209
6257,-4.11588
6258,-4.15103
6259,-4.22234
6260,-4.25909
6261,-4.33954
6262,-4.41706
6263,-4.45465
6264,-4.51899
6265,-4.55035
6266,-4.62475
6267,-4.663
6268,-4.73525
6269,-4.77013
6270,-4.80591
6271,-4.8813
6272,-4.91891
6273,-4.97623
6274,-5.00169
6275,-5.05986
6276,-5.12811
6277,-5.16353
6278,-5.22636
6279,-5.25655
6280,-5.32649
6281,-5.36304
6282,-5.4314
6283,-5.49629
6284,-5.52843
6285,-5.62813
6286,-5.6822
6287,-5.7183
6288,-5.78068
6289,-5.81157
6290,-5.8701
6291,-5.92828
6292,-5.95718
6293,-6.03999
6294,-6.08475
6295,-6.16187
6296,-6.20039
6297,-6.23504
6298,-6.30721
6299,-6.34274
6300,-6.40728
6301,-6.47419
6302,-6.50765
6303,-6.57969
6304,-6.64969
6305,-6.68418
6306,-6.7529
6307,-6.78691
6308,-6.85737
6309,-6.89315
6310,-6.92908
6311,-7.00505
6312,-7.08494
6313,-7.12561
6314,-7.17559
6315,-7.31005
6316,-7.37171
6317,-7.39499
6318,-7.43103
6319,-7.45241
6320,-7.53827
6321,-7.58783
6322,-7.88887
6323,-8.10611
6324,-8.23278
6325,-8.20679
6326,-7.98907
6327,-7.94333
6328,-7.97536
6329,-8.19228
6330,-8.28901
6331,-8.22299
6332,-8.18662
6333,-8.2447
6334,-8.39797
6335,-8.45296
6336,-8.44269
6337,-8.44874
6338,-8.46701
6339,-8.50867
6340,-8.59497
6341,-8.62685
6342,-8.60507
6343,-8.59109
6344,-8.59789
6345,-8.69324
6346,-8.73911
6347,-8.7003
6348,-8.66978
6349,-8.67008
6350,-8.78171
6351,-8.83552
6352,-8.76536
6353,-8.71299
6354,-8.71402
6355,-8.94651
6356,-8.61505
6357,-8.53257
6358,-8.6187
6359,-8.41664
6360,-8.20207
6361,-8.26109
6362,-8.40295
6363,-8.44794
6364,-8.34114
6365,-7.91123
6366,-7.87988
6367,-8.27538
6368,-8.52384
6369,-7.97902
6370,-7.58086
6371,-7.74572
6372,-8.00873
6373,-8.20539
6374,-8.13825
6375,-7.53671
6376,-7.27019
6377,-7.83068
6378,-8.23242
6379,-7.85894
6380,-7.46777
6381,-7.24336
6382,-7.29155
6383,-7.6118
6384,-7.80854
6385,-7.75797
6386,-7.45065
6387,-7.11777
6388,-7.27475
6389,-7.45624
6390,-7.4463
6391,-7.31712
6392,-6.94752
6393,-6.82481
6394,-6.91824
6395,-7.25613
6396,-7.15431
6397,-6.98401
6398,-6.85089
6399,-6.86822
6400,-7.05136
6401,-7.08193
6402,-6.71995
6403,-6.54339
6404,-6.71051
6405,-6.83701
6406,-6.67415
6407,-6.44663
6408,-6.36061
6409,-6.46439
6410,-6.52551
6411,-6.40549
6412,-6.31065
6413,-6.21835
6414,-6.19741
6415,-6.14885
6416,-6.1138
6417,-6.05709
6418,-5.93275
6419,-5.84751
6420,-5.81321
6421,-5.77409
6422,-5.74499
6423,-5.66629
6424,-5.63685
6425,-5.53245
6426,-5.46034
6427,-5.36093
6428,-5.31753
6429,-5.30242
6430,-5.2672
6431,-5.22858
6432,-5.19009
6433,-5.18026
6434,-5.1752
6435,-5.03062
6436,-4.9503
6437,-4.81371
6438,-4.72926
6439,-4.70905
6440,-4.70917
6441,-4.7305
6442,-4.69162
6443,-4.65345
6444,-4.64022
6445,-4.64188
6446,-4.57327
6447,-4.53375
6448,-4.45234
6449,-4.42104
6450,-4.44812
6451,-4.47462
6452,-4.32021
6453,-4.21164
6454,-4.22016
6455,-4.28277
6456,-4.31632
6457,-4.2662
6458,-3.84418
6459,-3.6334
6460,-4.01692
6461,-4.29377
6462,-4.29552
6463,-3.6449
6464,-3.34327
6465,-3.29306
6466,-3.82468
6467,-4.22195
6468,-3.98538
6469,-3.07021
6470,-2.43862
6471,-2.7886
6472,-3.21534
6473,-3.58395
6474,-3.58401
6475,-3.48702
6476,-2.79678
6477,-2.70095
6478,-2.82871
6479,-3.7292
6480,-4.05244
6481,-3.69116
6482,-2.72983
6483,-2.27852
6484,-2.24057
6485,-2.69195
6486,-2.94682
6487,-2.78178
6488,-2.5945
6489,-2.45046
6490,-2.80006
6491,-3.01939
6492,-2.94358
6493,-2.15813
6494,-1.82732
6495,-1.94555
6496,-2.53468
6497,-2.55745
6498,-2.22451
6499,-2.20579
6500,-2.59542
6501,-2.72391
6502,-2.64354
6503,-1.82762
6504,-1.40411
6505,-2.00881
6506,-2.39584
6507,-2.17838
6508,-2.15583
6509,-1.95527
6510,-1.88319
6511,-2.02569
6512,-2.13797
6513,-1.74793
6514,-1.60692
6515,-1.61116
6516,-1.89827
6517,-1.84629
6518,-1.29148
6519,-0.974137
6520,-1.0336
6521,-2.49229
6522,-3.12657
6523,-0.772577
6524,0.297227
6525,0.443274
6526,-1.81851
6527,-2.7081
6528,-1.00253
6529,-0.0702921
6530,-1.12612
6531,-1.9314
6532,-0.572466
6533,0.134449
6534,-0.227407
6535,-1.45103
6536,-0.881393
6537,-0.0973597
6538,-0.0215592
6539,-1.53585
6540,-1.02403
6541,-0.134298
6542,0.216013
6543,-0.570099
6544,-1.30932
6545,-1.30049
6546,-0.563587
6547,-0.152199
6548,-0.165985
6549,-1.44071
6550,-2.0605
6551,-0.124899
6552,0.556107
6553,-0.106869
6554,-0.773533
6555,0.138738
6556,0.812579
6557,-0.743229
6558,-1.39328
6559,0.276524
6560,0.527342
6561,-0.609061
6562,-1.10684
6563,-0.432823
6564,0.826655
6565,0.0221997
6566,-0.86821
6567,0.112754
6568,0.943237
6569,0.918838
6570,-0.671951
6571,-1.36626
6572,0.629395
6573,0.938982
6574,0.268368
6575,-0.467225
6576,-0.525165
6577,0.351065
6578,0.872792
6579,0.0127598
6580,-0.583511
6581,-0.230055
6582,1.22981
6583,0.80687
6584,-0.407974
6585,-0.818378
6586,0.0159467
6587,1.38308
6588,1.63121
6589,-0.339668
6590,-0.519433
6591,0.151938
6592,1.07652
6593,0.987312
6594,0.47389
6595,0.264006
6596,0.843079
6597,1.05695
6598,0.951953
6599,0.652356
6600,0.551999
6601,0.640372
6602,1.06181
6603,1.25039
6604,1.18166
6605,0.55329
6606,0.29423
6607,1.17412
6608,1.74602
6609,1.25756
6610,0.789721
6611,0.78075
6612,1.29384
6613,1.73793
6614,1.24392
6615,0.880813
6616,0.673358
6617,1.19357
6618,1.55076
6619,1.97648
6620,1.77823
6621,0.867685
6622,0.374607
6623,0.842974
6624,2.50253
6625,3.06743
6626,0.96244
6627,0.421599
6628,1.90524
6629,2.79488
6630,1.98205
6631,1.28347
6632,0.96983
6633,1.92316
6634,2.48514
6635,2.12987
6636,1.72099
6637,1.40599
6638,1.88834
6639,2.2423
6640,2.43809
6641,2.39475
6642,1.54928
6643,1.88854
6644,2.7716
6645,3.03677
6646,1.74621
6647,1.09154
6648,2.77327
6649,3.71682
6650,2.29189
6651,1.24186
6652,2.57477
6653,3.48514
6654,2.78053
6655,2.06635
6656,2.44894
6657,2.97028
6658,3.11423
6659,2.9767
6660,2.61309
6661,2.50109
6662,2.92565
6663,3.18721
6664,3.17448
6665,3.06962
6666,2.92747
6667,2.97277
6668,3.22701
6669,3.41172
6670,3.44089
6671,3.20204
6672,3.11082
6673,3.22216
6674,3.68004
6675,3.88139
6676,3.52245
6677,3.29379
6678,3.56631
6679,3.97559
6680,4.15147
6681,3.74419
6682,3.52562
6683,3.54757
6684,4.28601
6685,4.67905
6686,4.70234
6687,4.00505
6688,3.85987
6689,4.42412
6690,4.79974
6691,4.69283
6692,4.50853
6693,4.3912
6694,4.57371
6695,4.95889
6696,5.1611
6697,5.08074
6698,4.81289
6699,4.87098
6700,5.00754
6701,5.11136
6702,5.09263
6703,5.06187
6704,5.20448
6705,5.29225
6706,5.35481
6707,5.40209
6708,5.41388
6709,5.48446
6710,5.51315
6711,5.59485
6712,5.62538
6713,5.70601
6714,5.75368
6715,5.85656
6716,5.9042
6717,5.96558
6718,5.996
6719,6.02627
6720,6.09118
6721,6.12149
6722,6.22081
6723,6.27566
6724,6.33536
6725,6.3615
6726,6.42481
6727,6.5089
6728,6.55614
6729,6.61968
6730,6.64611
6731,6.70929
6732,6.74465
6733,6.78814
6734,6.87182
6735,6.91038
6736,6.95771
6737,7.02903
6738,7.07294
6739,7.14729
6740,7.17884
6741,7.23374
6742,7.29933
6743,7.33514
6744,7.3683
6745,7.42118
6746,7.48425
6747,7.52027
6748,7.55649
6749,7.61678
6750,7.64497
6751,7.70225
6752,7.75633
6753,7.78291
6754,7.82537
6755,7.84449
6756,7.8974
6757,7.9225
6758,7.96323
6759,7.98237
6760,8.03122
6761,8.05334
6762,8.08714
6763,8.10219
6764,8.13978
6765,8.15468
6766,8.18451
6767,8.19854
6768,8.23212
6769,8.24577
6770,8.26499
6771,8.27197
6772,8.32855
6773,8.35979
6774,8.3963
6775,8.4156
6776,8.44146
6777,8.463
6778,8.47479
6779,8.48147
6780,8.46508
6781,8.45252
6782,8.46805
6783,8.47226
6784,8.46304
6785,8.45981
6786,8.48511
6787,8.49464
6788,8.48113
6789,8.47454
6790,8.47916
6791,8.47601
6792,8.46491
6793,8.46061
6794,8.46318
6795,8.44981
6796,8.43238
6797,8.40407
6798,8.3923
6799,8.38441
6800,8.36163
6801,8.34935
6802,8.34339
6803,8.33753
6804,8.30385
6805,8.28329
6806,8.25023
6807,8.22862
6808,8.22541
6809,8.22961
6810,8.19681
6811,8.16018
6812,8.14261
6813,8.11169
6814,8.09846
6815,8.07425
6816,8.06057
6817,8.01392
6818,7.9911
6819,7.97079
6820,7.96495
6821,7.89149
6822,7.83729
6823,7.74207
6824,7.70172
6825,7.70627
6826,7.70903
6827,7.6155
6828,7.55351
6829,7.51189
6830,7.51942
6831,7.50116
6832,7.48329
6833,7.34801
6834,7.26552
6835,7.24662
6836,7.25996
6837,7.26504
6838,7.1641
6839,7.0534
6840,7.00827
6841,6.99913
6842,7.03103
6843,6.97886
6844,6.92612
6845,6.83534
6846,6.73014
6847,6.69731
6848,6.66883
6849,6.64085
6850,6.51272
6851,6.45006
6852,6.4079
6853,6.36505
6854,6.33282
6855,6.27889
6856,6.17937
6857,6.10616
6858,6.0747
6859,5.99713
6860,5.91155
6861,5.86917
6862,5.80068
6863,5.76782
6864,5.7295
6865,5.64532
6866,5.6034
6867,5.52998
6868,5.45297
6869,5.36905
6870,5.28501
6871,5.24368
6872,5.2006
6873,5.12469
6874,5.08882
6875,5.02266
6876,4.98783
6877,4.92154
6878,4.8526
6879,4.8165
6880,4.77806
6881,4.7024
6882,4.66539
6883,4.56319
6884,4.52924
6885,4.45835
6886,4.42402
6887,4.36359
6888,4.30153
6889,4.23566
6890,4.20264
6891,4.14639
6892,4.08933
6893,4.02815
6894,3.99727
6895,3.94342
6896,3.91718
6897,3.85537
6898,3.79667
6899,3.76941
6900,3.71615
6901,3.68935
6902,3.63325
6903,3.60551
6904,3.5553
6905,3.53076
6906,3.50461
6907,3.45221
6908,3.40341
6909,3.35376
6910,3.30038
6911,3.24951
6912,3.2007
6913,3.1496
6914,3.12344
6915,3.07371
6916,3.04937
6917,3.02687
6918,2.98246
6919,2.95987
6920,2.91244
6921,2.86691
6922,2.82343
6923,2.77961
6924,2.75745
6925,2.73535
6926,2.69263
6927,2.67161
6928,2.6302
6929,2.60956
6930,2.57288
6931,2.55551
6932,2.50597
6933,2.47859
6934,2.43271
6935,2.4097
6936,2.37336
6937,2.3438
6938,2.31154
6939,2.27494
6940,2.25604
6941,2.23888
6942,2.22327
6943,2.19043
6944,2.17337
6945,2.13773
6946,2.11968
6947,2.08992
6948,2.07586
6949,2.04338
6950,2.0267
6951,1.99674
6952,1.9825
6953,1.95393
6954,1.93953
6955,1.90977
6956,1.89509
6957,1.86911
6958,1.85649
6959,1.84285
6960,1.81414
6961,1.80009
6962,1.77731
6963,1.76632
6964,1.7396
6965,1.72516
6966,1.70213
6967,1.691
6968,1.66732
6969,1.65521
6970,1.63215
6971,1.62093
6972,1.59963
6973,1.589
6974,1.57793
6975,1.56655
6976,1.5452
6977,1.52627
6978,1.51743
6979,1.49355
6980,1.48127
6981,1.46517
6982,1.4485
6983,1.43905
6984,1.41395
6985,1.40155
6986,1.38983
6987,1.38468
6988,1.3746
6989,1.34565
6990,1.33224
6991,1.32937
6992,1.31662
6993,1.30527
6994,1.28804
6995,1.26525
6996,1.25713
6997,1.25551
6998,1.23396
6999,1.22063
7000,1.20779
7001,1.20347
7002,1.19838
7003,1.17876
7004,1.16207
7005,1.15193
7006,1.14773
7007,1.13238
7008,1.11942
7009,1.11163
7010,1.10377
7011,1.09883
7012,1.08465
7013,1.07455
7014,1.06862
7015,1.06596
7016,1.05359
7017,1.04277
7018,1.03862
7019,1.0357
7020,1.03404
7021,1.0199
7022,1.01229
7023,1.01251
7024,1.0134
7025,1.00406
7026,0.995584
7027,0.9853
7028,0.981137
7029,0.978471
7030,0.97802
7031,0.973531
7032,0.968646
7033,0.964855
7034,0.961413
7035,0.95731
7036,0.954439
7037,0.953631
7038,0.947923
7039,0.944914
7040,0.944575
7041,0.945116
7042,0.944136
7043,0.938257
7044,0.935394
7045,0.937731
7046,0.938364
7047,0.937211
7048,0.930153
7049,0.928861
7050,0.933064
7051,0.935397
7052,0.929208
7053,0.925259
7054,0.930182
7055,0.934075
7056,0.930966
7057,0.927018
7058,0.929791
7059,0.932889
7060,0.93451
7061,0.934121
7062,0.932631
7063,0.934266
7064,0.935806
7065,0.939019
7066,0.939344
7067,0.939768
7068,0.941219
7069,0.945464
7070,0.947432
7071,0.949329
7072,0.948069
7073,0.951817
7074,0.955685
7075,0.959664
7076,0.960706
7077,0.96316
7078,0.964305
7079,0.971398
7080,0.974585
7081,0.975671
7082,0.975861
7083,0.979087
7084,0.989304
7085,0.993916
7086,0.992423
7087,0.991029
7088,1.00447
7089,1.01549
7090,1.01888
7091,1.01164
7092,1.00858
7093,1.03361
7094,1.0481
7095,1.04918
7096,1.0387
7097,1.03746
7098,1.07211
7099,1.08683
7100,1.08535
7101,1.09737
7102,1.10758
7103,1.12639
7104,1.14318
7105,1.15068
7106,1.17281
7107,1.18568
7108,1.19387
7109,1.21948
7110,1.24287
7111,1.25394
7112,1.26491
7113,1.286
7114,1.29627
7115,1.31882
7116,1.34135
7117,1.36156
7118,1.37091
7119,1.38139
7120,1.39808
7121,1.40946
7122,1.43225
7123,1.4431
7124,1.45578
7125,1.46171
7126,1.48445
7127,1.49602
7128,1.51558
7129,1.5243
7130,1.54154
7131,1.55072
7132,1.57357
7133,1.58503
7134,1.60253
7135,1.61094
7136,1.62145
7137,1.6457
7138,1.65746
7139,1.67652
7140,1.69712
7141,1.70851
7142,1.73358
7143,1.74588
7144,1.76774
7145,1.77859
7146,1.80362
7147,1.81652
7148,1.84186
7149,1.86736
7150,1.88033
7151,1.89261
7152,1.91865
7153,1.93212
7154,1.95945
7155,1.98707
7156,2.01511
7157,2.0293
7158,2.04362
7159,2.07265
7160,2.08734
7161,2.13234
7162,2.14759
7163,2.17863
7164,2.19435
7165,2.21024
7166,2.22631
7167,2.25969
7168,2.27674
7169,2.29389
7170,2.32879
7171,2.36395
7172,2.38162
7173,2.41779
7174,2.45441
7175,2.47283
7176,2.51059
7177,2.54881
7178,2.56802
7179,2.58753
7180,2.62743
7181,2.64746
7182,2.68805
7183,2.70853
7184,2.75013
7185,2.79216
7186,2.81321
7187,2.85556
7188,2.87682
7189,2.92319
7190,2.94769
7191,2.99341
7192,3.03837
7193,3.06254
7194,3.11247
7195,3.13809
7196,3.18617
7197,3.21059
7198,3.262
7199,3.2889
7200,3.34159
7201,3.39397
7202,3.4197
7203,3.47855
7204,3.50938
7205,3.56541
7206,3.59358
7207,3.65402
7208,3.6861
7209,3.75018
7210,3.78293
7211,3.81218
7212,3.87551
7213,3.93754
7214,3.99909
7215,4.03065
7216,4.10315
7217,4.14043
7218,4.20194
7219,4.26764
7220,4.3015
7221,4.36769
7222,4.40079
7223,4.46569
7224,4.49912
7225,4.53315
7226,4.60593
7227,4.67353
7228,4.67353
7229,4.85251
7230,4.97146
7231,5.04781
7232,5.35522
7233,5.51242
7234,5.54565
7235,5.81119
7236,5.87225
7237,5.89794
7238,5.95219
7239,5.98801
7240,6.05993
7241,6.13667
7242,6.17757
7243,6.28623
7244,6.32141
7245,6.40597
7246,6.48633
7247,6.5217
7248,6.5723
7249,6.63139
7250,6.66694
7251,6.7711
7252,6.84423
7253,6.87725
7254,6.88745
7255,6.98706
7256,7.09469
7257,7.14098
7258,7.14935
7259,7.14768
7260,7.18689
7261,7.33887
7262,7.43553
7263,7.45971
7264,7.4089
7265,7.38531
7266,7.57996
7267,7.70125
7268,7.70915
7269,7.67429
7270,7.64779
7271,7.76903
7272,7.84439
7273,7.92438
7274,7.92355
7275,7.91145
7276,7.99547
7277,8.11367
7278,8.16623
7279,8.1311
7280,8.10088
7281,8.22146
7282,8.30043
7283,8.36747
7284,8.31327
7285,8.26817
7286,8.37257
7287,8.52132
7288,8.54311
7289,8.51215
7290,8.42907
7291,8.41842
7292,8.66915
7293,8.80698
7294,8.82324
7295,8.3974
7296,8.32732
7297,8.45108
7298,9.20538
7299,9.52842
7300,8.42153
7301,7.66601
7302,8.4434
7303,9.24365
7304,9.74629
7305,9.53686
7306,8.47532
7307,7.62967
7308,8.97013
7309,10.0715
7310,10.3116
7311,7.99211
7312,6.83497
7313,8.18421
7314,9.23129
7315,10.2272
7316,10.2413
7317,7.75963
7318,6.56133
7319,8.27132
7320,9.41786
7321,10.006
7322,9.82999
7323,7.77058
7324,6.82803
7325,8.48753
7326,9.46441
7327,9.6846
7328,9.39166
7329,7.94851
7330,7.38377
7331,9.01085
7332,9.88445
7333,9.81359
7334,8.90646
7335,7.53582
7336,7.21197
7337,9.09489
7338,9.92617
7339,8.79792
7340,7.57979
7341,7.23196
7342,7.97383
7343,9.19985
7344,9.02722
7345,8.35716
7346,7.91103
7347,8.22112
7348,8.5091
7349,8.47188
7350,8.32123
7351,8.04047
7352,7.93128
7353,8.25967
7354,8.46844
7355,7.93908
7356,7.62863
7357,7.72591
7358,7.94947
7359,8.01108
7360,7.63287
7361,7.44234
7362,7.5062
7363,7.59213
7364,7.5361
7365,7.47713
7366,7.39185
7367,7.28193
7368,7.22634
7369,7.20056
7370,7.12096
7371,7.0439
7372,7.01107
7373,6.95936
7374,6.88829
7375,6.84728
7376,6.80376
7377,6.72524
7378,6.68826
7379,6.61721
7380,6.5803
7381,6.51036
7382,6.47552
7383,6.40446
7384,6.36869
7385,6.29617
7386,6.22459
7387,6.18939
7388,6.15485
7389,6.08599
7390,6.05138
7391,6.01598
7392,5.94625
7393,5.91182
7394,5.84677
7395,5.8147
7396,5.74659
7397,5.71227
7398,5.64798
7399,5.61666
7400,5.58515
7401,5.52096
7402,5.48881
7403,5.42672
7404,5.39618
7405,5.36571
7406,5.30448
7407,5.27397
7408,5.21449
7409,5.18515
7410,5.12694
7411,5.09805
7412,5.04085
7413,5.01256
7414,4.98472
7415,4.92996
7416,4.87623
7417,4.84978
7418,4.79542
7419,4.76851
7420,4.71912
7421,4.6948
7422,4.66954
7423,4.6178
7424,4.59245
7425,4.54764
7426,4.52593
7427,4.47748
7428,4.45271
7429,4.40784
7430,4.38732
7431,4.34697
7432,4.32653
7433,4.28089
7434,4.2582
7435,4.2221
7436,4.20518
7437,4.16427
7438,4.14316
7439,4.10705
7440,4.0902
7441,4.05597
7442,4.03871
7443,4.00321
7444,3.97041
7445,3.94056
7446,3.92614
7447,3.89497
7448,3.86538
7449,3.83888
7450,3.82635
7451,3.81353
7452,3.78678
7453,3.77372
7454,3.75127
7455,3.74064
7456,3.71724
7457,3.70553
7458,3.68536
7459,3.67597
7460,3.65688
7461,3.64741
7462,3.62924
7463,3.62061
7464,3.60543
7465,3.59821
7466,3.59068
7467,3.57529
7468,3.56809
7469,3.55766
7470,3.54707
7471,3.53521
7472,3.52938
7473,3.52152
7474,3.5183
7475,3.51061
7476,3.50673
7477,3.50338
7478,3.49856
7479,3.49524
7480,3.49402
7481,3.48859
7482,3.48609
7483,3.48767
7484,3.48926
7485,3.4858
7486,3.48486
7487,3.49193
7488,3.49618
7489,3.49523
7490,3.49671
7491,3.50598
7492,3.51217
7493,3.51751
7494,3.51931
7495,3.52271
7496,3.53491
7497,3.54159
7498,3.54992
7499,3.55966
7500,3.56746
7501,3.57529
7502,3.58827
7503,3.5946
7504,3.6019
7505,3.6188
7506,3.62767
7507,3.64436
7508,3.65253
7509,3.67146
7510,3.68151
7511,3.70249
7512,3.72369
7513,3.73457
7514,3.75702
7515,3.78112
7516,3.79382
7517,3.80708
7518,3.83182
7519,3.84443
7520,3.85847
7521,3.88807
7522,3.90302
7523,3.93078
7524,3.94477
7525,3.97763
7526,4.01107
7527,4.02767
7528,4.0586
7529,4.0744
7530,4.09286
7531,4.13219
7532,4.15168
7533,4.18474
7534,4.20127
7535,4.22148
7536,4.26654
7537,4.2888
7538,4.32334
7539,4.34035
7540,4.38836
7541,4.43606
7542,4.47753
7543,4.51906
7544,4.54346
7545,4.59316
7546,4.64225
7547,4.66636
7548,4.71287
7549,4.73669
7550,4.79126
7551,4.8191
7552,4.86936
7553,4.89417
7554,4.94949
7555,4.97789
7556,5.03323
7557,5.06077
7558,5.11721
7559,5.17525
7560,5.20477
7561,5.26376
7562,5.32346
7563,5.3537
7564,5.41516
7565,5.44612
7566,5.50848
7567,5.53987
7568,5.60363
7569,5.63574
7570,5.70054
7571,5.73313
7572,5.76599
7573,5.83218
7574,5.86549
7575,5.9339
7576,5.96846
7577,6.0371
7578,6.07154
7579,6.14094
7580,6.17588
7581,6.21097
7582,6.28153
7583,6.31694
7584,6.38795
7585,6.4594
7586,6.53123
7587,6.56725
7588,6.63956
7589,6.67579
7590,6.71205
7591,6.78468
7592,6.82101
7593,6.8938
7594,6.96656
7595,7.00289
7596,7.07539
7597,7.11156
7598,7.1841
7599,7.22031
7600,7.29225
7601,7.32804
7602,7.39943
7603,7.43498
7604,7.50582
7605,7.54101
7606,7.61081
7607,7.67999
7608,7.71439
7609,7.78243
7610,7.84924
7611,7.88222
7612,7.94897
7613,7.98202
7614,8.04565
7615,8.07679
7616,8.10814
7617,8.17057
7618,8.20134
7619,8.2609
7620,8.31906
7621,8.34778
7622,8.37633
7623,8.43154
7624,8.48526
7625,8.51163
7626,8.5629
7627,8.58771
7628,8.61218
7629,8.65935
7630,8.68223
7631,8.72732
7632,8.74885
7633,8.76984
7634,8.80967
7635,8.82878
7636,8.86672
7637,8.88461
7638,8.91796
7639,8.94886
7640,8.9636
7641,8.99213
7642,9.00535
7643,9.02885
7644,9.03942
7645,9.05006
7646,9.07024
7647,9.07922
7648,9.09273
7649,9.09868
7650,9.11188
7651,9.11805
7652,9.12476
7653,9.12646
7654,9.12991
7655,9.13096
7656,9.13166
7657,9.13076
7658,9.12512
7659,9.11718
7660,9.11245
7661,9.10476
7662,9.09991
7663,9.08189
7664,9.06188
7665,9.05184
7666,9.03718
7667,9.01543
7668,8.9847
7669,8.96803
7670,8.93969
7671,8.91172
7672,8.87747
7673,8.85806
7674,8.81684
7675,8.77775
7676,8.75851
7677,8.71879
7678,8.69742
7679,8.64664
7680,8.62048
7681,8.57546
7682,8.52892
7683,8.50381
7684,8.44485
7685,8.41516
7686,8.38713
7687,8.33759
7688,8.31207
7689,8.24893
7690,8.21633
7691,8.15409
7692,8.12359
7693,8.09446
7694,8.03415
7695,8.00263
7696,7.9339
7697,7.89941
7698,7.83418
7699,7.80201
7700,7.73552
7701,7.70124
7702,7.62997
7703,7.59422
7704,7.52578
7705,7.49185
7706,7.42133
7707,7.38523
7708,7.34851
7709,7.27594
7710,7.21117
7711,7.18241
7712,7.10507
7713,7.06772
7714,6.99626
7715,6.95704
7716,6.87334
7717,6.83202
7718,6.75785
7719,6.72115
7720,6.68446
7721,6.61124
7722,6.57452
7723,6.50052
7724,6.42602
7725,6.38871
7726,6.31429
7727,6.24159
7728,6.20565
7729,6.17013
7730,6.10021
7731,6.06524
7732,6.03096
7733,5.96531
7734,5.93238
7735,5.89976
7736,5.83345
7737,5.76447
7738,5.68976
7739,5.5853
7740,5.5358
7741,5.50338
7742,5.44821
7743,5.42063
7744,5.39267
7745,5.33807
7746,5.30988
7747,5.25161
7748,5.22204
7749,5.16067
7750,5.09796
7751,5.06641
7752,5.00209
7753,4.97008
7754,4.9052
7755,4.87307
7756,4.84099
7757,4.7751
7758,4.71116
7759,4.68023
7760,4.62757
7761,4.60421
7762,4.58852
7763,4.57542
7764,4.5672
7765,4.47076
7766,4.4119
7767,4.34563
7768,4.321
7769,4.27077
7770,4.24464
7771,4.21857
7772,4.17967
7773,4.16233
7774,4.14914
7775,4.11478
7776,4.0956
7777,4.07147
7778,4.0214
7779,3.99708
7780,3.94815
7781,3.90148
7782,3.87894
7783,3.8567
7784,3.81377
7785,3.79301
7786,3.77289
7787,3.7349
7788,3.71629
7789,3.69838
7790,3.66341
7791,3.62883
7792,3.61166
7793,3.57943
7794,3.56363
7795,3.53419
7796,3.52071
7797,3.48716
7798,3.4434
7799,3.39758
7800,3.37716
7801,3.36053
7802,3.35384
7803,3.3637
7804,3.36718
7805,3.36002
7806,3.29021
7807,3.25188
7808,3.20942
7809,3.19485
7810,3.17464
7811,3.16485
7812,3.15522
7813,3.13719
7814,3.12009
7815,3.10376
7816,3.09571
7817,3.08149
7818,3.07461
7819,3.06155
7820,3.05521
7821,3.04294
7822,3.03698
7823,3.03104
7824,3.01964
7825,3.00854
7826,2.99782
7827,2.99266
7828,2.98236
7829,2.97269
7830,2.96818
7831,2.95913
7832,2.95494
7833,2.94716
7834,2.94366
7835,2.94047
7836,2.93593
7837,2.93414
7838,2.94035
7839,2.94693
7840,2.94184
7841,2.93149
7842,2.91854
7843,2.91371
7844,2.91211
7845,2.91167
7846,2.91284
7847,2.9206
7848,2.92494
7849,2.93372
7850,2.94087
7851,2.94408
7852,2.94705
7853,2.9532
7854,2.95664
7855,2.96382
7856,2.96774
7857,2.97626
7858,2.98089
7859,2.99104
7860,2.99649
7861,3.00223
7862,3.01476
7863,3.02133
7864,3.03538
7865,3.04273
7866,3.05814
7867,3.06611
7868,3.07421
7869,3.09059
7870,3.10736
7871,3.11597
7872,3.1334
7873,3.1424
7874,3.161
7875,3.17087
7876,3.19298
7877,3.20464
7878,3.22961
7879,3.24237
7880,3.25879
7881,3.26837
7882,3.30096
7883,3.33673
7884,3.35321
7885,3.37434
7886,3.38523
7887,3.40999
7888,3.42324
7889,3.43491
7890,3.45976
7891,3.47292
7892,3.50844
7893,3.52705
7894,3.5662
7895,3.58653
7896,3.62784
7897,3.64897
7898,3.66787
7899,3.70246
7900,3.72024
7901,3.75618
7902,3.79246
7903,3.82685
7904,3.85826
7905,3.87391
7906,3.89316
7907,3.94469
7908,3.97213
7909,4.03601
7910,4.06781
7911,4.09149
7912,4.13038
7913,4.15099
7914,4.17625
7915,4.18182
7916,4.21942
7917,4.24397
7918,4.27567
7919,4.37442
7920,4.4475
7921,4.47257
7922,4.49161
7923,4.53226
7924,4.55402
7925,4.56098
7926,4.58378
7927,4.59939
7928,4.67042
7929,4.70755
7930,4.80805
7931,4.89308
7932,4.92651
7933,4.97236
7934,4.99697
7935,5.04396
7936,5.06595
7937,5.08522
7938,5.12161
7939,5.17992
7940,5.21609
7941,5.30193
7942,5.34886
7943,5.43856
7944,5.5109
7945,5.54215
7946,5.60143
7947,5.63166
7948,5.69031
7949,5.7198
7950,5.77487
7951,5.80078
7952,5.83118
7953,5.86632
7954,5.94042
7955,5.97769
7956,6.05627
7957,6.09512
7958,6.17255
7959,6.21092
7960,6.28615
7961,6.35985
7962,6.4323
7963,6.46837
7964,6.5378
7965,6.57241
7966,6.60694
7967,6.67542
7968,6.71008
7969,6.74517
7970,6.81723
7971,6.85349
7972,6.96665
7973,7.00422
7974,7.08198
7975,7.15967
7976,7.19769
7977,7.26971
7978,7.30462
7979,7.36343
7980,7.3929
7981,7.43666
7982,7.45404
7983,7.52382
7984,7.56668
7985,7.61606
7986,7.71411
7987,7.75828
7988,7.82424
7989,7.88547
7990,7.91538
7991,7.95715
7992,7.99922
7993,8.0554
7994,8.08668
7995,8.15302
7996,8.1854
7997,8.21712
7998,8.27736
7999,8.30557
8000,8.36155
8001,8.41447
8002,8.43989
8003,8.49208
8004,8.54118
8005,8.56428
8006,8.58533
8007,8.62551
8008,8.64547
8009,8.68598
8010,8.70536
8011,8.73756
8012,8.7674
8013,8.78202
8014,8.81687
8015,8.83289
8016,8.84776
8017,8.85348
8018,8.85625
8019,8.89487
8020,8.91231
8021,8.93509
8022,8.94384
8023,8.95172
8024,8.95226
8025,8.9619
8026,8.96803
8027,8.9791
8028,8.9828
8029,8.96984
8030,8.94559
8031,8.93224
8032,8.94302
8033,8.94755
8034,8.95762
8035,8.96047
8036,8.95222
8037,8.94472
8038,8.91876
8039,8.90576
8040,8.88165
8041,8.86615
8042,8.81886
8043,8.77236
8044,8.75272
8045,8.74809
8046,8.7638
8047,8.76496
8048,8.75483
8049,8.68024
8050,8.63622
8051,8.53516
8052,8.49096
8053,8.47389
8054,8.45124
8055,8.43722
8056,8.40778
8057,8.37471
8058,8.337
8059,8.29429
8060,8.27095
8061,8.22986
8062,8.20933
8063,8.18399
8064,8.07904
8065,7.95546
8066,7.90203
8067,7.84203
8068,7.80825
8069,7.82023
8070,7.83327
8071,7.7858
8072,7.75003
8073,7.67057
8074,7.63038
8075,7.58948
8076,7.48746
8077,7.43607
8078,7.39105
8079,7.32069
8080,7.28766
8081,7.2246
8082,7.19223
8083,7.12966
8084,7.06792
8085,7.03656
8086,7.00455
8087,6.95231
8088,6.92611
8089,6.85191
8090,6.81072
8091,6.66706
8092,6.59044
8093,6.51459
8094,6.48416
8095,6.49368
8096,6.52888
8097,6.46817
8098,6.36613
8099,6.31666
8100,6.13796
8101,6.05784
8102,6.02889
8103,5.97993
8104,5.9227
8105,5.89153
8106,5.82974
8107,5.79852
8108,5.7366
8109,5.70546
8110,5.64238
8111,5.5781
8112,5.54547
8113,5.44483
8114,5.3428
8115,5.17066
8116,5.06686
8117,4.82262
8118,4.78966
8119,4.72739
8120,4.61151
8121,4.55607
8122,4.50939
8123,4.48919
8124,4.44461
8125,4.4194
8126,4.35405
8127,4.32193
8128,4.25717
8129,4.22579
8130,4.16618
8131,4.13713
8132,4.08282
8133,4.03075
8134,3.98089
8135,3.9565
8136,3.93329
8137,3.889
8138,3.86674
8139,3.82309
8140,3.80118
8141,3.75763
8142,3.73597
8143,3.69302
8144,3.67185
8145,3.63664
8146,3.60154
8147,3.58235
8148,3.53006
8149,3.50426
8150,3.47925
8151,3.43219
8152,3.40995
8153,3.36957
8154,3.35018
8155,3.33168
8156,3.29722
8157,3.26416
8158,3.25394
8159,3.23839
8160,3.23262
8161,3.2
8162,3.18102
8163,3.1365
8164,3.11425
8165,3.07308
8166,3.0362
8167,3.01915
8168,2.98857
8169,2.97402
8170,2.95274
8171,2.93661
8172,2.92872
8173,2.92776
8174,2.9223
8175,2.91484
8176,2.87662
8177,2.85675
8178,2.81815
8179,2.8007
8180,2.77163
8181,2.75846
8182,2.73655
8183,2.72663
8184,2.71753
8185,2.70587
8186,2.70083
8187,2.69717
8188,2.69804
8189,2.68775
8190,2.66434
8191,2.65189
8192,2.62165
8193,2.60805
8194,2.59658
8195,2.57747
8196,2.56258
8197,2.55633
8198,2.55005
8199,2.54817
8200,2.55852
8201,2.57411
8202,2.57954
8203,2.56415
8204,2.5555
8205,2.5295
8206,2.51755
8207,2.50791
8208,2.49316
8209,2.48728
8210,2.48092
8211,2.47901
8212,2.47947
8213,2.4905
8214,2.49905
8215,2.52157
8216,2.53378
8217,2.52831
8218,2.52375
8219,2.5043
8220,2.49547
8221,2.48904
8222,2.48099
8223,2.47859
8224,2.47868
8225,2.48304
8226,2.48645
8227,2.50516
8228,2.51782
8229,2.5636
8230,2.58055
8231,2.5798
8232,2.56563
8233,2.55807
8234,2.55026
8235,2.54955
8236,2.55122
8237,2.55464
8238,2.56462
8239,2.57727
8240,2.58441
8241,2.60478
8242,2.62959
8243,2.64222
8244,2.68297
8245,2.71421
8246,2.72377
8247,2.72522
8248,2.7248
8249,2.72899
8250,2.73279
8251,2.74525
8252,2.75275
8253,2.77178
8254,2.78215
8255,2.80717
8256,2.82064
8257,2.86241
8258,2.88754
8259,2.91244
8260,2.94815
8261,2.96049
8262,2.97432
8263,2.98017
8264,2.99112
8265,2.99799
8266,3.01738
8267,3.02853
8268,3.04128
8269,3.07073
8270,3.10277
8271,3.11941
8272,3.16746
8273,3.19452
8274,3.25468
8275,3.28384
8276,3.29894
8277,3.31884
8278,3.32897
8279,3.33871
8280,3.3597
8281,3.37237
8282,3.4034
8283,3.42024
8284,3.45812
8285,3.4996
8286,3.52119
8287,3.56866
8288,3.59317
8289,3.6463
8290,3.67339
8291,3.73262
8292,3.76262
8293,3.80782
8294,3.84727
8295,3.86655
8296,3.89323
8297,3.90725
8298,3.94686
8299,3.96832
8300,4.01686
8301,4.06907
8302,4.09583
8303,4.12536
8304,4.19089
8305,4.22314
8306,4.28727
8307,4.3187
8308,4.34913
8309,4.40717
8310,4.43583
8311,4.48798
8312,4.51335
8313,4.53765
8314,4.58263
8315,4.6321
8316,4.65839
8317,4.7162
8318,4.74644
8319,4.81439
8320,4.84966
8321,4.924
8322,4.96101
8323,5.03345
8324,5.06958
8325,5.13438
8326,5.1661
8327,5.22171
8328,5.24858
8329,5.29429
8330,5.34043
8331,5.36681
8332,5.4479
8333,5.49054
8334,5.53855
8335,5.64142
8336,5.68956
8337,5.72456
8338,5.78757
8339,5.81958
8340,5.8753
8341,5.91643
8342,5.93363
8343,6.00142
8344,6.04071
8345,6.13206
8346,6.22568
8347,6.27275
8348,6.31137
8349,6.38386
8350,6.41997
8351,6.49064
8352,6.52575
8353,6.59391
8354,6.66174
8355,6.69598
8356,6.76404
8357,6.79843
8358,6.86929
8359,6.90511
8360,6.94157
8361,7.01815
8362,7.09517
8363,7.17105
8364,7.20798
8365,7.27972
8366,7.31493
8367,7.38026
8368,7.41122
8369,7.46731
8370,7.4944
8371,7.55161
8372,7.58086
8373,7.65102
8374,7.68657
8375,7.75255
8376,7.78256
8377,7.81579
8378,7.88999
8379,7.92506
8380,7.98477
8381,8.03956
8382,8.06647
8383,8.1116
8384,8.1589
8385,8.18435
8386,8.24234
8387,8.2702
8388,8.31917
8389,8.34109
8390,8.38395
8391,8.40384
8392,8.42704
8393,8.47866
8394,8.52507
8395,8.54668
8396,8.5617
8397,8.58361
8398,8.59534
8399,8.63592
8400,8.65469
8401,8.68364
8402,8.69531
8403,8.71362
8404,8.72193
8405,8.74036
8406,8.74644
8407,8.76502
8408,8.78935
8409,8.80185
8410,8.82011
8411,8.82695
8412,8.80964
8413,8.79732
8414,8.80998
8415,8.82502
8416,8.82969
8417,8.81008
8418,8.78827
8419,8.78088
8420,8.7891
8421,8.79213
8422,8.79576
8423,8.79977
8424,8.79983
8425,8.76574
8426,8.73324
8427,8.71467
8428,8.70589
8429,8.67556
8430,8.6566
8431,8.61672
8432,8.57453
8433,8.55425
8434,8.53581
8435,8.52144
8436,8.53039
8437,8.50074
8438,8.47726
8439,8.41517
8440,8.3386
8441,8.30388
8442,8.28797
8443,8.25651
8444,8.23844
8445,8.19697
8446,8.17473
8447,8.15105
8448,8.10201
8449,8.07632
8450,8.02352
8451,7.99641
8452,7.96898
8453,7.93134
8454,7.9154
8455,7.79853
8456,7.73625
8457,7.65124
8458,7.59502
8459,7.54661
8460,7.49492
8461,7.4386
8462,7.37796
8463,7.34638
8464,7.31408
8465,7.21465
8466,7.18061
8467,7.14607
8468,7.07603
8469,7.04056
8470,6.96766
8471,6.93086
8472,6.89349
8473,6.81383
8474,6.77385
8475,6.66871
8476,6.613
8477,6.54947
8478,6.52113
8479,6.5278
8480,6.51437
8481,6.41505
8482,6.36426
8483,6.2679
8484,6.22218
8485,6.13752
8486,6.09674
8487,6.01967
8488,5.98194
8489,5.90781
8490,5.87102
8491,5.79785
8492,5.76147
8493,5.68937
8494,5.65357
8495,5.61786
8496,5.54754
8497,5.47753
8498,5.44257
8499,5.37421
8500,5.30637
8501,5.27245
8502,5.23932
8503,5.17549
8504,5.11207
8505,5.08041
8506,5.05845
8507,5.02949
8508,5.00781
8509,4.90491
8510,4.84806
8511,4.77074
8512,4.73508
8513,4.68332
8514,4.6588
8515,4.58808
8516,4.52
8517,4.4873
8518,4.42558
8519,4.39608
8520,4.36753
8521,4.31043
8522,4.25194
8523,4.22243
8524,4.16548
8525,4.11063
8526,4.08358
8527,4.03068
8528,4.0048
8529,3.94933
8530,3.92147
8531,3.86469
8532,3.80775
8533,3.77941
8534,3.75413
8535,3.70757
8536,3.68412
8537,3.63117
8538,3.58296
8539,3.56087
8540,3.55259
8541,3.55915
8542,3.51141
8543,3.47856
8544,3.39875
8545,3.32901
8546,3.27895
8547,3.26038
8548,3.24924
8549,3.21328
8550,3.19158
8551,3.16522
8552,3.11705
8553,3.09442
8554,3.07817
8555,3.05069
8556,3.0119
8557,2.96623
8558,2.94451
8559,2.92175
8560,2.91259
8561,2.87243
8562,2.85043
8563,2.81421
8564,2.79777
8565,2.78225
8566,2.7474
8567,2.70965
8568,2.6906
8569,2.65832
8570,2.64331
8571,2.61444
8572,2.5854
8573,2.57098
8574,2.54645
8575,2.53524
8576,2.52493
8577,2.52083
8578,2.51926
8579,2.50807
8580,2.45686
8581,2.40959
8582,2.39335
8583,2.37398
8584,2.36991
8585,2.34111
8586,2.32504
8587,2.30952
8588,2.30592
8589,2.30406
8590,2.30126
8591,2.28213
8592,2.26825
8593,2.22562
8594,2.20484
8595,2.1898
8596,2.19011
8597,2.17023
8598,2.15306
8599,2.12728
8600,2.11671
8601,2.11916
8602,2.12163
8603,2.11389
8604,2.09338
8605,2.08488
8606,2.08492
8607,2.10008
8608,2.10571
8609,2.07143
8610,2.03566
8611,2.01923
8612,2.00829
8613,2.00865
8614,1.99612
8615,1.9879
8616,1.97424
8617,1.96951
8618,1.97836
8619,1.98373
8620,1.97884
8621,1.97355
8622,1.97165
8623,1.97062
8624,1.9695
8625,1.94876
8626,1.93718
8627,1.92571
8628,1.92299
8629,1.92042
8630,1.91494
8631,1.91157
8632,1.91009
8633,1.92322
8634,1.93184
8635,1.94285
8636,1.96819
8637,1.97663
8638,1.96941
8639,1.93769
8640,1.92355
8641,1.91089
8642,1.90994
8643,1.91428
8644,1.92045
8645,1.91806
8646,1.91663
8647,1.91623
8648,1.93734
8649,1.94958
8650,1.96316
8651,1.96955
8652,1.97561
8653,1.97764
8654,1.97997
8655,1.97705
8656,1.97124
8657,1.96805
8658,1.97971
8659,1.98739
8660,1.98869
8661,1.9893
8662,2.01913
8663,2.04174
8664,2.07193
8665,2.10189
8666,2.10239
8667,2.1001
8668,2.07755
8669,2.06947
8670,2.07787
8671,2.09873
8672,2.10819
8673,2.10903
8674,2.11745
8675,2.12341
8676,2.14626
8677,2.17001
8678,2.1807
8679,2.20118
8680,2.21233
8681,2.24865
8682,2.26704
8683,2.28594
8684,2.29408
8685,2.30648
8686,2.32233
8687,2.33221
8688,2.35142
8689,2.36075
8690,2.37466
8691,2.38233
8692,2.40869
8693,2.42356
8694,2.46001
8695,2.48121
8696,2.53748
8697,2.56675
8698,2.58415
8699,2.58848
8700,2.59034
8701,2.59858
8702,2.60541
8703,2.63824
8704,2.65744
8705,2.68412
8706,2.69773
8707,2.73089
8708,2.76983
8709,2.79056
8710,2.81669
8711,2.87988
8712,2.92708
8713,2.94491
8714,2.97005
8715,2.98126
8716,3.00256
8717,3.01447
8718,3.04552
8719,3.06345
8720,3.09995
8721,3.11835
8722,3.13773
8723,3.18322
8724,3.23356
8725,3.25983
8726,3.33155
8727,3.36851
8728,3.43219
8729,3.44458
8730,3.47122
8731,3.4857
8732,3.52048
8733,3.53957
8734,3.56047
8735,3.60632
8736,3.63014
8737,3.68257
8738,3.73855
8739,3.80053
8740,3.83328
8741,3.8707
8742,3.94357
8743,3.97667
8744,4.00173
8745,4.04669
8746,4.06931
8747,4.0908
8748,4.13241
8749,4.17895
8750,4.2302
8751,4.25717
8752,4.31552
8753,4.34558
8754,4.40964
8755,4.4424
8756,4.51258
8757,4.58322
8758,4.61844
8759,4.68712
8760,4.75415
8761,4.78715
8762,4.84812
8763,4.90681
8764,4.93638
8765,4.99067
8766,5.04754
8767,5.07693
8768,5.1422
8769,5.17603
8770,5.21144
8771,5.28957
8772,5.32844
8773,5.4079
8774,5.44664
8775,5.52155
8776,5.59378
8777,5.62926
8778,5.69631
8779,5.72934
8780,5.79256
8781,5.82428
8782,5.88916
8783,5.95671
8784,6.02767
8785,6.06397
8786,6.14213
8787,6.18147
8788,6.26059
8789,6.29977
8790,6.37638
8791,6.45101
8792,6.48777
8793,6.52402
8794,6.59443
8795,6.66455
8796,6.69963
8797,6.76828
8798,6.83696
8799,6.8714
8800,6.94093
8801,6.97573
8802,7.04593
8803,7.08087
8804,7.15093
8805,7.22021
8806,7.25449
8807,7.28866
8808,7.38976
8809,7.42289
8810,7.45572
8811,7.52039
8812,7.55232
8813,7.61523
8814,7.64625
8815,7.70736
8816,7.73745
8817,7.79672
8818,7.82586
8819,7.88317
8820,7.9113
8821,7.9666
8822,7.99361
8823,8.0465
8824,8.07231
8825,8.12271
8826,8.14725
8827,8.195
8828,8.21817
8829,8.26248
8830,8.30407
8831,8.32404
8832,8.36491
8833,8.38456
8834,8.41968
8835,8.45228
8836,8.46813
8837,8.50068
8838,8.51604
8839,8.54166
8840,8.56527
8841,8.57676
8842,8.58883
8843,8.6105
8844,8.61984
8845,8.63374
8846,8.63955
8847,8.65492
8848,8.66196
8849,8.66677
8850,8.67101
8851,8.6756
8852,8.68091
8853,8.68276
8854,8.67955
8855,8.67637
8856,8.67264
8857,8.66686
8858,8.65598
8859,8.64829
8860,8.64009
8861,8.62808
8862,8.62121
8863,8.61221
8864,8.58907
8865,8.56667
8866,8.5558
8867,8.5311
8868,8.48604
8869,8.47048
8870,8.45429
8871,8.42023
8872,8.40226
8873,8.36428
8874,8.32431
8875,8.30369
8876,8.26036
8877,8.23779
8878,8.21453
8879,8.15382
8880,8.08005
8881,8.04163
8882,8.06809
8883,8.0967
8884,8.0272
8885,7.98993
8886,7.89167
8887,7.83775
8888,7.77092
8889,7.70884
8890,7.68064
8891,7.63225
8892,7.60637
8893,7.54941
8894,7.51935
8895,7.45239
8896,7.41795
8897,7.35337
8898,7.32109
8899,7.25258
8900,7.21744
8901,7.18206
8902,7.10941
8903,7.03701
8904,6.964
8905,6.92717
8906,6.88953
8907,6.80998
8908,6.7348
8909,6.69959
8910,6.65917
8911,6.64459
8912,6.58964
8913,6.55641
8914,6.46537
8915,6.418
8916,6.33299
8917,6.29176
8918,6.2085
8919,6.16696
8920,6.08743
8921,6.01128
8922,5.93845
8923,5.9025
8924,5.79542
8925,5.75938
8926,5.68849
8927,5.65305
8928,5.58155
8929,5.54574
8930,5.47369
8931,5.43776
8932,5.36581
8933,5.33005
8934,5.29421
8935,5.22285
8936,5.18744
8937,5.11666
8938,5.04649
8939,5.01161
8940,4.94277
8941,4.87035
8942,4.83218
8943,4.76875
8944,4.7382
8945,4.67713
8946,4.64597
8947,4.57708
8948,4.38163
8949,4.20435
8950,4.02426
8951,3.99549
8952,3.9329
8953,3.73562
8954,3.70342
8955,3.66477
8956,3.652
8957,3.62483
8958,3.55388
8959,3.52138
8960,3.47514
8961,3.45539
8962,3.40236
8963,3.34659
8964,3.31876
8965,3.27249
8966,3.22526
8967,3.20031
8968,3.14514
8969,3.09545
8970,3.07273
8971,3.03191
8972,3.01103
8973,2.98456
8974,2.95489
8975,2.90623
8976,2.88472
8977,2.84657
8978,2.80193
8979,2.77698
8980,2.72864
8981,2.68768
8982,2.66907
8983,2.62986
8984,2.58603
8985,2.56297
8986,2.5233
8987,2.50502
8988,2.48651
8989,2.44761
8990,2.42805
8991,2.38867
8992,2.36939
8993,2.33255
8994,2.2964
8995,2.27806
8996,2.24286
8997,2.22553
8998,2.18965
8999,2.17182
9000,2.13806
9001,2.12162
9002,2.10485
9003,2.07062
9004,2.05377
9005,2.02244
9006,2.0072
9007,1.97472
9008,1.95844
9009,1.9123
9010,1.8794
9011,1.86183
9012,1.86687
9013,1.87414
9014,1.83147
9015,1.80239
9016,1.77647
9017,1.8103
9018,1.82758
9019,1.81846
9020,1.70674
9021,1.64501
9022,1.72501
9023,1.81122
9024,1.77814
9025,1.71074
9026,1.52718
9027,1.47473
9028,1.79149
9029,1.99077
9030,1.95765
9031,1.16116
9032,0.966986
9033,1.12758
9034,2.28021
9035,2.77722
9036,2.11944
9037,1.09773
9038,0.704866
9039,0.933233
9040,2.54634
9041,3.31623
9042,2.66129
9043,1.15831
9044,0.631767
9045,0.754294
9046,1.92815
9047,2.25354
9048,2.15391
9049,1.66498
9050,0.727644
9051,0.80359
9052,1.21456
9053,2.17672
9054,2.51154
9055,1.35102
9056,0.894916
9057,0.912209
9058,1.13016
9059,2.08716
9060,2.38002
9061,0.907328
9062,0.254663
9063,0.371297
9064,1.02298
9065,2.25316
9066,2.22105
9067,1.70974
9068,0.669445
9069,0.216016
9070,0.914896
9071,1.10884
9072,2.12676
9073,1.92278
9074,1.55508
9075,0.885413
9076,0.712066
9077,1.66498
9078,2.30791
9079,2.36194
9080,1.66165
9081,0.597373
9082,0.746286
9083,0.901646
9084,1.02582
9085,2.10401
9086,2.18875
9087,1.93261
9088,1.33116
9089,0.915169
9090,1.20231
9091,1.75176
9092,2.02241
9093,1.98914
9094,1.06544
9095,0.849803
9096,1.03102
9097,1.80837
9098,2.17198
9099,2.12312
9100,1.97241
9101,1.46147
9102,1.13124
9103,1.56966
9104,1.80839
9105,1.68676
9106,1.62629
9107,1.8826
9108,2.05063
9109,1.56017
9110,1.2498
9111,1.15475
9112,1.79229
9113,2.1651
9114,2.24605
9115,1.56003
9116,1.01186
9117,0.907928
9118,0.806945
9119,2.4023
9120,3.112
9121,1.77857
9122,0.909183
9123,2.23241
9124,2.66447
9125,1.49185
9126,0.839346
9127,2.08046
9128,2.87821
9129,1.89236
9130,1.12648
9131,2.09707
9132,2.93078
9133,1.67465
9134,0.917275
9135,1.09814
9136,1.88918
9137,2.72926
9138,2.55389
9139,2.28899
9140,2.06139
9141,2.03066
9142,1.68054
9143,1.41173
9144,2.47366
9145,3.04869
9146,2.86991
9147,1.77976
9148,1.43619
9149,2.05541
9150,2.89806
9151,2.98606
9152,1.23101
9153,1.59148
9154,2.66643
9155,3.47268
9156,2.47129
9157,1.69457
9158,2.52186
9159,3.47212
9160,3.69588
9161,3.12246
9162,2.15031
9163,1.87724
9164,2.72338
9165,3.1498
9166,3.1611
9167,3.06868
9168,3.32128
9169,3.15621
9170,2.56088
9171,2.24145
9172,2.67223
9173,3.0405
9174,3.33551
9175,3.32863
9176,3.11265
9177,3.00632
9178,3.15953
9179,3.24368
9180,3.08625
9181,2.73966
9182,2.82374
9183,2.97972
9184,3.13743
9185,3.2197
9186,3.23773
9187,3.30421
9188,3.36852
9189,3.36972
9190,3.34722
9191,3.32706
9192,3.33229
9193,3.46021
9194,3.52614
9195,3.54127
9196,3.55085
9197,3.55601
9198,3.65341
9199,3.70717
9200,3.74357
9201,3.75632
9202,3.82372
9203,3.86212
9204,3.89057
9205,3.89689
9206,3.91089
9207,3.93595
9208,3.95246
9209,4.00019
9210,4.02691
9211,4.09964
9212,4.14234
9213,4.18978
9214,4.30704
9215,4.36077
9216,4.39559
9217,4.40945
9218,4.44262
9219,4.46026
9220,4.50979
9221,4.53664
9222,4.63129
9223,4.69541
9224,4.77538
9225,4.81095
9226,4.80837
9227,4.83758
9228,4.8639
9229,4.92276
9230,4.98391
9231,5.01594
9232,5.07172
9233,5.21584
9234,5.2746
9235,5.32965
9236,5.35765
9237,5.40693
9238,5.4563
9239,5.48243
9240,5.54428
9241,5.62917
9242,5.67922
9243,5.78926
9244,5.8417
9245,5.87444
9246,5.92222
9247,5.94772
9248,5.9877
9249,6.0104
9250,6.05555
9251,6.11076
9252,6.14224
9253,6.21028
9254,6.2885
9255,6.39151
9256,6.43678
9257,6.49863
9258,6.52848
9259,6.59209
9260,6.62487
9261,6.65723
9262,6.72467
9263,6.79781
9264,6.87858
9265,6.92075
9266,7.00349
9267,7.11675
9268,7.18607
9269,7.19646
9270,7.18764
9271,7.17768
9272,7.23802
9273,7.27697
9274,7.34068
9275,7.41957
9276,7.44817
9277,7.50265
9278,7.53149
9279,7.60754
9280,7.65134
9281,7.72721
9282,7.7873
9283,7.84007
9284,7.88868
9285,7.9108
9286,7.97268
9287,8.00733
9288,8.03603
9289,8.0692
9290,8.08394
9291,8.13213
9292,8.22438
9293,8.28148
9294,8.28278
9295,8.24301
9296,8.22691
9297,8.19287
9298,8.26027
9299,8.40996
9300,8.48883
9301,8.54118
9302,8.55462
9303,8.56171
9304,8.56344
9305,8.56436
9306,8.57782
9307,8.58771
9308,8.60271
9309,8.62572
9310,8.63372
9311,8.64484
9312,8.65368
9313,8.6733
9314,8.68274
9315,8.6457
9316,8.6129
9317,8.60621
9318,8.60754
9319,8.63732
9320,8.66283
9321,8.66216
9322,8.66222
9323,8.66769
9324,8.66495
9325,8.65816
9326,8.64162
9327,8.61818
9328,8.56816
9329,8.54737
9330,8.53289
9331,8.52612
9332,8.53188
9333,8.51693
9334,8.50351
9335,8.4868
9336,8.44889
9337,8.42655
9338,8.40349
9339,8.35241
9340,8.32815
9341,8.29429
9342,8.28047
9343,8.2444
9344,8.22424
9345,8.17074
9346,8.11496
9347,8.08782
9348,8.06381
9349,8.01638
9350,7.96361
9351,7.93496
9352,7.87682
9353,7.81955
9354,7.79013
9355,7.73282
9356,7.70409
9357,7.64568
9358,7.61544
9359,7.55211
9360,7.51989
9361,7.48727
9362,7.41937
9363,7.35072
9364,7.31627
9365,7.24343
9366,7.2065
9367,7.14075
9368,7.10871
9369,7.04394
9370,7.01052
9371,6.94663
9372,6.87953
9373,6.84398
9374,6.76983
9375,6.7326
9376,6.658
9377,6.62066
9378,6.54591
9379,6.5085
9380,6.43356
9381,6.39604
9382,6.32099
9383,6.24601
9384,6.20858
9385,6.17116
9386,6.09634
9387,6.05897
9388,5.98439
9389,5.94714
9390,5.87299
9391,5.83607
9392,5.76321
9393,5.69133
9394,5.65564
9395,5.58539
9396,5.55065
9397,5.51556
9398,5.44244
9399,5.40519
9400,5.3341
9401,5.30028
9402,5.26563
9403,5.18978
9404,5.15196
9405,5.08926
9406,5.0253
9407,4.99061
9408,4.95189
9409,4.87198
9410,4.79524
9411,4.75829
9412,4.68867
9413,4.65505
9414,4.62128
9415,4.55234
9416,4.51784
9417,4.48339
9418,4.41786
9419,4.35426
9420,4.32284
9421,4.26092
9422,4.23025
9423,4.16642
9424,4.13465
9425,4.07285
9426,4.01143
9427,3.98052
9428,3.91917
9429,3.88879
9430,3.85855
9431,3.82855
9432,3.76921
9433,3.71033
9434,3.68107
9435,3.65216
9436,3.59589
9437,3.53972
9438,3.51162
9439,3.45709
9440,3.4303
9441,3.37628
9442,3.34946
9443,3.29622
9444,3.27013
9445,3.21883
9446,3.19347
9447,3.14157
9448,3.0903
9449,3.0409
9450,3.0169
9451,2.96869
9452,2.94464
9453,2.90673
9454,2.89249
9455,2.8781
9456,2.84758
9457,2.82952
9458,2.77576
9459,2.74974
9460,2.74176
9461,2.72969
9462,2.71453
9463,2.64293
9464,2.61203
9465,2.60702
9466,2.61702
9467,2.5815
9468,2.54859
9469,2.51416
9470,2.49566
9471,2.49576
9472,2.49561
9473,2.47927
9474,2.41208
9475,2.37906
9476,2.37385
9477,2.39331
9478,2.39216
9479,2.33883
9480,2.27018
9481,2.23857
9482,2.30276
9483,2.34731
9484,2.32655
9485,2.15802
9486,2.07761
9487,2.22692
9488,2.34746
9489,2.20068
9490,1.99037
9491,1.91759
9492,2.24457
9493,2.4333
9494,2.36417
9495,1.74413
9496,1.66438
9497,1.84283
9498,2.25479
9499,2.36073
9500,1.92866
9501,1.65566
9502,1.68211
9503,2.33686
9504,2.59523
9505,2.10968
9506,1.68193
9507,1.47192
9508,1.96142
9509,2.02539
9510,1.97483
9511,1.91752
9512,1.9434
9513,2.10677
9514,1.99072
9515,1.85875
9516,1.69192
9517,1.67711
9518,1.99773
9519,1.9716
9520,1.67702
9521,1.54962
9522,1.99364
9523,2.05702
9524,1.90234
9525,1.54289
9526,1.77197
9527,2.03862
9528,1.93769
9529,1.50049
9530,1.32802
9531,1.56981
9532,2.25701
9533,2.23422
9534,1.7261
9535,1.62834
9536,1.94782
9537,2.10488
9538,1.62033
9539,1.34618
9540,1.79302
9541,2.13322
9542,2.23954
9543,2.14608
9544,1.61545
9545,1.71848
9546,2.07913
9547,2.16383
9548,1.52069
9549,1.25091
9550,2.24273
9551,2.50745
9552,2.27468
9553,1.60599
9554,1.86503
9555,2.21722
9556,1.92135
9557,1.51447
9558,1.41571
9559,2.24722
9560,2.56739
9561,2.47171
9562,1.96333
9563,1.77859
9564,2.07928
9565,2.08351
9566,1.9515
9567,1.91446
9568,2.24159
9569,2.45384
9570,2.2804
9571,2.03704
9572,1.94832
9573,2.07329
9574,2.13689
9575,2.13929
9576,2.28376
9577,2.3953
9578,2.35352
9579,2.29127
9580,2.18873
9581,2.16066
9582,2.23143
9583,2.27961
9584,2.32239
9585,2.42671
9586,2.46464
9587,2.45875
9588,2.3766
9589,2.4703
9590,2.51294
9591,2.65627
9592,2.74756
9593,2.77976
9594,2.71869
9595,2.63992
9596,2.60548
9597,2.70441
9598,2.86334
9599,2.94379
9600,2.89068
9601,2.831
9602,2.71813
9603,2.69691
9604,2.79497
9605,2.87853
9606,2.98674
9607,3.00751
9608,2.91392
9609,2.85024
9610,2.82318
9611,2.90379
9612,3.45794
9613,3.26335
9614,2.30825
9615,2.26056
9616,3.92773
9617,4.86191
9618,5.09732
9619,4.38951
9620,4.10573
9621,3.06081
9622,1.62224
9623,1.34516
9624,1.70065
9625,3.0173
9626,4.97634
9627,5.12323
9628,3.58109
9629,2.63449
9630,1.67543
9631,2.20266
9632,4.06159
9633,4.97153
9634,5.27195
9635,5.69637
9636,5.83655
9637,3.67019
9638,1.72958
9639,1.09432
9640,0.888537
9641,2.56291
9642,4.77418
9643,6.11813
9644,6.27426
9645,6.72325
9646,6.147
9647,5.35561
9648,2.52698
9649,1.27232
9650,1.55556
9651,3.21918
9652,4.34349
9653,6.14975
9654,6.62411
9655,5.66764
9656,4.99399
9657,2.81878
9658,2.43222
9659,4.49981
9660,6.43344
9661,7.08834
9662,7.94942
9663,8.48014
9664,6.18244
9665,4.6882
9666,2.37912
9667,1.43014
9668,2.69643
9669,5.48837
9670,6.55437
9671,8.05769
9672,9.29108
9673,7.89038
9674,6.44919
9675,4.8969
9676,3.23267
9677,2.82269
9678,3.87809
9679,4.77001
9680,7.09912
9681,8.40031
9682,8.23288
9683,7.86248
9684,5.2069
9685,3.8887
9686,3.78677
9687,3.00536
9688,3.46358
9689,4.39292
9690,7.47437
9691,8.92871
9692,9.19791
9693,9.33371
9694,7.13875
9695,5.0369
9696,4.35909
9697,4.3925
9698,3.18263
9699,4.82475
9700,7.11355
9701,8.23085
9702,10.6066
9703,11.9888
9704,9.83495
9705,8.14313
9706,5.195
9707,4.49449
9708,5.35156
9709,5.06356
9710,6.17659
9711,7.15094
9712,10.2777
9713,11.7292
9714,9.61624
9715,8.07958
9716,6.77829
9717,6.40262
9718,6.42511
9719,7.06886
9720,8.02816
9721,9.03115
9722,9.44076
9723,9.41428
9724,8.38907
9725,7.61159
9726,7.45819
9727,7.84904
9728,8.10315
9729,8.65721
9730,8.93395
9731,8.90203
9732,8.5381
9733,8.558
9734,8.69265
9735,8.57272
9736,8.46348
9737,8.49211
9738,8.56629
9739,8.6337
9740,8.71796
9741,8.74038
9742,8.71975
9743,8.69326
9744,8.68851
9745,8.69188
9746,8.73436
9747,8.75744
9748,8.76495
9749,8.76423
9750,8.76499
9751,8.76444
9752,8.76243
9753,8.75987
9754,8.75951
9755,8.76127
9756,8.76248
9757,8.75767
9758,8.75343
9759,8.73823
9760,8.73037
9761,8.71261
9762,8.70221
9763,8.69282
9764,8.67617
9765,8.65116
9766,8.6354
9767,8.60427
9768,8.58977
9769,8.56457
9770,8.55075
9771,8.50984
9772,8.48736
9773,8.46798
9774,8.45034
9775,8.41158
9776,8.36554
9777,8.34053
9778,8.29641
9779,8.27437
9780,8.22567
9781,8.19976
9782,8.14582
9783,8.11815
9784,8.09128
9785,8.03562
9786,8.00724
9787,7.94934
9788,7.91982
9789,7.86005
9790,7.82948
9791,7.76709
9792,7.73525
9793,7.63856
9794,7.60586
9795,7.54003
9796,7.50672
9797,7.44047
9798,7.40692
9799,7.33677
9800,7.30103
9801,7.23152
9802,7.19683
9803,7.12624
9804,7.09047
9805,7.0187
9806,6.98269
9807,6.91129
9808,6.83884
9809,6.80215
9810,6.72918
9811,6.69286
9812,6.6206
9813,6.58433
9814,6.51106
9815,6.47429
9816,6.40116
9817,6.3646
9818,6.32821
9819,6.29172
9820,6.21887
9821,6.14621
9822,6.10994
9823,6.07391
9824,6.00198
9825,5.96613
9826,5.89449
9827,5.82318
9828,5.78765
9829,5.71714
9830,5.68206
9831,5.61236
9832,5.57768
9833,5.54301
9834,5.47402
9835,5.43972
9836,5.37171
9837,5.33791
9838,5.27062
9839,5.20411
9840,5.17123
9841,5.10776
9842,5.07732
9843,5.02673
9844,5.00316
9845,4.97956
9846,4.93197
9847,4.90764
9848,4.88083
9849,4.82925
9850,4.8039
9851,4.75707
9852,4.7121
9853,4.68961
9854,4.64526
9855,4.60164
9856,4.58001
9857,4.55785
9858,4.51374
9859,4.49207
9860,4.45329
9861,4.43509
9862,4.41707
9863,4.38063
9864,4.36257
9865,4.32699
9866,4.30978
9867,4.27413
9868,4.25642
9869,4.22207
9870,4.206
9871,4.17875
9872,4.16571
9873,4.13302
9874,4.11646
9875,4.08907
9876,4.07662
9877,4.04821
9878,4.04775
9879,4.04491
9880,4.03533
9881,4.02638
9882,3.99107
9883,3.97076
9884,3.94744
9885,3.93954
9886,3.91799
9887,3.89422
9888,3.87123
9889,3.86002
9890,3.84719
9891,3.8206
9892,3.80767
9893,3.79011
9894,3.78322
9895,3.76397
9896,3.75355
9897,3.73076
9898,3.71003
9899,3.70018
9900,3.68499
9901,3.67834
9902,3.67056
9903,3.65159
9904,3.63384
9905,3.62566
9906,3.61068
9907,3.6037
9908,3.58885
9909,3.58185
9910,3.56776
9911,3.56077
9912,3.54326
9913,3.53475
9914,3.52211
9915,3.51702
9916,3.50402
9917,3.49742
9918,3.49061
9919,3.47755
9920,3.47126
9921,3.45823
9922,3.45241
9923,3.44214
9924,3.43088
9925,3.42477
9926,3.41086
9927,3.40442
9928,3.39566
9929,3.39195
9930,3.37737
9931,3.36942
9932,3.36203
9933,3.35612
9934,3.34404
9935,3.33811
9936,3.32351
9937,3.31649
9938,3.30356
9939,3.29734
9940,3.28092
9941,3.27314
9942,3.26266
9943,3.25832
9944,3.24238
9945,3.23404
9946,3.22066
9947,3.21475
9948,3.19946
9949,3.19227
9950,3.1821
9951,3.17083
9952,3.16421
9953,3.14591
9954,3.13092
9955,3.12059
9956,3.1164
9957,3.10425
9958,3.0982
9959,3.09235
9960,3.07863
9961,3.07131
9962,3.05581
9963,3.04948
9964,3.04208
9965,3.03354
9966,3.02813
9967,3.01942
9968,3.00169
9969,2.98764
9970,2.97852
9971,2.97184
9972,2.96318
9973,2.94908
9974,2.93902
9975,2.92231
9976,2.91138
9977,2.90566
9978,2.90404
9979,2.89493
9980,2.88069
9981,2.87246
9982,2.86001
9983,2.85266
9984,2.84978
9985,2.84377
9986,2.83439
9987,2.8286
9988,2.81471
9989,2.80408
9990,2.79972
9991,2.79703
9992,2.79363
9993,2.78356
9994,2.7676
9995,2.75356
9996,2.74884
9997,2.75224
9998,2.75323
9999,2.74209
10000,2.72114
10001,2.70973
