time,y
0,0.0722761
1,0.0722761
2,0.0720086
3,0.0717404
4,0.0716446
5,0.0719047
6,0.0721679
7,0.0722049
8,0.0721158
9,0.0720256
10,0.0722285
11,0.0724397
12,0.0729146
13,0.0731049
14,0.0731446
15,0.072788
16,0.0726197
17,0.0727186
18,0.0734391
19,0.0738028
20,0.0735947
21,0.0726534
22,0.0719654
23,0.0722012
24,0.0737521
25,0.0744708
26,0.0747122
27,0.0722024
28,0.0704206
29,0.0716148
30,0.0727193
31,0.0744474
32,0.0747633
33,0.0746384
34,0.0716841
35,0.0701072
36,0.0729832
37,0.074454
38,0.0752757
39,0.0739324
40,0.0725756
41,0.0719647
42,0.0728365
43,0.0732175
44,0.073977
45,0.0742263
46,0.0741879
47,0.0730077
48,0.0722831
49,0.0729036
50,0.0731623
51,0.0734684
52,0.073647
53,0.0736991
54,0.0736843
55,0.0734426
56,0.0733298
57,0.0734425
58,0.0734876
59,0.0735309
60,0.0735851
61,0.0735989
62,0.0735942
63,0.0735365
64,0.0735116
65,0.0735088
66,0.0735079
67,0.0735056
68,0.07349
69,0.0734801
70,0.0734687
71,0.073457
72,0.0734429
73,0.0734383
74,0.0734374
75,0.0734395
76,0.0734427
77,0.0734493
78,0.0734334
79,0.0734297
80,0.073424
81,0.0734229
82,0.0734209
83,0.0734203
84,0.0734254
85,0.0734231
86,0.0734115
87,0.0734174
88,0.0734001
89,0.0733887
90,0.0733825
91,0.0733775
92,0.073372
93,0.0733696
94,0.0733617
95,0.0733577
96,0.0733466
97,0.073341
98,0.0733348
99,0.073318
100,0.0733094
101,0.0733109
102,0.0733021
103,0.0733011
104,0.0732996
105,0.0732978
106,0.0732903
107,0.0732858
108,0.0732788
109,0.0732708
110,0.0732633
111,0.0732536
112,0.0732467
113,0.0732438
114,0.0732368
115,0.0732291
116,0.0732252
117,0.0732194
118,0.0732169
119,0.0732141
120,0.0732078
121,0.0732046
122,0.0732014
123,0.0732046
124,0.0731972
125,0.0731955
126,0.0731928
127,0.0731913
128,0.0731904
129,0.0731938
130,0.0731882
131,0.0736462
132,0.0739101
133,0.0735028
134,0.07328
135,0.0730077
136,0.0729301
137,0.0729299
138,0.0729908
139,0.0731117
140,0.0731689
141,0.0731682
142,0.0731308
143,0.0731088
144,0.0730968
145,0.0730971
146,0.0731147
147,0.073124
148,0.073131
149,0.0731342
150,0.0731345
151,0.0731339
152,0.0731334
153,0.0731342
154,0.0731364
155,0.0731376
156,0.0731394
157,0.0731414
158,0.0731424
159,0.0731443
160,0.0731451
161,0.0731469
162,0.0731476
163,0.0731495
164,0.0731502
165,0.0731539
166,0.0731556
167,0.0731619
168,0.0731655
169,0.0731727
170,0.0731771
171,0.0731852
172,0.0731896
173,0.0731964
174,0.0732001
175,0.0732036
176,0.0732107
177,0.0732149
178,0.0732216
179,0.0732274
180,0.0732347
181,0.0732401
182,0.0732445
183,0.0732524
184,0.0732569
185,0.0732651
186,0.0732696
187,0.0732738
188,0.0732812
189,0.0732853
190,0.073292
191,0.0732971
192,0.0733016
193,0.0730362
194,0.0730836
195,0.0734469
196,0.0736948
197,0.07377
198,0.0737276
199,0.0736974
200,0.0736549
201,0.0735891
202,0.073563
203,0.0735308
204,0.0735188
205,0.0735094
206,0.0734972
207,0.0734912
208,0.0734825
209,0.0734787
210,0.0734736
211,0.0734715
212,0.0734681
213,0.0734667
214,0.0734643
215,0.0734634
216,0.0734627
217,0.0734623
218,0.0734625
219,0.0734657
220,0.0734642
221,0.0734653
222,0.0734669
223,0.0734683
224,0.0734729
225,0.0734739
226,0.0734791
227,0.07348
228,0.0734819
229,0.0734853
230,0.0734872
231,0.0734912
232,0.0734934
233,0.0734957
234,0.0734999
235,0.0735022
236,0.0735068
237,0.0735092
238,0.0735117
239,0.0735168
240,0.0735196
241,0.0735223
242,0.0735274
243,0.0735302
244,0.0735355
245,0.0735382
246,0.073541
247,0.0735462
248,0.0735518
249,0.0735548
250,0.07356
251,0.0735628
252,0.0735655
253,0.0735705
254,0.0735733
255,0.0735787
256,0.0735809
257,0.0735835
258,0.0735883
259,0.0735909
260,0.0735957
261,0.0735983
262,0.0736008
263,0.0736053
264,0.0736077
265,0.0736121
266,0.0736164
267,0.0736188
268,0.0736209
269,0.0736244
270,0.0736263
271,0.0736298
272,0.0736315
273,0.0736332
274,0.0736359
275,0.0736375
276,0.07364
277,0.0736414
278,0.0736436
279,0.0736447
280,0.0736466
281,0.0736474
282,0.0736489
283,0.0736496
284,0.0736506
285,0.0736511
286,0.0736545
287,0.0736518
288,0.073652
289,0.0736606
290,0.0736572
291,0.0736524
292,0.0736492
293,0.0736479
294,0.0736465
295,0.073644
296,0.0736431
297,0.0736411
298,0.0736401
299,0.0736378
300,0.0736365
301,0.0736338
302,0.0736324
303,0.0736294
304,0.0736278
305,0.0736287
306,0.0736225
307,0.0736206
308,0.0736162
309,0.073614
310,0.0736142
311,0.0736068
312,0.0736043
313,0.0735989
314,0.0735961
315,0.0735901
316,0.0735871
317,0.0735809
318,0.0735775
319,0.0735707
320,0.0735635
321,0.0735561
322,0.0735523
323,0.0735442
324,0.0735359
325,0.0735317
326,0.0735272
327,0.073518
328,0.0735133
329,0.0735036
330,0.0734936
331,0.0734885
332,0.0734779
333,0.0734746
334,0.0734614
335,0.0734558
336,0.0734441
337,0.0734382
338,0.073426
339,0.0734198
340,0.0734071
341,0.0734007
342,0.0733961
343,0.0733806
344,0.0733668
345,0.0733597
346,0.0733526
347,0.0733453
348,0.0733305
349,0.0733229
350,0.0733076
351,0.0732997
352,0.0732937
353,0.0732757
354,0.0732675
355,0.0732591
356,0.0732421
357,0.0732334
358,0.0732161
359,0.0731985
360,0.0731896
361,0.0731713
362,0.073162
363,0.0731544
364,0.0731339
365,0.0731241
366,0.0731048
367,0.073085
368,0.0730649
369,0.0730446
370,0.0730358
371,0.0730135
372,0.0730029
373,0.0729924
374,0.0729816
375,0.0729598
376,0.0729489
377,0.0729381
378,0.0729166
379,0.072907
380,0.0728837
381,0.0728725
382,0.0723355
383,0.0724478
384,0.0725116
385,0.0726353
386,0.0726744
387,0.072691
388,0.0726836
389,0.072677
390,0.0726553
391,0.0726314
392,0.0726193
393,0.0726078
394,0.0725823
395,0.0725701
396,0.0720347
397,0.0721479
398,0.0722876
399,0.0723538
400,0.0723839
401,0.0723903
402,0.0723886
403,0.0723695
404,0.0723589
405,0.072334
406,0.0723208
407,0.0723093
408,0.0722861
409,0.072263
410,0.0722519
411,0.0722291
412,0.0722183
413,0.0721942
414,0.0721705
415,0.0721586
416,0.072134
417,0.0721093
418,0.0720844
419,0.0720719
420,0.0720593
421,0.0720464
422,0.0720207
423,0.0720078
424,0.0719823
425,0.0719695
426,0.0719433
427,0.0719301
428,0.0719036
429,0.0718904
430,0.0718772
431,0.0718501
432,0.0718365
433,0.0718095
434,0.0717823
435,0.0717688
436,0.0717421
437,0.0717268
438,0.0717128
439,0.0716849
440,0.0716711
441,0.0716572
442,0.0716437
443,0.0716152
444,0.0715862
445,0.071558
446,0.0715439
447,0.0715302
448,0.0715
449,0.0714856
450,0.0714714
451,0.0714425
452,0.0714281
453,0.0714136
454,0.0713841
455,0.0713548
456,0.0713403
457,0.0713258
458,0.071311
459,0.0712968
460,0.0712662
461,0.0712512
462,0.0712366
463,0.0712066
464,0.0711917
465,0.0711765
466,0.0711463
467,0.0711311
468,0.071101
469,0.0710858
470,0.0710555
471,0.0710403
472,0.0710251
473,0.0709946
474,0.0709794
475,0.070949
476,0.0709337
477,0.0709033
478,0.070888
479,0.0708728
480,0.0708423
481,0.070827
482,0.0707966
483,0.0707814
484,0.0707509
485,0.0707357
486,0.0707211
487,0.07069
488,0.0706748
489,0.0706447
490,0.0706295
491,0.0705991
492,0.070584
493,0.0705539
494,0.0705388
495,0.0705088
496,0.0704938
497,0.0704639
498,0.0704489
499,0.0704191
500,0.0704043
501,0.0703746
502,0.0703598
503,0.070345
504,0.0703155
505,0.0703008
506,0.0702716
507,0.070257
508,0.0702278
509,0.0702133
510,0.0701844
511,0.07017
512,0.0701413
513,0.0701269
514,0.0701126
515,0.0700842
516,0.0700699
517,0.0700418
518,0.0700278
519,0.0700138
520,0.0699858
521,0.0699717
522,0.0699443
523,0.0699306
524,0.0699031
525,0.0698894
526,0.0698623
527,0.0698488
528,0.0698354
529,0.0698086
530,0.0697953
531,0.0697689
532,0.0697557
533,0.0697296
534,0.0697165
535,0.0696907
536,0.0696779
537,0.069665
538,0.0696396
539,0.069627
540,0.0696019
541,0.0695894
542,0.0695771
543,0.0695524
544,0.06954
545,0.0695159
546,0.0695038
547,0.0694799
548,0.0694679
549,0.0694564
550,0.0694328
551,0.0694214
552,0.0693981
553,0.0693865
554,0.0693639
555,0.0693526
556,0.0693414
557,0.0693192
558,0.0692973
559,0.0692865
560,0.0692757
561,0.0692543
562,0.0692435
563,0.0692227
564,0.0692124
565,0.0692021
566,0.0691815
567,0.0691713
568,0.0691515
569,0.0691417
570,0.0691221
571,0.0691123
572,0.0690932
573,0.0690837
574,0.0690744
575,0.0690559
576,0.0690466
577,0.0690286
578,0.0690196
579,0.069002
580,0.0689932
581,0.0689761
582,0.0689675
583,0.0689593
584,0.0689425
585,0.0689364
586,0.0692356
587,0.0691676
588,0.0690109
589,0.068936
590,0.0688858
591,0.0688382
592,0.0688207
593,0.0688002
594,0.0687843
595,0.068777
596,0.0687652
597,0.0687593
598,0.0687526
599,0.0687379
600,0.0687306
601,0.0687241
602,0.0687116
603,0.0687051
604,0.068691
605,0.0686837
606,0.0686714
607,0.0686654
608,0.0686594
609,0.0686467
610,0.0686404
611,0.0686345
612,0.0686231
613,0.0686174
614,0.0686058
615,0.0685943
616,0.0685887
617,0.0685833
618,0.0685729
619,0.0685627
620,0.0685576
621,0.0685482
622,0.0685427
623,0.0685369
624,0.0685287
625,0.0685239
626,0.0685113
627,0.0685054
628,0.0685021
629,0.0684977
630,0.0684951
631,0.0684841
632,0.0684782
633,0.0684742
634,0.0684698
635,0.0684677
636,0.0684589
637,0.0684541
638,0.0684483
639,0.0684459
640,0.0684435
641,0.0684372
642,0.0684338
643,0.0684285
644,0.0684261
645,0.0684214
646,0.068419
647,0.0684142
648,0.0684099
649,0.0684078
650,0.0684043
651,0.0684026
652,0.0683991
653,0.0683974
654,0.0683946
655,0.0683933
656,0.0683908
657,0.0683897
658,0.0683881
659,0.0683868
660,0.0683852
661,0.0683845
662,0.0683838
663,0.0683827
664,0.0683822
665,0.0683815
666,0.0683812
667,0.0683811
668,0.0683808
669,0.0683807
670,0.0683811
671,0.0683813
672,0.0683818
673,0.0683821
674,0.0683815
675,0.0683812
676,0.0683799
677,0.0683788
678,0.0683777
679,0.0683755
680,0.0683743
681,0.0683718
682,0.0683704
683,0.0683679
684,0.0683664
685,0.0683638
686,0.0683624
687,0.068361
688,0.0683584
689,0.0683555
690,0.0683526
691,0.0683511
692,0.0683484
693,0.0683471
694,0.068345
695,0.068343
696,0.0683416
697,0.0683395
698,0.0683367
699,0.0683346
700,0.0683331
701,0.0683311
702,0.0683289
703,0.0683275
704,0.0683247
705,0.0683233
706,0.0683205
707,0.0683192
708,0.0683165
709,0.0683152
710,0.0683139
711,0.0683115
712,0.0683101
713,0.0683076
714,0.0683064
715,0.0683052
716,0.0683028
717,0.0683016
718,0.0682991
719,0.068298
720,0.0682957
721,0.0682944
722,0.0682926
723,0.068291
724,0.0682899
725,0.0623804
726,0.0673336
727,0.0706532
728,0.0697338
729,0.0680072
730,0.0661642
731,0.0665542
732,0.0668774
733,0.0676214
734,0.0678488
735,0.0679077
736,0.0679084
737,0.0678822
738,0.0678732
739,0.0678719
740,0.0678739
741,0.0678813
742,0.0678857
743,0.0678939
744,0.067898
745,0.067903
746,0.0679121
747,0.0679165
748,0.0679229
749,0.0679258
750,0.0679325
751,0.0679359
752,0.0679417
753,0.0679445
754,0.0679495
755,0.0679519
756,0.0679536
757,0.0679593
758,0.0679618
759,0.0679661
760,0.0679682
761,0.0679717
762,0.0679729
763,0.0679747
764,0.0679757
765,0.0679753
766,0.0679763
767,0.0679763
768,0.0679762
769,0.0679756
770,0.0679753
771,0.0679744
772,0.0679739
773,0.0679734
774,0.0679722
775,0.067971
776,0.0679704
777,0.0679696
778,0.0679683
779,0.0679675
780,0.067966
781,0.0679652
782,0.0679643
783,0.0679627
784,0.0679618
785,0.0679601
786,0.0679592
787,0.0679574
788,0.0679564
789,0.0679547
790,0.0679537
791,0.0679519
792,0.0679509
793,0.0679499
794,0.067948
795,0.0679471
796,0.0679452
797,0.0679442
798,0.0679432
799,0.0679413
800,0.0679403
801,0.0679384
802,0.0679373
803,0.0679353
804,0.0679344
805,0.0679334
806,0.0679315
807,0.0679304
808,0.0679284
809,0.0679275
810,0.0679264
811,0.0679244
812,0.0679235
813,0.0679215
814,0.0679197
815,0.0679185
816,0.0679175
817,0.0679156
818,0.0679146
819,0.0679136
820,0.0679117
821,0.0679109
822,0.067909
823,0.067908
824,0.0679062
825,0.0679053
826,0.0679035
827,0.0679026
828,0.0679009
829,0.0678999
830,0.0678992
831,0.0678974
832,0.0678966
833,0.067895
834,0.067894
835,0.0678924
836,0.0678915
837,0.0678899
838,0.067889
839,0.0678874
840,0.0678865
841,0.0678857
842,0.0678841
843,0.0678833
844,0.0678816
845,0.0678809
846,0.06788
847,0.0678784
848,0.0678775
849,0.0678759
850,0.0678751
851,0.0678742
852,0.0678726
853,0.0678719
854,0.0678703
855,0.0678694
856,0.0678686
857,0.0678672
858,0.0678656
859,0.067864
860,0.0678633
861,0.0678625
862,0.067861
863,0.0678603
864,0.0678588
865,0.067858
866,0.0678565
867,0.0678557
868,0.0678541
869,0.0678533
870,0.0678517
871,0.0678509
872,0.0678493
873,0.0678486
874,0.0678477
875,0.0678461
876,0.0678454
877,0.0678437
878,0.0678429
879,0.067842
880,0.0678404
881,0.0678397
882,0.0678388
883,0.0678371
884,0.0678363
885,0.0678347
886,0.0678331
887,0.0678321
888,0.0678313
889,0.0673168
890,0.0674026
891,0.0674947
892,0.06767
893,0.0677278
894,0.0677859
895,0.0678017
896,0.0678111
897,0.0678125
898,0.0678126
899,0.0678112
900,0.0678105
901,0.0678093
902,0.0678088
903,0.0678079
904,0.0678072
905,0.0678057
906,0.0678042
907,0.0678018
908,0.0678004
909,0.0677976
910,0.0677963
911,0.0677934
912,0.067792
913,0.0677893
914,0.0677879
915,0.0677865
916,0.0677839
917,0.0677819
918,0.0677799
919,0.0677779
920,0.0677761
921,0.0677748
922,0.0677723
923,0.0677711
924,0.0677688
925,0.0677676
926,0.0677663
927,0.0677642
928,0.067763
929,0.0677608
930,0.0677586
931,0.0677574
932,0.0677553
933,0.0677543
934,0.0677532
935,0.0677512
936,0.0677502
937,0.0677483
938,0.0677472
939,0.0677452
940,0.0677432
941,0.0677422
942,0.0677404
943,0.0677387
944,0.0677375
945,0.0677359
946,0.0677347
947,0.0677339
948,0.0677329
949,0.0677311
950,0.0677292
951,0.0677282
952,0.0677273
953,0.0677256
954,0.0677246
955,0.0677238
956,0.0677219
957,0.0677211
958,0.0677193
959,0.0677183
960,0.0677166
961,0.0677157
962,0.067714
963,0.0677131
964,0.0677122
965,0.0677105
966,0.0677096
967,0.0677087
968,0.067707
969,0.0677054
970,0.0677043
971,0.0677027
972,0.0677018
973,0.0677009
974,0.0676991
975,0.0676984
976,0.0676965
977,0.0676957
978,0.0676948
979,0.0676931
980,0.0676923
981,0.0676907
982,0.0676897
983,0.0676881
984,0.0676871
985,0.0676863
986,0.0676846
987,0.0676836
988,0.0676819
989,0.0676811
990,0.0676802
991,0.0676785
992,0.0676777
993,0.0676759
994,0.0676751
995,0.0676735
996,0.0676725
997,0.0676709
998,0.06767
999,0.0676683
1000,0.0676674
1001,0.0676666
1002,0.0676649
1003,0.0676639
1004,0.067663
1005,0.0676614
1006,0.0676605
1007,0.0676589
1008,0.067658
1009,0.0676563
1010,0.0676554
1011,0.0676537
1012,0.0676529
1013,0.067652
1014,0.0676503
1015,0.0676495
1016,0.0676478
1017,0.0676469
1018,0.0676453
1019,0.0676444
1020,0.0676427
1021,0.0676419
1022,0.0676401
1023,0.0676392
1024,0.0676383
1025,0.0676367
1026,0.0676359
1027,0.0676343
1028,0.0676333
1029,0.0676325
1030,0.0676309
1031,0.06763
1032,0.0676282
1033,0.0676274
1034,0.0676257
1035,0.0676249
1036,0.0676231
1037,0.0676223
1038,0.0676214
1039,0.0676198
1040,0.0676189
1041,0.0676173
1042,0.0676163
1043,0.0676147
1044,0.0676139
1045,0.0676122
1046,0.0676113
1047,0.0676096
1048,0.0676087
1049,0.0676071
1050,0.0676063
1051,0.0676047
1052,0.0676038
1053,0.0676029
1054,0.067602
1055,0.0676004
1056,0.0675995
1057,0.0675979
1058,0.0675963
1059,0.0675953
1060,0.0675937
1061,0.0675928
1062,0.067592
1063,0.0675903
1064,0.0675895
1065,0.0675886
1066,0.067587
1067,0.0675861
1068,0.0675844
1069,0.0675836
1070,0.067582
1071,0.0675811
1072,0.0675794
1073,0.0675785
1074,0.0675769
1075,0.0675761
1076,0.0675752
1077,0.0675736
1078,0.0675718
1079,0.0675709
1080,0.0675694
1081,0.0675685
1082,0.0675668
1083,0.0675652
1084,0.0675643
1085,0.0675634
1086,0.0675619
1087,0.067561
1088,0.0675594
1089,0.0675577
1090,0.067556
1091,0.0675543
1092,0.0675534
1093,0.0675518
1094,0.067551
1095,0.0675502
1096,0.0675486
1097,0.0675477
1098,0.0675461
1099,0.0675444
1100,0.0675436
1101,0.0675419
1102,0.0675403
1103,0.0675385
1104,0.0675377
1105,0.0675369
1106,0.0675353
1107,0.0675345
1108,0.0675337
1109,0.0675321
1110,0.0675313
1111,0.0675304
1112,0.0675289
1113,0.067528
1114,0.0675271
1115,0.0675256
1116,0.0675247
1117,0.0675238
1118,0.0675223
1119,0.0675215
1120,0.0675206
1121,0.067519
1122,0.0675181
1123,0.0675173
1124,0.0675157
1125,0.0675149
1126,0.067514
1127,0.0675124
1128,0.0675116
1129,0.06751
1130,0.0675083
1131,0.0675075
1132,0.067506
1133,0.0675051
1134,0.0675042
1135,0.0675027
1136,0.0675019
1137,0.0675002
1138,0.0674994
1139,0.0674977
1140,0.0674962
1141,0.0674953
1142,0.0674945
1143,0.0674928
1144,0.0674921
1145,0.0674913
1146,0.0674896
1147,0.0674888
1148,0.0674872
1149,0.0674864
1150,0.0674848
1151,0.067484
1152,0.0674824
1153,0.0674816
1154,0.0674799
1155,0.0674791
1156,0.0674776
1157,0.0674767
1158,0.0674759
1159,0.0674743
1160,0.0674736
1161,0.0674719
1162,0.0674711
1163,0.0674696
1164,0.0674687
1165,0.0674679
1166,0.0674663
1167,0.0674649
1168,0.0674639
1169,0.0674631
1170,0.0674616
1171,0.0674608
1172,0.0674592
1173,0.0674583
1174,0.0674568
1175,0.0674551
1176,0.0674543
1177,0.0674535
1178,0.067452
1179,0.0674511
1180,0.0674495
1181,0.0674488
1182,0.0674472
1183,0.0674464
1184,0.0674448
1185,0.067444
1186,0.0674424
1187,0.0674416
1188,0.0674408
1189,0.0674393
1190,0.0674385
1191,0.0674377
1192,0.0674361
1193,0.0674345
1194,0.0674337
1195,0.0674322
1196,0.0674314
1197,0.0674306
1198,0.0674291
1199,0.0674283
1200,0.0674267
1201,0.0674259
1202,0.0674243
1203,0.0674236
1204,0.0674227
1205,0.0674211
1206,0.0674204
1207,0.0674196
1208,0.0674181
1209,0.0674173
1210,0.0674157
1211,0.0674149
1212,0.0674134
1213,0.0674126
1214,0.0674109
1215,0.0674102
1216,0.0674086
1217,0.0674078
1218,0.0674063
1219,0.0674047
1220,0.0674039
1221,0.0674024
1222,0.0674016
1223,0.0674008
1224,0.0673993
1225,0.0673978
1226,0.0673962
1227,0.0673953
1228,0.0673939
1229,0.0673923
1230,0.0673916
1231,0.06739
1232,0.0673893
1233,0.0673885
1234,0.067387
1235,0.0673862
1236,0.0673847
1237,0.067384
1238,0.0673824
1239,0.0673816
1240,0.0673808
1241,0.0673794
1242,0.0673779
1243,0.0673771
1244,0.0673755
1245,0.0673747
1246,0.0673732
1247,0.0673725
1248,0.0673717
1249,0.0673703
1250,0.0673694
1251,0.0673687
1252,0.0673671
1253,0.0673655
1254,0.0673647
1255,0.0673631
1256,0.0673624
1257,0.0673608
1258,0.06736
1259,0.0673591
1260,0.0673576
1261,0.0673568
1262,0.067356
1263,0.0673544
1264,0.0673527
1265,0.0673519
1266,0.0673505
1267,0.0673495
1268,0.0673488
1269,0.0673472
1270,0.0673464
1271,0.0673447
1272,0.0673439
1273,0.0673423
1274,0.0673415
1275,0.0673398
1276,0.0673391
1277,0.0673382
1278,0.0673366
1279,0.0673358
1280,0.0673342
1281,0.0673333
1282,0.0673317
1283,0.0673309
1284,0.0673293
1285,0.0673285
1286,0.0673268
1287,0.0673261
1288,0.0673245
1289,0.0673236
1290,0.0673227
1291,0.0673219
1292,0.0673203
1293,0.0673196
1294,0.0673188
1295,0.0673171
1296,0.0673163
1297,0.0673155
1298,0.0673139
1299,0.0673122
1300,0.0673105
1301,0.0673097
1302,0.0673089
1303,0.0673075
1304,0.0673068
1305,0.0673059
1306,0.0673052
1307,0.0673037
1308,0.067303
1309,0.0673015
1310,0.0673
1311,0.0672984
1312,0.0672977
1313,0.067297
1314,0.0672963
1315,0.0672956
1316,0.0672949
1317,0.0672935
1318,0.0672927
1319,0.0672912
1320,0.0672905
1321,0.0672898
1322,0.0672884
1323,0.0672877
1324,0.0672863
1325,0.0672856
1326,0.0672842
1327,0.0672835
1328,0.0672821
1329,0.0672814
1330,0.06728
1331,0.0672793
1332,0.067278
1333,0.0672773
1334,0.0672765
1335,0.0672752
1336,0.0672745
1337,0.0672731
1338,0.0672725
1339,0.0672711
1340,0.0672704
1341,0.0672691
1342,0.0672684
1343,0.0672677
1344,0.0672664
1345,0.0672657
1346,0.0672643
1347,0.0672638
1348,0.0672624
1349,0.0672618
1350,0.0672604
1351,0.0672598
1352,0.0672585
1353,0.0672578
1354,0.0672571
1355,0.0672559
1356,0.0672552
1357,0.0672546
1358,0.0672533
1359,0.0672526
1360,0.0672513
1361,0.0672507
1362,0.0672494
1363,0.0672488
1364,0.0672475
1365,0.0672469
1366,0.0672462
1367,0.0672449
1368,0.0672443
1369,0.067243
1370,0.0672424
1371,0.0672411
1372,0.0672405
1373,0.0672399
1374,0.0672386
1375,0.0672379
1376,0.0672367
1377,0.067236
1378,0.0672348
1379,0.0672342
1380,0.0672329
1381,0.0672323
1382,0.0672316
1383,0.0672305
1384,0.0672298
1385,0.0672284
1386,0.0672279
1387,0.0672273
1388,0.067226
1389,0.0672248
1390,0.0672242
1391,0.0672229
1392,0.0672223
1393,0.067221
1394,0.0672204
1395,0.0672198
1396,0.0672186
1397,0.067218
1398,0.0672174
1399,0.0672162
1400,0.0672149
1401,0.0672143
1402,0.0672131
1403,0.0672125
1404,0.0672119
1405,0.0672107
1406,0.06721
1407,0.0672094
1408,0.0672083
1409,0.0672076
1410,0.0672064
1411,0.0672058
1412,0.0672047
1413,0.067204
1414,0.0672027
1415,0.0672022
1416,0.067201
1417,0.0672004
1418,0.0671997
1419,0.0671986
1420,0.0671979
1421,0.0671968
1422,0.0671962
1423,0.067195
1424,0.0671938
1425,0.0671932
1426,0.0671925
1427,0.067192
1428,0.0671908
1429,0.0671903
1430,0.0671891
1431,0.0671884
1432,0.0671872
1433,0.0671867
1434,0.0671856
1435,0.0671843
1436,0.0671836
1437,0.0671831
1438,0.067182
1439,0.0671814
1440,0.0671808
1441,0.0671797
1442,0.0671791
1443,0.0671779
1444,0.0671773
1445,0.0671762
1446,0.0671756
1447,0.0671744
1448,0.0671739
1449,0.0671727
1450,0.0671721
1451,0.0671709
1452,0.0671704
1453,0.0671698
1454,0.0671687
1455,0.0671681
1456,0.0671675
1457,0.0671664
1458,0.0671652
1459,0.067164
1460,0.0671634
1461,0.0671624
1462,0.0671618
1463,0.0671612
1464,0.0671602
1465,0.0671596
1466,0.0671584
1467,0.0671578
1468,0.0671572
1469,0.0671562
1470,0.0671556
1471,0.067155
1472,0.0671545
1473,0.0671534
1474,0.0671528
1475,0.0671522
1476,0.0671511
1477,0.0671506
1478,0.0671494
1479,0.0671483
1480,0.0671471
1481,0.0671466
1482,0.0671455
1483,0.0671444
1484,0.0671438
1485,0.0671427
1486,0.0671422
1487,0.0671417
1488,0.0671405
1489,0.06714
1490,0.0671389
1491,0.0671383
1492,0.0671373
1493,0.0671367
1494,0.0671357
1495,0.067135
1496,0.0671346
1497,0.0671335
1498,0.0671329
1499,0.0671324
1500,0.0671307
1501,0.0671302
1502,0.0671291
1503,0.0671285
1504,0.0671279
1505,0.0671269
1506,0.0671264
1507,0.0671254
1508,0.0671248
1509,0.0671243
1510,0.0671232
1511,0.0671227
1512,0.0671221
1513,0.0671211
1514,0.0671205
1515,0.0671194
1516,0.067119
1517,0.0671179
1518,0.0671173
1519,0.0671163
1520,0.0671157
1521,0.0671147
1522,0.0671142
1523,0.0671132
1524,0.0671127
1525,0.0671121
1526,0.0671111
1527,0.0671106
1528,0.0671096
1529,0.067109
1530,0.0671086
1531,0.0671074
1532,0.067107
1533,0.0671064
1534,0.0671054
1535,0.067105
1536,0.0671039
1537,0.0671034
1538,0.0671024
1539,0.0671019
1540,0.0671008
1541,0.0671003
1542,0.0670994
1543,0.0670983
1544,0.0670978
1545,0.0670973
1546,0.0670964
1547,0.0670958
1548,0.0670953
1549,0.0670944
1550,0.0670938
1551,0.0670933
1552,0.0670924
1553,0.0670919
1554,0.0670914
1555,0.0670903
1556,0.0670899
1557,0.0670889
1558,0.0670884
1559,0.0670879
1560,0.067087
1561,0.0670865
1562,0.0670856
1563,0.0670845
1564,0.067084
1565,0.0670835
1566,0.067083
1567,0.0670826
1568,0.0670816
1569,0.0670807
1570,0.0670801
1571,0.0670792
1572,0.0670787
1573,0.0670783
1574,0.0670773
1575,0.0670763
1576,0.0670753
1577,0.0670748
1578,0.0670742
1579,0.0670733
1580,0.067073
1581,0.0670725
1582,0.0670716
1583,0.0670711
1584,0.0670706
1585,0.0670696
1586,0.0670691
1587,0.0670682
1588,0.0670672
1589,0.0670667
1590,0.0670663
1591,0.0670654
1592,0.0670649
1593,0.067064
1594,0.0670636
1595,0.0670631
1596,0.0670621
1597,0.0670617
1598,0.0670608
1599,0.0670604
1600,0.0670594
1601,0.067059
1602,0.0670579
1603,0.0670575
1604,0.0670566
1605,0.0670562
1606,0.0670557
1607,0.0670552
1608,0.0670544
1609,0.0670539
1610,0.067053
1611,0.0670525
1612,0.0670516
1613,0.0670512
1614,0.0670502
1615,0.0670498
1616,0.0670489
1617,0.0670484
1618,0.067048
1619,0.0670471
1620,0.0670467
1621,0.0670462
1622,0.0670453
1623,0.0670443
1624,0.067044
1625,0.0670431
1626,0.0670427
1627,0.0670418
1628,0.0670413
1629,0.0670409
1630,0.06704
1631,0.0670396
1632,0.0670391
1633,0.0670383
1634,0.0670378
1635,0.0670369
1636,0.0670365
1637,0.0670361
1638,0.0670352
1639,0.0670348
1640,0.0670339
1641,0.0670335
1642,0.0670325
1643,0.0670322
1644,0.0670313
1645,0.0670309
1646,0.06703
1647,0.0670295
1648,0.0670291
1649,0.0670283
1650,0.0670279
1651,0.067027
1652,0.0670262
1653,0.0670257
1654,0.0670253
1655,0.0670248
1656,0.0670241
1657,0.0670232
1658,0.0670228
1659,0.0670223
1660,0.0670215
1661,0.0670211
1662,0.0670207
1663,0.0670199
1664,0.0670195
1665,0.0670186
1666,0.0670178
1667,0.0670173
1668,0.0670169
1669,0.0670161
1670,0.0670157
1671,0.0670148
1672,0.0670145
1673,0.0670141
1674,0.0687054
1675,0.0684196
1676,0.0680946
1677,0.0675035
1678,0.0672964
1679,0.067178
1680,0.0670969
1681,0.0670752
1682,0.0670606
1683,0.0670571
1684,0.0670552
1685,0.0670539
1686,0.0670534
1687,0.0670529
1688,0.0670526
1689,0.0670522
1690,0.067052
1691,0.0670519
1692,0.067052
1693,0.0670521
1694,0.0670523
1695,0.0670524
1696,0.0670519
1697,0.067053
1698,0.0670532
1699,0.0670534
1700,0.0670538
1701,0.067054
1702,0.0670542
1703,0.0670545
1704,0.0670548
1705,0.067055
1706,0.0670552
1707,0.0670553
1708,0.0670555
1709,0.0670556
1710,0.0670557
1711,0.0670559
1712,0.067056
1713,0.0670561
1714,0.0670561
1715,0.0670561
1716,0.0670561
1717,0.0670561
1718,0.067056
1719,0.0670559
1720,0.0670559
1721,0.0670558
1722,0.0670552
1723,0.0670555
1724,0.0670553
1725,0.0670552
1726,0.0670549
1727,0.0670545
1728,0.0670543
1729,0.0670534
1730,0.0670535
1731,0.0670532
1732,0.0670534
1733,0.0670529
1734,0.0670525
1735,0.0670522
1736,0.0670519
1737,0.0670513
1738,0.067051
1739,0.0670505
1740,0.0670501
1741,0.0670498
1742,0.0670491
1743,0.0670488
1744,0.0670482
1745,0.0670478
1746,0.0670472
1747,0.0670469
1748,0.0670461
1749,0.0670459
1750,0.0670451
1751,0.0670448
1752,0.0670445
1753,0.0670437
1754,0.0670433
1755,0.0670426
1756,0.0670422
1757,0.0670418
1758,0.0670411
1759,0.0670408
1760,0.0670399
1761,0.0670397
1762,0.0670389
1763,0.0670385
1764,0.0670377
1765,0.0670373
1766,0.067037
1767,0.0670363
1768,0.0670359
1769,0.0670355
1770,0.0670347
1771,0.0670343
1772,0.0670336
1773,0.0670332
1774,0.0670324
1775,0.067032
1776,0.0670313
1777,0.0670309
1778,0.0670306
1779,0.0670298
1780,0.0670294
1781,0.0670286
1782,0.0670283
1783,0.0670274
1784,0.0670272
1785,0.0670264
1786,0.067026
1787,0.0670257
1788,0.0670249
1789,0.0670246
1790,0.0670238
1791,0.0670235
1792,0.067023
1793,0.0670223
1794,0.0670215
1795,0.0670213
1796,0.0670205
1797,0.0670201
1798,0.0670193
1799,0.067019
1800,0.0670187
1801,0.0670179
1802,0.0670176
1803,0.0670172
1804,0.0670165
1805,0.0670162
1806,0.0670154
1807,0.0670147
1808,0.0670143
1809,0.0670136
1810,0.0670133
1811,0.0670125
1812,0.0670122
1813,0.0670114
1814,0.0670112
1815,0.0670105
1816,0.0670101
1817,0.0670094
1818,0.0670091
1819,0.0670087
1820,0.067008
1821,0.0670074
1822,0.0670069
1823,0.0670063
1824,0.067006
1825,0.0670055
1826,0.0670052
1827,0.0670046
1828,0.0670043
1829,0.0670036
1830,0.0670033
1831,0.0670025
1832,0.0670022
1833,0.0670016
1834,0.0670012
1835,0.0670005
1836,0.0670002
1837,0.0669998
1838,0.0669992
1839,0.0669989
1840,0.0669982
1841,0.0669979
1842,0.0669972
1843,0.0669969
1844,0.0669962
1845,0.0669959
1846,0.0669952
1847,0.0669949
1848,0.0669946
1849,0.0669939
1850,0.0669936
1851,0.0669933
1852,0.0669927
1853,0.0669923
1854,0.0669916
1855,0.0669914
1856,0.0669907
1857,0.0669903
1858,0.0669897
1859,0.0669894
1860,0.0669888
1861,0.0669881
1862,0.0669874
1863,0.0669872
1864,0.0669869
1865,0.0669863
1866,0.0669859
1867,0.0669853
1868,0.066985
1869,0.0669844
1870,0.0669841
1871,0.0669835
1872,0.0669831
1873,0.0669828
1874,0.0669822
1875,0.0669816
1876,0.0669809
1877,0.0669807
1878,0.06698
1879,0.0669798
1880,0.0669792
1881,0.0669785
1882,0.0669782
1883,0.0669779
1884,0.0669774
1885,0.0669771
1886,0.0669768
1887,0.0669762
1888,0.0669759
1889,0.0669755
1890,0.0669752
1891,0.0669747
1892,0.0669744
1893,0.0669738
1894,0.0669735
1895,0.0669732
1896,0.0669726
1897,0.0669723
1898,0.066972
1899,0.0669714
1900,0.0669712
1901,0.0669705
1902,0.0669703
1903,0.0669697
1904,0.0669694
1905,0.0669688
1906,0.0669686
1907,0.0669683
1908,0.0669678
1909,0.0669675
1910,0.0669669
1911,0.0669666
1912,0.0669662
1913,0.0669657
1914,0.0669654
1915,0.0669649
1916,0.0669643
1917,0.066964
1918,0.0669637
1919,0.0669631
1920,0.066963
1921,0.0669624
1922,0.0669621
1923,0.0669618
1924,0.0669613
1925,0.066961
1926,0.0669608
1927,0.0669602
1928,0.0669599
1929,0.0669594
1930,0.0669591
1931,0.0669585
1932,0.0669583
1933,0.0669577
1934,0.0669575
1935,0.0669569
1936,0.0669567
1937,0.0669564
1938,0.0669559
1939,0.0669556
1940,0.0669553
1941,0.0669549
1942,0.0669546
1943,0.066954
1944,0.0669534
1945,0.0669532
1946,0.0669526
1947,0.0669525
1948,0.0669523
1949,0.0669518
1950,0.0669515
1951,0.0669512
1952,0.0669507
1953,0.0669505
1954,0.0669499
1955,0.0669497
1956,0.0669494
1957,0.0669489
1958,0.0669487
1959,0.0669484
1960,0.0669479
1961,0.0669477
1962,0.0669472
1963,0.0669469
1964,0.0669464
1965,0.0669461
1966,0.0669456
1967,0.0669454
1968,0.0669449
1969,0.0669447
1970,0.0669444
1971,0.0669439
1972,0.0669437
1973,0.0669434
1974,0.066943
1975,0.0669424
1976,0.0669422
1977,0.0669417
1978,0.0669415
1979,0.066941
1980,0.0669408
1981,0.0669405
1982,0.0669401
1983,0.0669399
1984,0.0669394
1985,0.0669391
1986,0.0669388
1987,0.0669383
1988,0.0669382
1989,0.0669377
1990,0.0669375
1991,0.066937
1992,0.0669368
1993,0.0669363
1994,0.0669361
1995,0.0669359
1996,0.0669354
1997,0.0669352
1998,0.0669347
1999,0.0669345
2000,0.066934
2001,0.0669338
2002,0.0669336
2003,0.0669334
2004,0.0669329
2005,0.0669327
2006,0.0669323
2007,0.066932
2008,0.0669316
2009,0.0669313
2010,0.0669311
2011,0.0669309
2012,0.0669307
2013,0.0669303
2014,0.0669301
2015,0.0669298
2016,0.0669294
2017,0.0669292
2018,0.066929
2019,0.0669285
2020,0.0669283
2021,0.0669281
2022,0.0669277
2023,0.0669275
2024,0.066927
2025,0.0669268
2026,0.0669263
2027,0.0669262
2028,0.066926
2029,0.0669256
2030,0.0669253
2031,0.0669249
2032,0.0669247
2033,0.0669242
2034,0.066924
2035,0.0669239
2036,0.0669235
2037,0.0669231
2038,0.0669229
2039,0.0669224
2040,0.0669222
2041,0.066922
2042,0.0671936
2043,0.0671453
2044,0.0670469
2045,0.0670057
2046,0.0669593
2047,0.0669446
2048,0.0669357
2049,0.0669277
2050,0.066925
2051,0.0669217
2052,0.0669206
2053,0.0669193
2054,0.0669185
2055,0.0669176
2056,0.0669173
2057,0.0669167
2058,0.0669166
2059,0.0669165
2060,0.0669163
2061,0.0669162
2062,0.0669161
2063,0.0669161
2064,0.066916
2065,0.066916
2066,0.066916
2067,0.066916
2068,0.0669159
2069,0.066916
2070,0.066916
2071,0.0669159
2072,0.0669159
2073,0.0669156
2074,0.0669159
2075,0.0669156
2076,0.0669159
2077,0.0669158
2078,0.0669157
2079,0.0669158
2080,0.0669156
2081,0.0669156
2082,0.0669155
2083,0.0669155
2084,0.0669154
2085,0.0669153
2086,0.0669152
2087,0.0669148
2088,0.066915
2089,0.0669149
2090,0.0669147
2091,0.0669147
2092,0.0669144
2093,0.0669144
2094,0.0669141
2095,0.0669141
2096,0.0669138
2097,0.0669137
2098,0.0669135
2099,0.0669134
2100,0.0669131
2101,0.0669129
2102,0.0669126
2103,0.0669126
2104,0.0669125
2105,0.0669122
2106,0.066912
2107,0.0669119
2108,0.0669116
2109,0.0669115
2110,0.0669112
2111,0.0669111
2112,0.0669107
2113,0.0669106
2114,0.0669104
2115,0.0669101
2116,0.06691
2117,0.0669097
2118,0.0669096
2119,0.0669093
2120,0.0669091
2121,0.0669088
2122,0.0669084
2123,0.0669084
2124,0.0669082
2125,0.0669079
2126,0.0669077
2127,0.0669076
2128,0.0669073
2129,0.0669071
2130,0.0669068
2131,0.0669066
2132,0.0714622
2133,0.0757823
2134,0.0690933
2135,0.0637284
2136,0.062667
2137,0.0640565
2138,0.0682144
2139,0.0691744
2140,0.0670716
2141,0.0655925
2142,0.0658399
2143,0.0660238
2144,0.0662279
2145,0.0664775
2146,0.0665653
2147,0.0666454
2148,0.0666724
2149,0.0667062
2150,0.0667202
2151,0.0667437
2152,0.0667546
2153,0.0667745
2154,0.0667839
2155,0.0668012
2156,0.0668094
2157,0.0668173
2158,0.0668311
2159,0.0668378
2160,0.0668503
2161,0.0668561
2162,0.0668618
2163,0.0668716
2164,0.0668764
2165,0.0668852
2166,0.0668893
2167,0.0668968
2168,0.0669003
2169,0.0669031
2170,0.0669095
2171,0.066915
2172,0.0669177
2173,0.066922
2174,0.0669261
2175,0.0669297
2176,0.0669313
2177,0.0669328
2178,0.0669353
2179,0.0669365
2180,0.0669376
2181,0.0669396
2182,0.0669405
2183,0.0669421
2184,0.0669428
2185,0.066944
2186,0.0669443
2187,0.0669454
2188,0.0669463
2189,0.0669466
2190,0.0669468
2191,0.0669472
2192,0.0669474
2193,0.0669475
2194,0.0669476
2195,0.0669478
2196,0.0669478
2197,0.0669477
2198,0.0669474
2199,0.0669476
2200,0.0669475
2201,0.0669473
2202,0.0669472
2203,0.066947
2204,0.0669467
2205,0.0669466
2206,0.0669465
2207,0.0669461
2208,0.0669456
2209,0.0669456
2210,0.0669451
2211,0.0669449
2212,0.0669446
2213,0.0669443
2214,0.0669439
2215,0.0669437
2216,0.0669436
2217,0.0669431
2218,0.066943
2219,0.0669427
2220,0.0669423
2221,0.0669421
2222,0.0669417
2223,0.0669415
2224,0.0669411
2225,0.0669409
2226,0.0669405
2227,0.0669403
2228,0.0669399
2229,0.0669397
2230,0.0669394
2231,0.0669392
2232,0.0669391
2233,0.0669387
2234,0.0669385
2235,0.0669381
2236,0.066938
2237,0.0669376
2238,0.0669375
2239,0.0669373
2240,0.0669087
2241,0.0670086
2242,0.0672249
2243,0.0673059
2244,0.0673627
2245,0.0673699
2246,0.0673613
2247,0.0673311
2248,0.0673159
2249,0.067288
2250,0.067275
2251,0.0672519
2252,0.0672411
2253,0.0672216
2254,0.0672123
2255,0.0671953
2256,0.0671872
2257,0.0671794
2258,0.0670839
2259,0.0671588
2260,0.0671521
2261,0.0675087
2262,0.0673757
2263,0.0673173
2264,0.0672299
2265,0.0671995
2266,0.0671789
2267,0.0671547
2268,0.0671452
2269,0.0671377
2270,0.0671316
2271,0.0671264
2272,0.0671167
2273,0.0671122
2274,0.0671081
2275,0.067101
2276,0.0670977
2277,0.0670916
2278,0.0670888
2279,0.0670838
2280,0.0670815
2281,0.0670772
2282,0.0670753
2283,0.0670717
2284,0.06707
2285,0.0670684
2286,0.0670657
2287,0.0670643
2288,0.0670619
2289,0.0670607
2290,0.0670596
2291,0.0670578
2292,0.0670568
2293,0.0670553
2294,0.0670545
2295,0.0670531
2296,0.0670524
2297,0.0670513
2298,0.0670507
2299,0.0670498
2300,0.0670494
2301,0.0670489
2302,0.0670482
2303,0.0670479
2304,0.0670472
2305,0.0670469
2306,0.0670464
2307,0.0670462
2308,0.0670457
2309,0.0670455
2310,0.0670452
2311,0.067045
2312,0.0670449
2313,0.0670445
2314,0.0670444
2315,0.0670442
2316,0.0670441
2317,0.0670438
2318,0.0670438
2319,0.0670436
2320,0.0670435
2321,0.0670434
2322,0.0670433
2323,0.0670431
2324,0.0670431
2325,0.0670429
2326,0.0670429
2327,0.0670428
2328,0.0670427
2329,0.0670426
2330,0.0670423
2331,0.0670424
2332,0.0670334
2333,0.0670268
2334,0.0670357
2335,0.0670393
2336,0.0670439
2337,0.0670453
2338,0.067046
2339,0.0670462
2340,0.0670465
2341,0.0670461
2342,0.0670462
2343,0.0670522
2344,0.0670571
2345,0.0670511
2346,0.0670486
2347,0.0670452
2348,0.0670441
2349,0.0670433
2350,0.0670426
2351,0.0670423
2352,0.0670419
2353,0.0670418
2354,0.0670416
2355,0.0670412
2356,0.0670411
2357,0.0670408
2358,0.0670407
2359,0.0670404
2360,0.0670404
2361,0.0670401
2362,0.06704
2363,0.0670398
2364,0.0670397
2365,0.0670395
2366,0.0670394
2367,0.0670393
2368,0.0670391
2369,0.067039
2370,0.0670388
2371,0.0670388
2372,0.0670387
2373,0.0670386
2374,0.0670385
2375,0.0670384
2376,0.0670381
2377,0.0670381
2378,0.0670381
2379,0.0670379
2380,0.0670378
2381,0.0670377
2382,0.0670377
2383,0.0670376
2384,0.0670375
2385,0.0670374
2386,0.0670373
2387,0.0670372
2388,0.067037
2389,0.067037
2390,0.0670368
2391,0.0670368
2392,0.0670367
2393,0.0670366
2394,0.0670366
2395,0.0670365
2396,0.0670364
2397,0.0670363
2398,0.0670362
2399,0.0670361
2400,0.0670361
2401,0.0670359
2402,0.067036
2403,0.0670358
2404,0.0670358
2405,0.0670356
2406,0.0670356
2407,0.0670355
2408,0.0670354
2409,0.0670353
2410,0.0670353
2411,0.0670352
2412,0.0670351
2413,0.0670351
2414,0.067035
2415,0.0670349
2416,0.0670349
2417,0.0670348
2418,0.0670348
2419,0.0670347
2420,0.0670346
2421,0.0670345
2422,0.0670345
2423,0.0670344
2424,0.0670343
2425,0.0670343
2426,0.0670342
2427,0.0670342
2428,0.0670341
2429,0.0670341
2430,0.067034
2431,0.0670339
2432,0.0670339
2433,0.0670338
2434,0.0670337
2435,0.0670337
2436,0.0670336
2437,0.0670336
2438,0.0670336
2439,0.0670335
2440,0.0670334
2441,0.0670334
2442,0.0670334
2443,0.0670333
2444,0.0670333
2445,0.0670332
2446,0.0670332
2447,0.0670331
2448,0.0670331
2449,0.0670331
2450,0.067033
2451,0.0670328
2452,0.0670329
2453,0.0670328
2454,0.0670328
2455,0.0670328
2456,0.0670328
2457,0.0670327
2458,0.0670328
2459,0.0670327
2460,0.0670326
2461,0.0670326
2462,0.0670325
2463,0.0670325
2464,0.0670325
2465,0.0670325
2466,0.0670325
2467,0.0670325
2468,0.0670324
2469,0.0670324
2470,0.0670322
2471,0.0670323
2472,0.0670322
2473,0.0670323
2474,0.0670323
2475,0.0670322
2476,0.0670323
2477,0.0670322
2478,0.0670322
2479,0.0670322
2480,0.0670322
2481,0.0670321
2482,0.0670321
2483,0.0670321
2484,0.067032
2485,0.0670321
2486,0.067032
2487,0.0670321
2488,0.067032
2489,0.067032
2490,0.067032
2491,0.067032
2492,0.0670319
2493,0.067032
2494,0.067032
2495,0.067032
2496,0.067032
2497,0.067032
2498,0.067032
2499,0.067032
2500,0.0670319
2501,0.067032
2502,0.067032
2503,0.067032
2504,0.067032
2505,0.067032
2506,0.067032
2507,0.067032
2508,0.067032
2509,0.067032
2510,0.067032
2511,0.067032
2512,0.0670321
2513,0.0670321
2514,0.0670321
2515,0.0670321
2516,0.0670321
2517,0.0670321
2518,0.0670321
2519,0.0670321
2520,0.0670322
2521,0.0670322
2522,0.0670322
2523,0.0670321
2524,0.0670322
2525,0.0670322
2526,0.0670323
2527,0.0670322
2528,0.0670323
2529,0.0670323
2530,0.0670324
2531,0.0670325
2532,0.0670324
2533,0.0670322
2534,0.0670325
2535,0.0670325
2536,0.0670326
2537,0.0670325
2538,0.0670326
2539,0.0670326
2540,0.0670326
2541,0.0670325
2542,0.0670327
2543,0.0670328
2544,0.0670328
2545,0.0670328
2546,0.0670329
2547,0.0670328
2548,0.067033
2549,0.067033
2550,0.0670331
2551,0.0670331
2552,0.0670331
2553,0.0670332
2554,0.0670332
2555,0.0670332
2556,0.0670333
2557,0.0670334
2558,0.0670334
2559,0.0670334
2560,0.0670335
2561,0.0670335
2562,0.0670336
2563,0.0670336
2564,0.0670337
2565,0.0670338
2566,0.0670338
2567,0.0670338
2568,0.0670339
2569,0.0670339
2570,0.067034
2571,0.0670341
2572,0.0670341
2573,0.0670341
2574,0.0670342
2575,0.0670343
2576,0.0670343
2577,0.0670344
2578,0.0670345
2579,0.0670345
2580,0.0670346
2581,0.0670346
2582,0.0670348
2583,0.0670347
2584,0.0670348
2585,0.0670349
2586,0.067035
2587,0.0670351
2588,0.0670351
2589,0.0670352
2590,0.0670352
2591,0.0670353
2592,0.0670354
2593,0.0670355
2594,0.0670354
2595,0.0670357
2596,0.0670357
2597,0.067036
2598,0.0670362
2599,0.0670363
2600,0.0670366
2601,0.0670366
2602,0.067037
2603,0.0670372
2604,0.0670374
2605,0.0670378
2606,0.067038
2607,0.0670382
2608,0.0670387
2609,0.0670388
2610,0.0670395
2611,0.0670398
2612,0.0670404
2613,0.0670406
2614,0.0670414
2615,0.0670418
2616,0.0670425
2617,0.0670432
2618,0.067044
2619,0.0670445
2620,0.0670457
2621,0.0670465
2622,0.0670471
2623,0.0670476
2624,0.0670481
2625,0.0670493
2626,0.0670499
2627,0.0670505
2628,0.0670511
2629,0.0670524
2630,0.0670537
2631,0.0670552
2632,0.0670558
2633,0.0670565
2634,0.0670573
2635,0.067059
2636,0.0670598
2637,0.0670606
2638,0.067062
2639,0.0670633
2640,0.0670652
2641,0.0670661
2642,0.0670671
2643,0.0670691
2644,0.06707
2645,0.067071
2646,0.0670732
2647,0.0670754
2648,0.0670765
2649,0.0670788
2650,0.0670801
2651,0.0670825
2652,0.0670838
2653,0.0670863
2654,0.0670877
2655,0.067089
2656,0.0670917
2657,0.0670932
2658,0.0670945
2659,0.0670975
2660,0.0670989
2661,0.0671019
2662,0.0671035
2663,0.0671067
2664,0.0671098
2665,0.0671116
2666,0.0671132
2667,0.0671149
2668,0.0671184
2669,0.0671202
2670,0.067122
2671,0.0671256
2672,0.0671275
2673,0.0671313
2674,0.0671351
2675,0.067137
2676,0.0671411
2677,0.0671432
2678,0.0671451
2679,0.0671473
2680,0.0671493
2681,0.0671537
2682,0.0671559
2683,0.0671604
2684,0.0671626
2685,0.0671648
2686,0.0671695
2687,0.0671718
2688,0.0671766
2689,0.067179
2690,0.0671839
2691,0.0671864
2692,0.0671889
2693,0.067194
2694,0.0671966
2695,0.0672019
2696,0.0672045
2697,0.0672071
2698,0.0672126
2699,0.0672181
2700,0.067221
2701,0.0672265
2702,0.0672294
2703,0.0672324
2704,0.0672382
2705,0.0672412
2706,0.0672473
2707,0.0672503
2708,0.0672564
2709,0.0672627
2710,0.0672657
2711,0.0672721
2712,0.0672754
2713,0.0672819
2714,0.0672852
2715,0.0672886
2716,0.0672953
2717,0.0672987
2718,0.0673021
2719,0.0673056
2720,0.067309
2721,0.0673125
2722,0.0673195
2723,0.0673231
2724,0.0673302
2725,0.0673339
2726,0.0673376
2727,0.0673449
2728,0.0673487
2729,0.0673523
2730,0.06736
2731,0.0673637
2732,0.0673714
2733,0.0673753
2734,0.067383
2735,0.067383
2736,0.067391
2737,0.067395
2738,0.067399
2739,0.067407
2740,0.0674111
2741,0.0674152
2742,0.0674193
2743,0.0674275
2744,0.0674317
2745,0.0674359
2746,0.06744
2747,0.0674486
2748,0.0674528
2749,0.0674615
2750,0.0674658
2751,0.0674744
2752,0.0674833
2753,0.067492
2754,0.0674966
2755,0.067501
2756,0.0675101
2757,0.0675146
2758,0.0675237
2759,0.0675283
2760,0.0675329
2761,0.0675422
2762,0.0675469
2763,0.0675516
2764,0.0675562
2765,0.067561
2766,0.0675705
2767,0.0675752
2768,0.06758
2769,0.0675848
2770,0.0675945
2771,0.0675993
2772,0.067609
2773,0.0676139
2774,0.0676238
2775,0.0676287
2776,0.0676386
2777,0.0676436
2778,0.0676485
2779,0.0676586
2780,0.0676686
2781,0.0676737
2782,0.0676839
2783,0.067694
2784,0.0677043
2785,0.0677094
2786,0.0677145
2787,0.067725
2788,0.0677302
2789,0.0677406
2790,0.0677458
2791,0.0677563
2792,0.0677615
2793,0.0677721
2794,0.0677774
2795,0.067788
2796,0.0677934
2797,0.067804
2798,0.0678093
2799,0.0678147
2800,0.0678254
2801,0.0678308
2802,0.0678416
2803,0.0678469
2804,0.0678577
2805,0.0678631
2806,0.0678831
2807,0.0678858
2808,0.0678886
2809,0.0678949
2810,0.0678989
2811,0.0679086
2812,0.0679191
2813,0.0679245
2814,0.0679356
2815,0.0679413
2816,0.0679525
2817,0.0679581
2818,0.0679637
2819,0.0679692
2820,0.0679749
2821,0.0679804
2822,0.0679861
2823,0.0679972
2824,0.0680084
2825,0.0680195
2826,0.0680251
2827,0.0680363
2828,0.0680419
2829,0.0680474
2830,0.068053
2831,0.0680642
2832,0.0680698
2833,0.0680753
2834,0.0680809
2835,0.068092
2836,0.0680975
2837,0.0681086
2838,0.0700282
2839,0.0681252
2840,0.0681307
2841,0.0569306
2842,0.0667383
2843,0.0743936
2844,0.075745
2845,0.0706545
2846,0.0601256
2847,0.0577317
2848,0.0713747
2849,0.0782098
2850,0.0767394
2851,0.0597662
2852,0.0574308
2853,0.0614491
2854,0.0757532
2855,0.080068
2856,0.0747096
2857,0.057324
2858,0.0515683
2859,0.0727938
2860,0.0847443
2861,0.0827089
2862,0.0548796
2863,0.0414323
2864,0.0518822
2865,0.0875035
2866,0.0883602
2867,0.0567946
2868,0.0245653
2869,0.0308624
2870,0.0907534
2871,0.083809
2872,0.0672337
2873,0.0438841
2874,0.0347885
2875,0.0839494
2876,0.0943342
2877,0.063242
2878,0.0506984
2879,0.0430072
2880,0.0602095
2881,0.0580085
2882,0.0554393
2883,0.0432052
2884,0.0709498
2885,0.0746253
2886,0.0714743
2887,0.05912
2888,0.0521815
2889,0.0634984
2890,0.0800935
2891,0.0924613
2892,0.0488366
2893,0.0314657
2894,0.0405692
2895,0.0202034
2896,0.0770206
2897,0.0655382
2898,0.0485078
2899,0.062015
2900,0.0684539
2901,0.0703232
2902,0.0556088
2903,0.0605831
2904,0.0692711
2905,0.0845752
2906,0.0751484
2907,0.0449467
2908,0.0512144
2909,0.0619033
2910,0.0719213
2911,0.0595506
2912,0.0540249
2913,0.0505732
2914,0.0480242
2915,0.058092
2916,0.0401687
2917,0.0616206
2918,0.0528479
2919,0.0742315
2920,0.0525056
2921,0.0603719
2922,0.0353434
2923,0.0783677
2924,0.058303
2925,0.0595497
2926,0.0475529
2927,0.07008
2928,0.0774835
2929,0.0540565
2930,0.0451193
2931,0.0741279
2932,0.0875455
2933,0.0624462
2934,0.0527907
2935,0.0497855
2936,0.0692711
2937,0.0872086
2938,0.0668541
2939,0.0469727
2940,0.0434271
2941,0.0188974
2942,0.0731433
2943,0.0579014
2944,0.0475698
2945,0.0572264
2946,0.0799346
2947,0.0777155
2948,0.0508595
2949,0.0452114
2950,0.0629139
2951,0.0842881
2952,0.0739112
2953,0.048563
2954,0.0209457
2955,0.0484467
2956,0.0912906
2957,0.08139
2958,0.054
2959,0.0141642
2960,0.026136
2961,0.0723329
2962,0.0790475
2963,0.0705385
2964,0.0518986
2965,0.0171386
2966,0.0739817
2967,0.0764757
2968,0.0783559
2969,0.0488591
2970,0.0133456
2971,0.0728619
2972,0.081825
2973,0.0684437
2974,0.0458468
2975,0.0618647
2976,0.0770732
2977,0.0818187
2978,0.0585958
2979,0.046509
2980,0.0694453
2981,0.0812682
2982,0.0685427
2983,0.0532919
2984,0.0613999
2985,0.0752254
2986,0.0847623
2987,0.0526789
2988,0.0399208
2989,0.068301
2990,0.0869213
2991,0.0598002
2992,0.0367745
2993,0.013263
2994,0.0528057
2995,0.0838582
2996,0.0611075
2997,0.043981
2998,0.0208575
2999,0.0798573
3000,0.0823254
3001,0.067915
3002,0.078811
3003,0.0885125
3004,0.0972939
3005,0.0889788
3006,0.0853184
3007,0.0992932
3008,0.0859784
3009,0.0783947
3010,0.0953178
3011,0.100059
3012,0.103596
3013,0.0969084
3014,0.096213
3015,0.105232
3016,0.109177
3017,0.11055
3018,0.100916
3019,0.0956025
3020,0.102515
3021,0.111561
3022,0.112135
3023,0.110275
3024,0.109515
3025,0.110667
3026,0.111448
3027,0.116124
3028,0.119204
3029,0.118618
3030,0.115201
3031,0.115383
3032,0.117252
3033,0.124146
3034,0.126559
3035,0.122508
3036,0.121207
3037,0.12608
3038,0.130262
3039,0.12908
3040,0.127449
3041,0.127066
3042,0.129664
3043,0.135693
3044,0.136662
3045,0.135605
3046,0.134167
3047,0.13417
3048,0.138545
3049,0.141006
3050,0.140922
3051,0.138772
3052,0.138052
3053,0.143155
3054,0.146684
3055,0.146089
3056,0.145162
3057,0.146405
3058,0.149373
3059,0.150979
3060,0.151778
3061,0.151269
3062,0.152842
3063,0.154032
3064,0.155154
3065,0.15569
3066,0.15609
3067,0.157441
3068,0.158431
3069,0.159489
3070,0.160129
3071,0.160759
3072,0.161105
3073,0.161983
3074,0.164151
3075,0.165107
3076,0.165249
3077,0.165258
3078,0.167285
3079,0.168543
3080,0.169247
3081,0.169318
3082,0.169143
3083,0.17167
3084,0.172993
3085,0.17354
3086,0.173389
3087,0.173902
3088,0.174503
3089,0.175495
3090,0.176819
3091,0.17728
3092,0.177873
3093,0.178174
3094,0.178622
3095,0.179216
3096,0.179465
3097,0.179896
3098,0.180614
3099,0.181549
3100,0.182207
3101,0.181514
3102,0.18138
3103,0.183066
3104,0.184132
3105,0.184527
3106,0.184171
3107,0.183769
3108,0.183848
3109,0.184791
3110,0.187272
3111,0.18826
3112,0.186441
3113,0.185766
3114,0.187944
3115,0.189708
3116,0.189518
3117,0.189088
3118,0.189177
3119,0.191617
3120,0.192892
3121,0.192077
3122,0.191458
3123,0.192785
3124,0.193811
3125,0.194665
3126,0.194573
3127,0.194588
3128,0.194855
3129,0.196706
3130,0.197589
3131,0.194507
3132,0.192507
3133,0.192662
3134,0.19629
3135,0.200593
3136,0.199456
3137,0.197372
3138,0.193439
3139,0.195463
3140,0.197858
3141,0.200179
3142,0.198512
3143,0.196161
3144,0.19394
3145,0.195226
3146,0.198191
3147,0.200759
3148,0.20092
3149,0.196207
3150,0.193981
3151,0.196766
3152,0.200265
3153,0.201355
3154,0.197198
3155,0.19479
3156,0.196046
3157,0.197692
3158,0.199071
3159,0.199259
3160,0.196644
3161,0.195186
3162,0.195142
3163,0.196459
3164,0.197854
3165,0.197356
3166,0.196563
3167,0.196033
3168,0.19567
3169,0.195858
3170,0.195321
3171,0.194967
3172,0.194841
3173,0.194398
3174,0.192635
3175,0.191585
3176,0.190598
3177,0.187413
3178,0.185346
3179,0.182597
3180,0.17631
3181,0.172999
3182,0.168629
3183,0.162686
3184,0.159891
3185,0.15735
3186,0.154318
3187,0.151312
3188,0.150278
3189,0.149777
3190,0.148601
3191,0.147852
3192,0.146235
3193,0.145381
3194,0.142372
3195,0.140743
3196,0.137206
3197,0.135368
3198,0.134076
3199,0.131198
3200,0.129999
3201,0.128947
3202,0.127864
3203,0.125397
3204,0.124085
3205,0.122642
3206,0.119168
3207,0.115891
3208,0.114387
3209,0.111134
3210,0.109434
3211,0.107961
3212,0.1051
3213,0.103649
3214,0.100516
3215,0.0987082
3216,0.0941109
3217,0.0917185
3218,0.089391
3219,0.0864092
3220,0.0831985
3221,0.0771392
3222,0.0742237
3223,0.0701641
3224,0.0687529
3225,0.0673451
3226,0.0659655
3227,0.0630685
3228,0.0596664
3229,0.0578882
3230,0.0529243
3231,0.0501657
3232,0.0476015
3233,0.0443875
3234,0.0411034
3235,0.0347789
3236,0.0318389
3237,0.02522
3238,0.022056
3239,0.0189573
3240,0.014578
3241,0.00547677
3242,0.00173891
3243,-0.00620964
3244,-0.0105914
3245,-0.0160489
3246,-0.0239222
3247,-0.0285352
3248,-0.036487
3249,-0.040474
3250,-0.0495236
3251,-0.0543261
3252,-0.0600136
3253,-0.0618979
3254,-0.0639413
3255,-0.0673555
3256,-0.0689743
3257,-0.0719791
3258,-0.0735215
3259,-0.0757348
3260,-0.0767865
3261,-0.0792156
3262,-0.0804754
3263,-0.0817331
3264,-0.082113
3265,-0.0826598
3266,-0.0849931
3267,-0.0862272
3268,-0.0871222
3269,-0.0873567
3270,-0.0894109
3271,-0.0906406
3272,-0.0920761
3273,-0.0925685
3274,-0.0931595
3275,-0.09521
3276,-0.0962808
3277,-0.0971593
3278,-0.0974399
3279,-0.098253
3280,-0.100839
3281,-0.102121
3282,-0.102821
3283,-0.102922
3284,-0.104912
3285,-0.10606
3286,-0.108099
3287,-0.108859
3288,-0.110081
3289,-0.110757
3290,-0.112638
3291,-0.113551
3292,-0.115152
3293,-0.115934
3294,-0.11758
3295,-0.118378
3296,-0.12003
3297,-0.120849
3298,-0.122707
3299,-0.123638
3300,-0.125434
3301,-0.126313
3302,-0.127248
3303,-0.129177
3304,-0.130146
3305,-0.131997
3306,-0.132904
3307,-0.134855
3308,-0.135831
3309,-0.137651
3310,-0.13853
3311,-0.140397
3312,-0.142273
3313,-0.144079
3314,-0.144954
3315,-0.145815
3316,-0.146672
3317,-0.148445
3318,-0.149335
3319,-0.151069
3320,-0.151916
3321,-0.152691
3322,-0.154169
3323,-0.154903
3324,-0.155643
3325,-0.156376
3326,-0.157806
3327,-0.158513
3328,-0.159893
3329,-0.160573
3330,-0.161661
3331,-0.162121
3332,-0.16282
3333,-0.163142
3334,-0.163525
3335,-0.164084
3336,-0.164376
3337,-0.164608
3338,-0.164719
3339,-0.164901
3340,-0.165336
3341,-0.165545
3342,-0.165469
3343,-0.165386
3344,-0.165448
3345,-0.16578
3346,-0.165839
3347,-0.165771
3348,-0.165625
3349,-0.164786
3350,-0.164448
3351,-0.163178
3352,-0.162458
3353,-0.161121
3354,-0.160451
3355,-0.158927
3356,-0.158084
3357,-0.157235
3358,-0.155442
3359,-0.1545
3360,-0.152559
3361,-0.151558
3362,-0.149443
3363,-0.148328
3364,-0.146754
3365,-0.146506
3366,-0.146187
3367,-0.144629
3368,-0.142128
3369,-0.139858
3370,-0.138682
3371,-0.135122
3372,-0.131713
3373,-0.130225
3374,-0.126089
3375,-0.123766
3376,-0.121651
3377,-0.116351
3378,-0.113639
3379,-0.111394
3380,-0.105389
3381,-0.10265
3382,-0.0971352
3383,-0.0941968
3384,-0.0886324
3385,-0.0857718
3386,-0.0797578
3387,-0.0767093
3388,-0.0700232
3389,-0.0667355
3390,-0.0575308
3391,-0.0526619
3392,-0.04308
3393,-0.0382831
3394,-0.0284155
3395,-0.0235096
3396,-0.0185272
3397,-0.00501078
3398,0.001315
3399,0.0172582
3400,0.0271742
3401,0.0348828
3402,0.0510294
3403,0.0590779
3404,0.0731615
3405,0.078994
3406,0.084765
3407,0.0871749
3408,0.0915067
3409,0.093822
3410,0.0982611
3411,0.102522
3412,0.105352
3413,0.112136
3414,0.115754
3415,0.120786
3416,0.123221
3417,0.129414
3418,0.132752
3419,0.135614
3420,0.139752
3421,0.144577
3422,0.147244
3423,0.153296
3424,0.156165
3425,0.15809
3426,0.161547
3427,0.16346
3428,0.167596
3429,0.168659
3430,0.170928
3431,0.17207
3432,0.174484
3433,0.175725
3434,0.176922
3435,0.178327
3436,0.180277
3437,0.182596
3438,0.18378
3439,0.186092
3440,0.187225
3441,0.188615
3442,0.190604
3443,0.191872
3444,0.193115
3445,0.195515
3446,0.196705
3447,0.199179
3448,0.200424
3449,0.202735
3450,0.203861
3451,0.205301
3452,0.2074
3453,0.20858
3454,0.21069
3455,0.211716
3456,0.213953
3457,0.215089
3458,0.217118
3459,0.219092
3460,0.221128
3461,0.22242
3462,0.224053
3463,0.224962
3464,0.226795
3465,0.227719
3466,0.228638
3467,0.23039
3468,0.231235
3469,0.232922
3470,0.23376
3471,0.235377
3472,0.236168
3473,0.237712
3474,0.238508
3475,0.239277
3476,0.240761
3477,0.241486
3478,0.242931
3479,0.243647
3480,0.244345
3481,0.245695
3482,0.247021
3483,0.247864
3484,0.24961
3485,0.250238
3486,0.250845
3487,0.252032
3488,0.252615
3489,0.253195
3490,0.253769
3491,0.254333
3492,0.25543
3493,0.255961
3494,0.256972
3495,0.25747
3496,0.257953
3497,0.258423
3498,0.259014
3499,0.259819
3500,0.260279
3501,0.261166
3502,0.2616
3503,0.262442
3504,0.262751
3505,0.263046
3506,0.263693
3507,0.263997
3508,0.264589
3509,0.26488
3510,0.265448
3511,0.265726
3512,0.26627
3513,0.266536
3514,0.266988
3515,0.267202
3516,0.267627
3517,0.267838
3518,0.268049
3519,0.268463
3520,0.268664
3521,0.269033
3522,0.269212
3523,0.269583
3524,0.269756
3525,0.269924
3526,0.270243
3527,0.270397
3528,0.270695
3529,0.270842
3530,0.27114
3531,0.271402
3532,0.271566
3533,0.271836
3534,0.272015
3535,0.272293
3536,0.272483
3537,0.272644
3538,0.272924
3539,0.273064
3540,0.273343
3541,0.273482
3542,0.273749
3543,0.27388
3544,0.274129
3545,0.274252
3546,0.274497
3547,0.274618
3548,0.274849
3549,0.274962
3550,0.275071
3551,0.27529
3552,0.275398
3553,0.275605
3554,0.275707
3555,0.2759
3556,0.276049
3557,0.276212
3558,0.276378
3559,0.276462
3560,0.276613
3561,0.276748
3562,0.276658
3563,0.276499
3564,0.276058
3565,0.27572
3566,0.275436
3567,0.275199
3568,0.274988
3569,0.274594
3570,0.274213
3571,0.274025
3572,0.273689
3573,0.273358
3574,0.273027
3575,0.272702
3576,0.272538
3577,0.272212
3578,0.272048
3579,0.271711
3580,0.271316
3581,0.270896
3582,0.270678
3583,0.270193
3584,0.269694
3585,0.269447
3586,0.268959
3587,0.268705
3588,0.268197
3589,0.267928
3590,0.267387
3591,0.267105
3592,0.266475
3593,0.266097
3594,0.265111
3595,0.264411
3596,0.2638
3597,0.262297
3598,0.260843
3599,0.260109
3600,0.258637
3601,0.257857
3602,0.256171
3603,0.255284
3604,0.253589
3605,0.252714
3606,0.250862
3607,0.249892
3608,0.249035
3609,0.246965
3610,0.245981
3611,0.243739
3612,0.242524
3613,0.2398
3614,0.238301
3615,0.235082
3616,0.233463
3617,0.231919
3618,0.22926
3619,0.227963
3620,0.225322
3621,0.223936
3622,0.220731
3623,0.219039
3624,0.215671
3625,0.214019
3626,0.210806
3627,0.208975
3628,0.207023
3629,0.2029
3630,0.200763
3631,0.198531
3632,0.194208
3633,0.192056
3634,0.187873
3635,0.185042
3636,0.178582
3637,0.175253
3638,0.168357
3639,0.164848
3640,0.16146
3641,0.158283
3642,0.151954
3643,0.148715
3644,0.145075
3645,0.141239
3646,0.132348
3647,0.127704
3648,0.118142
3649,0.112783
3650,0.102118
3651,0.0968288
3652,0.0882934
3653,0.0834343
3654,0.0786088
3655,0.0714186
3656,0.0681311
3657,0.0664216
3658,0.0630419
3659,0.0586377
3660,0.0564165
3661,0.0514759
3662,0.0489579
3663,0.0439009
3664,0.038607
3665,0.0355271
3666,0.0298773
3667,0.0275116
3668,0.0248072
3669,0.0221653
3670,0.0176459
3671,0.0149121
3672,0.0134721
3673,0.0120213
3674,0.00895521
3675,0.00630563
3676,0.0051007
3677,0.00315094
3678,0.00243473
3679,0.00160044
3680,-0.000538349
3681,-0.00304899
3682,-0.00428578
3683,-0.00528389
3684,-0.00736836
3685,-0.00909418
3686,-0.0110707
3687,-0.0134437
3688,-0.0147152
3689,-0.0159257
3690,-0.0181289
3691,-0.0192049
3692,-0.0213328
3693,-0.0229897
3694,-0.0262378
3695,-0.0278747
3696,-0.0295412
3697,-0.0314288
3698,-0.0334132
3699,-0.0352973
3700,-0.0368908
3701,-0.038249
3702,-0.0417909
3703,-0.0437993
3704,-0.0476528
3705,-0.0495962
3706,-0.0536291
3707,-0.0556978
3708,-0.0577392
3709,-0.0599575
3710,-0.0643935
3711,-0.0665779
3712,-0.0686224
3713,-0.0706865
3714,-0.0748632
3715,-0.0771758
3716,-0.0794327
3717,-0.0837681
3718,-0.085988
3719,-0.0889095
3720,-0.0920226
3721,-0.0935153
3722,-0.0964229
3723,-0.0992927
3724,-0.100765
3725,-0.102407
3726,-0.10569
3727,-0.108875
3728,-0.110436
3729,-0.112044
3730,-0.113707
3731,-0.116908
3732,-0.118365
3733,-0.119745
3734,-0.12114
3735,-0.122526
3736,-0.1252
3737,-0.126513
3738,-0.127753
3739,-0.129631
3740,-0.131438
3741,-0.132636
3742,-0.134889
3743,-0.135978
3744,-0.136835
3745,-0.137691
3746,-0.139252
3747,-0.139991
3748,-0.14064
3749,-0.141193
3750,-0.142187
3751,-0.142674
3752,-0.143596
3753,-0.144036
3754,-0.144792
3755,-0.145143
3756,-0.146453
3757,-0.148428
3758,-0.150382
3759,-0.154133
3760,-0.156967
3761,-0.159449
3762,-0.161157
3763,-0.164672
3764,-0.166425
3765,-0.169182
3766,-0.171627
3767,-0.173135
3768,-0.176123
3769,-0.177596
3770,-0.180698
3771,-0.182331
3772,-0.183939
3773,-0.187052
3774,-0.189865
3775,-0.191172
3776,-0.19382
3777,-0.195153
3778,-0.197757
3779,-0.199042
3780,-0.200306
3781,-0.201553
3782,-0.202567
3783,-0.204541
3784,-0.205474
3785,-0.206974
3786,-0.207711
3787,-0.208436
3788,-0.209149
3789,-0.210228
3790,-0.211264
3791,-0.211776
3792,-0.212793
3793,-0.213293
3794,-0.214293
3795,-0.214843
3796,-0.215386
3797,-0.215923
3798,-0.216974
3799,-0.217838
3800,-0.218333
3801,-0.218962
3802,-0.219294
3803,-0.219904
3804,-0.220655
3805,-0.221316
3806,-0.221791
3807,-0.222413
3808,-0.223183
3809,-0.223205
3810,-0.223009
3811,-0.222733
3812,-0.222715
3813,-0.222732
3814,-0.222724
3815,-0.222673
3816,-0.222547
3817,-0.222491
3818,-0.222378
3819,-0.22235
3820,-0.22225
3821,-0.2221
3822,-0.221951
3823,-0.22188
3824,-0.22184
3825,-0.221825
3826,-0.221611
3827,-0.221513
3828,-0.220889
3829,-0.220481
3830,-0.220071
3831,-0.219616
3832,-0.218651
3833,-0.218168
3834,-0.219294
3835,-0.219865
3836,-0.22043
3837,-0.221959
3838,-0.223793
3839,-0.22749
3840,-0.230172
3841,-0.233034
3842,-0.234907
3843,-0.238581
3844,-0.240369
3845,-0.244769
3846,-0.24678
3847,-0.247919
3848,-0.249281
3849,-0.250357
3850,-0.251465
3851,-0.253647
3852,-0.254699
3853,-0.256423
3854,-0.257578
3855,-0.258512
3856,-0.260478
3857,-0.261376
3858,-0.262992
3859,-0.262956
3860,-0.261735
3861,-0.261739
3862,-0.26281
3863,-0.262406
3864,-0.262494
3865,-0.261858
3866,-0.261585
3867,-0.261097
3868,-0.260561
3869,-0.259371
3870,-0.258725
3871,-0.257417
3872,-0.256737
3873,-0.256432
3874,-0.252559
3875,-0.251066
3876,-0.248003
3877,-0.246769
3878,-0.245941
3879,-0.244892
3880,-0.244678
3881,-0.242916
3882,-0.241938
3883,-0.240949
3884,-0.240619
3885,-0.21206
3886,-0.237874
3887,-0.236997
3888,-0.264505
3889,-0.263815
3890,-0.210863
3891,-0.153229
3892,-0.163257
3893,-0.240862
3894,-0.261094
3895,-0.259197
3896,-0.226104
3897,-0.184229
3898,-0.178356
3899,-0.206823
3900,-0.220843
3901,-0.197775
3902,-0.170645
3903,-0.192107
3904,-0.208344
3905,-0.18799
3906,-0.172225
3907,-0.165997
3908,-0.175679
3909,-0.183198
3910,-0.168191
3911,-0.154466
3912,-0.145089
3913,-0.145791
3914,-0.152801
3915,-0.158053
3916,-0.151062
3917,-0.122426
3918,-0.104115
3919,-0.119854
3920,-0.13461
3921,-0.126144
3922,-0.0657726
3923,-0.0586278
3924,-0.069432
3925,-0.0664341
3926,-0.0453417
3927,-0.03274
3928,-0.0263569
3929,-0.0616
3930,-0.130655
3931,-0.096089
3932,-0.0185187
3933,-0.0337011
3934,-0.0670892
3935,-0.17303
3936,-0.237566
3937,-0.0203468
3938,-0.032183
3939,-0.212444
3940,-0.261391
3941,-0.0300533
3942,-0.000813484
3943,-0.0190964
3944,-0.246702
3945,-0.157068
3946,-0.0238815
3947,-0.0105033
3948,-0.024193
3949,-0.0661414
3950,-0.117233
3951,-0.00551033
3952,0.00479439
3953,-0.0227572
3954,-0.10877
3955,0.00988302
3956,0.00908932
3957,0.0206109
3958,-0.0307418
3959,0.0107138
3960,0.00669754
3961,0.0371886
3962,0.0577917
3963,0.0500939
3964,0.0152898
3965,0.00795305
3966,0.0724365
3967,0.0669397
3968,0.0416989
3969,0.0421765
3970,0.058573
3971,0.0860517
3972,0.0813877
3973,0.059824
3974,0.0497934
3975,0.104439
3976,0.0833076
3977,0.118654
3978,0.0858776
3979,0.0701966
3980,0.0904714
3981,0.114436
3982,0.145132
3983,0.140089
3984,0.113435
3985,0.0845104
3986,0.117622
3987,0.148765
3988,0.167721
3989,0.177606
3990,0.11584
3991,0.0877508
3992,0.157583
3993,0.194547
3994,0.189992
3995,0.192481
3996,0.143679
3997,0.115446
3998,0.138774
3999,0.220764
4000,0.190173
4001,0.191262
4002,0.216444
4003,0.179684
4004,0.186551
4005,0.239531
4006,0.215968
4007,0.230671
4008,0.243165
4009,0.220381
4010,0.221652
4011,0.239827
4012,0.216966
4013,0.23267
4014,0.253403
4015,0.223674
4016,0.219153
4017,0.239042
4018,0.206187
4019,0.260513
4020,0.225804
4021,0.225628
4022,0.256923
4023,0.228633
4024,0.225316
4025,0.250354
4026,0.261565
4027,0.252535
4028,0.2613
4029,0.24724
4030,0.232408
4031,0.265455
4032,0.268057
4033,0.261161
4034,0.263706
4035,0.242106
4036,0.253213
4037,0.266206
4038,0.269725
4039,0.262437
4040,0.257722
4041,0.228768
4042,0.271357
4043,0.27489
4044,0.2777
4045,0.258505
4046,0.249453
4047,0.261082
4048,0.280418
4049,0.277223
4050,0.282848
4051,0.257292
4052,0.244606
4053,0.267226
4054,0.28137
4055,0.28868
4056,0.29028
4057,0.256651
4058,0.244673
4059,0.280829
4060,0.290789
4061,0.289693
4062,0.255934
4063,0.249106
4064,0.282756
4065,0.289285
4066,0.276935
4067,0.2577
4068,0.268169
4069,0.280025
4070,0.281209
4071,0.267713
4072,0.280012
4073,0.288341
4074,0.275769
4075,0.264531
4076,0.269607
4077,0.278172
4078,0.273003
4079,0.269034
4080,0.268361
4081,0.271513
4082,0.273806
4083,0.270273
4084,0.268477
4085,0.27019
4086,0.271457
4087,0.271016
4088,0.268476
4089,0.267709
4090,0.269369
4091,0.27039
4092,0.268394
4093,0.267182
4094,0.267362
4095,0.269159
4096,0.268589
4097,0.267845
4098,0.267595
4099,0.267832
4100,0.268015
4101,0.267978
4102,0.267975
4103,0.26776
4104,0.267575
4105,0.267221
4106,0.266615
4107,0.265994
4108,0.265769
4109,0.265654
4110,0.264505
4111,0.26399
4112,0.263648
4113,0.263447
4114,0.262978
4115,0.262689
4116,0.262273
4117,0.261377
4118,0.260939
4119,0.260617
4120,0.260057
4121,0.260019
4122,0.261028
4123,0.261458
4124,0.262082
4125,0.262145
4126,0.262257
4127,0.262394
4128,0.262366
4129,0.261909
4130,0.261576
4131,0.260978
4132,0.260638
4133,0.259697
4134,0.257103
4135,0.255715
4136,0.254298
4137,0.251354
4138,0.249781
4139,0.247646
4140,0.246869
4141,0.245359
4142,0.243834
4143,0.242214
4144,0.241422
4145,0.240606
4146,0.239246
4147,0.23855
4148,0.236794
4149,0.235935
4150,0.234382
4151,0.232903
4152,0.231256
4153,0.229505
4154,0.228271
4155,0.22598
4156,0.224862
4157,0.221496
4158,0.219646
4159,0.218012
4160,0.216525
4161,0.214104
4162,0.213114
4163,0.211035
4164,0.209945
4165,0.208832
4166,0.207631
4167,0.206885
4168,0.204039
4169,0.202858
4170,0.200432
4171,0.197879
4172,0.196575
4173,0.193659
4174,0.191192
4175,0.185868
4176,0.183104
4177,0.180037
4178,0.174539
4179,0.173571
4180,0.168471
4181,0.165608
4182,0.162506
4183,0.159437
4184,0.158439
4185,0.154886
4186,0.152683
4187,0.146929
4188,0.144113
4189,0.142376
4190,0.142039
4191,0.138176
4192,0.134991
4193,0.129796
4194,0.128649
4195,0.131379
4196,0.138027
4197,0.141366
4198,0.117345
4199,0.10232
4200,0.114394
4201,0.125344
4202,0.140302
4203,0.139507
4204,0.0949682
4205,0.0695289
4206,0.121374
4207,0.151873
4208,0.15345
4209,0.0924179
4210,0.0618786
4211,0.0622605
4212,0.153485
4213,0.207798
4214,0.138992
4215,0.0478936
4216,0.0378941
4217,0.0424936
4218,0.22902
4219,0.286676
4220,0.266044
4221,0.0292683
4222,-0.00355768
4223,0.00407445
4224,0.0323426
4225,0.0524762
4226,0.0515176
4227,0.0254577
4228,0.00999323
4229,-0.00867406
4230,-0.0155707
4231,-0.016575
4232,-0.0122282
4233,-0.0115097
4234,0.00216666
4235,0.00737217
4236,0.00714633
4237,-0.00162399
4238,-0.00636593
4239,-0.00868601
4240,-0.0106194
4241,-0.0114469
4242,-0.0117708
4243,-0.0119837
4244,-0.0154699
4245,-0.0176305
4246,-0.0223398
4247,-0.0247234
4248,-0.0294771
4249,-0.0319166
4250,-0.0370542
4251,-0.0396679
4252,-0.0446981
4253,-0.0475406
4254,-0.0506224
4255,-0.0575262
4256,-0.0610743
4257,-0.0646183
4258,-0.0689969
4259,-0.0705063
4260,-0.0811627
4261,-0.0868656
4262,-0.0940174
4263,-0.0967088
4264,-0.10621
4265,-0.111441
4266,-0.117637
4267,-0.123177
4268,-0.124587
4269,-0.13007
4270,-0.131164
4271,-0.133105
4272,-0.134069
4273,-0.13564
4274,-0.136365
4275,-0.137344
4276,-0.138702
4277,-0.139523
4278,-0.140551
4279,-0.141716
4280,-0.142417
4281,-0.14416
4282,-0.145825
4283,-0.146285
4284,-0.146553
4285,-0.146705
4286,-0.147179
4287,-0.148271
4288,-0.148707
4289,-0.147974
4290,-0.147543
4291,-0.14787
4292,-0.147932
4293,-0.147691
4294,-0.146469
4295,-0.146155
4296,-0.146068
4297,-0.145783
4298,-0.145597
4299,-0.144892
4300,-0.144544
4301,-0.144526
4302,-0.144222
4303,-0.144152
4304,-0.143576
4305,-0.143538
4306,-0.143755
4307,-0.14442
4308,-0.145248
4309,-0.14726
4310,-0.149039
4311,-0.149847
4312,-0.15064
4313,-0.151498
4314,-0.153538
4315,-0.154591
4316,-0.155765
4317,-0.158634
4318,-0.161651
4319,-0.164835
4320,-0.166432
4321,-0.16937
4322,-0.170839
4323,-0.172519
4324,-0.174383
4325,-0.179763
4326,-0.182753
4327,-0.187271
4328,-0.19178
4329,-0.194181
4330,-0.199418
4331,-0.204061
4332,-0.208191
4333,-0.210218
4334,-0.214534
4335,-0.216259
4336,-0.218501
4337,-0.219381
4338,-0.220285
4339,-0.222196
4340,-0.223157
4341,-0.224896
4342,-0.225742
4343,-0.227558
4344,-0.228425
4345,-0.229903
4346,-0.230629
4347,-0.232121
4348,-0.232851
4349,-0.233382
4350,-0.234096
4351,-0.234923
4352,-0.235522
4353,-0.236211
4354,-0.236607
4355,-0.237038
4356,-0.237231
4357,-0.237601
4358,-0.237744
4359,-0.239559
4360,-0.24079
4361,-0.241067
4362,-0.241423
4363,-0.241611
4364,-0.241755
4365,-0.242108
4366,-0.242299
4367,-0.242542
4368,-0.242657
4369,-0.242902
4370,-0.243189
4371,-0.243708
4372,-0.24539
4373,-0.246371
4374,-0.24824
4375,-0.249184
4376,-0.251287
4377,-0.252336
4378,-0.253368
4379,-0.254557
4380,-0.25653
4381,-0.25818
4382,-0.259049
4383,-0.259401
4384,-0.260559
4385,-0.261195
4386,-0.261802
4387,-0.263172
4388,-0.265832
4389,-0.268426
4390,-0.269658
4391,-0.271987
4392,-0.273097
4393,-0.275127
4394,-0.276111
4395,-0.27789
4396,-0.278644
4397,-0.279722
4398,-0.279988
4399,-0.280515
4400,-0.280778
4401,-0.281303
4402,-0.28166
4403,-0.282373
4404,-0.282721
4405,-0.283432
4406,-0.283266
4407,-0.281342
4408,-0.280298
4409,-0.278358
4410,-0.277366
4411,-0.276134
4412,-0.274551
4413,-0.273351
4414,-0.271963
4415,-0.269203
4416,-0.266242
4417,-0.264618
4418,-0.262988
4419,-0.259971
4420,-0.256431
4421,-0.254526
4422,-0.25053
4423,-0.246073
4424,-0.241194
4425,-0.23852
4426,-0.233866
4427,-0.23259
4428,-0.232757
4429,-0.232847
4430,-0.233346
4431,-0.23321
4432,-0.23336
4433,-0.233398
4434,-0.233488
4435,-0.233692
4436,-0.234126
4437,-0.229843
4438,-0.227829
4439,-0.226482
4440,-0.226285
4441,-0.225371
4442,-0.2252
4443,-0.215294
4444,-0.206056
4445,-0.202035
4446,-0.192287
4447,-0.187029
4448,-0.182093
4449,-0.174679
4450,-0.1705
4451,-0.163065
4452,-0.15907
4453,-0.14391
4454,-0.135289
4455,-0.128256
4456,-0.115448
4457,-0.106173
4458,-0.103075
4459,-0.0987375
4460,-0.0973948
4461,-0.0948211
4462,-0.0935559
4463,-0.0925307
4464,-0.0889183
4465,-0.0870458
4466,-0.0851261
4467,-0.0810437
4468,-0.0793318
4469,-0.0763534
4470,-0.0735925
4471,-0.0720475
4472,-0.0700903
4473,-0.0655926
4474,-0.0634482
4475,-0.0598334
4476,-0.0579342
4477,-0.0539825
4478,-0.0519546
4479,-0.0500792
4480,-0.0459643
4481,-0.0457541
4482,-0.0460852
4483,-0.0465295
4484,-0.046569
4485,-0.0460463
4486,-0.0456308
4487,-0.0445959
4488,-0.0437955
4489,-0.0431068
4490,-0.0427722
4491,-0.0422909
4492,-0.0405428
4493,-0.0398312
4494,-0.0393139
4495,-0.0374893
4496,-0.0357945
4497,-0.0374522
4498,-0.0430027
4499,-0.0529045
4500,-0.0321026
4501,-0.0189364
4502,-0.0197781
4503,-0.0378136
4504,-0.0708046
4505,-0.0443836
4506,-0.0325585
4507,-0.000562787
4508,0.011552
4509,-0.0808951
4510,-0.277519
4511,-0.263071
4512,0.00198251
4513,0.1024
4514,-0.0325473
4515,-0.192879
4516,-0.0275966
4517,0.00207761
4518,0.00418124
4519,-0.0625208
4520,-0.212383
4521,-0.0347403
4522,-0.0125483
4523,-0.00755334
4524,-0.0114726
4525,-0.0669386
4526,-0.164811
4527,-0.0155692
4528,0.0138799
4529,0.0136301
4530,-0.0376076
4531,-0.144446
4532,-0.0284927
4533,-0.0140614
4534,0.00938663
4535,0.0112042
4536,-0.0114097
4537,-0.0177442
4538,-0.0159666
4539,-0.00344056
4540,0.0118024
4541,-0.00123635
4542,0.00193286
4543,-0.0342131
4544,-0.00255767
4545,0.0174811
4546,0.00667882
4547,0.00420415
4548,0.0251513
4549,0.0502986
4550,0.0178121
4551,0.0293714
4552,0.0332558
4553,0.023369
4554,0.0834872
4555,0.0717737
4556,0.037214
4557,0.0385798
4558,0.0429328
4559,0.0429059
4560,0.0688768
4561,0.130428
4562,0.0874132
4563,0.0739242
4564,0.0621186
4565,0.0661654
4566,0.0778652
4567,0.110293
4568,0.135654
4569,0.089532
4570,0.0730424
4571,0.0799461
4572,0.176424
4573,0.172817
4574,0.184317
4575,0.118558
4576,0.0909958
4577,0.122737
4578,0.166375
4579,0.198639
4580,0.188301
4581,0.173167
4582,0.165362
4583,0.174056
4584,0.190746
4585,0.211487
4586,0.212865
4587,0.194536
4588,0.191317
4589,0.223424
4590,0.242421
4591,0.24727
4592,0.214759
4593,0.193921
4594,0.196895
4595,0.251995
4596,0.264175
4597,0.264899
4598,0.230484
4599,0.204614
4600,0.223452
4601,0.258806
4602,0.270721
4603,0.271426
4604,0.256655
4605,0.246698
4606,0.256392
4607,0.275079
4608,0.275523
4609,0.276679
4610,0.2729
4611,0.273539
4612,0.276129
4613,0.280243
4614,0.283752
4615,0.28415
4616,0.28487
4617,0.286949
4618,0.288028
4619,0.288314
4620,0.288469
4621,0.288614
4622,0.28925
4623,0.290694
4624,0.291248
4625,0.291666
4626,0.29184
4627,0.292553
4628,0.292575
4629,0.292594
4630,0.292612
4631,0.29264
4632,0.292653
4633,0.292666
4634,0.292689
4635,0.292698
4636,0.292722
4637,0.292737
4638,0.292757
4639,0.292767
4640,0.292772
4641,0.292787
4642,0.292795
4643,0.2928
4644,0.292806
4645,0.29281
4646,0.292815
4647,0.29282
4648,0.292835
4649,0.292845
4650,0.292852
4651,0.292857
4652,0.292861
4653,0.292869
4654,0.292872
4655,0.292875
4656,0.29288
4657,0.292886
4658,0.292889
4659,0.292894
4660,0.292896
4661,0.292898
4662,0.292902
4663,0.292904
4664,0.292906
4665,0.292909
4666,0.292911
4667,0.292915
4668,0.292917
4669,0.29292
4670,0.292921
4671,0.292931
4672,0.292938
4673,0.292939
4674,0.292939
4675,0.292939
4676,0.29294
4677,0.29294
4678,0.292944
4679,0.292952
4680,0.292958
4681,0.292965
4682,0.29297
4683,0.292985
4684,0.292993
4685,0.293
4686,0.293013
4687,0.29302
4688,0.293019
4689,0.293006
4690,0.292999
4691,0.29299
4692,0.292989
4693,0.292986
4694,0.292981
4695,0.292978
4696,0.292973
4697,0.29297
4698,0.292968
4699,0.292963
4700,0.29296
4701,0.292953
4702,0.292949
4703,0.292939
4704,0.292937
4705,0.292937
4706,0.292937
4707,0.292936
4708,0.292932
4709,0.292926
4710,0.292924
4711,0.292919
4712,0.292912
4713,0.292908
4714,0.292897
4715,0.292886
4716,0.292875
4717,0.292874
4718,0.292872
4719,0.292867
4720,0.292866
4721,0.292867
4722,0.292871
4723,0.292876
4724,0.292877
4725,0.292879
4726,0.292888
4727,0.292895
4728,0.292908
4729,0.292916
4730,0.292925
4731,0.292933
4732,0.292944
4733,0.292949
4734,0.292964
4735,0.292968
4736,0.292971
4737,0.292972
4738,0.292972
4739,0.292972
4740,0.292978
4741,0.29298
4742,0.292978
4743,0.292975
4744,0.292974
4745,0.292974
4746,0.292977
4747,0.292966
4748,0.29296
4749,0.292954
4750,0.292939
4751,0.292932
4752,0.292919
4753,0.292913
4754,0.292905
4755,0.292892
4756,0.292865
4757,0.292851
4758,0.292837
4759,0.292805
4760,0.292789
4761,0.292773
4762,0.292741
4763,0.292724
4764,0.29269
4765,0.292672
4766,0.292658
4767,0.292646
4768,0.292622
4769,0.292605
4770,0.292585
4771,0.292556
4772,0.292545
4773,0.292536
4774,0.292516
4775,0.292505
4776,0.292489
4777,0.292481
4778,0.292487
4779,0.292499
4780,0.292522
4781,0.292537
4782,0.292574
4783,0.292603
4784,0.292618
4785,0.292624
4786,0.292634
4787,0.292652
4788,0.292668
4789,0.292683
4790,0.292697
4791,0.292716
4792,0.29273
4793,0.292747
4794,0.292768
4795,0.292778
4796,0.292787
4797,0.292808
4798,0.292835
4799,0.292852
4800,0.292866
4801,0.29289
4802,0.292903
4803,0.292918
4804,0.292943
4805,0.292954
4806,0.292965
4807,0.292978
4808,0.292987
4809,0.293001
4810,0.293007
4811,0.293014
4812,0.293031
4813,0.293043
4814,0.293055
4815,0.293065
4816,0.293091
4817,0.293104
4818,0.293115
4819,0.293126
4820,0.293133
4821,0.293134
4822,0.293137
4823,0.293143
4824,0.293145
4825,0.293147
4826,0.293153
4827,0.293145
4828,0.293134
4829,0.293106
4830,0.293067
4831,0.292977
4832,0.292929
4833,0.292889
4834,0.292823
4835,0.292765
4836,0.292738
4837,0.29271
4838,0.292676
4839,0.292652
4840,0.292642
4841,0.292616
4842,0.292556
4843,0.292375
4844,0.292289
4845,0.292194
4846,0.290067
4847,0.2839
4848,0.27545
4849,0.265942
4850,0.256033
4851,0.231373
4852,0.224403
4853,0.215093
4854,0.209264
4855,0.204182
4856,0.200327
4857,0.193176
4858,0.185792
4859,0.183372
4860,0.180435
4861,0.17532
4862,0.172476
4863,0.163495
4864,0.15855
4865,0.154942
4866,0.152468
4867,0.1515
4868,0.150765
4869,0.150566
4870,0.150288
4871,0.149329
4872,0.14873
4873,0.146831
4874,0.145833
4875,0.143833
4876,0.142842
4877,0.141866
4878,0.139447
4879,0.138341
4880,0.136768
4881,0.136016
4882,0.135243
4883,0.133793
4884,0.133599
4885,0.132205
4886,0.131423
4887,0.130436
4888,0.130346
4889,0.129245
4890,0.128427
4891,0.126187
4892,0.125096
4893,0.124162
4894,0.124131
4895,0.123713
4896,0.120236
4897,0.118956
4898,0.117825
4899,0.118471
4900,0.118686
4901,0.113627
4902,0.114395
4903,0.11159
4904,0.111862
4905,0.110621
4906,0.107759
4907,0.111077
4908,0.106868
4909,0.10442
4910,0.101775
4911,0.0989082
4912,0.100978
4913,0.101199
4914,0.095768
4915,0.0922916
4916,0.0911227
4917,0.0938462
4918,0.0965711
4919,0.0944207
4920,0.0898675
4921,0.0888451
4922,0.0915309
4923,0.0916801
4924,0.0905845
4925,0.0895022
4926,0.0889826
4927,0.0884834
4928,0.0874071
4929,0.0848913
4930,0.0839413
4931,0.0829056
4932,0.0821099
4933,0.0802138
4934,0.0780805
4935,0.0768194
4936,0.0753267
4937,0.0705184
4938,0.0679621
4939,0.0658591
4940,0.0652074
4941,0.0604253
4942,0.0566325
4943,0.0519072
4944,0.0514693
4945,0.0547651
4946,0.0514473
4947,0.0499368
4948,0.0465916
4949,0.0446636
4950,0.0425399
4951,0.0394106
4952,0.0335381
4953,0.0311634
4954,0.0295929
4955,0.0242831
4956,0.0185356
4957,0.0160218
4958,0.00998139
4959,0.00382665
4960,0.00124061
4961,-0.000862986
4962,-0.00409728
4963,-0.0075098
4964,-0.00977367
4965,-0.010527
4966,-0.0104541
4967,-0.0072197
4968,-0.00575995
4969,-0.00554073
4970,0.0111922
4971,0.00815749
4972,0.00574136
4973,-0.00468603
4974,0.00710702
4975,-0.0220746
4976,-0.0739189
4977,-0.0960532
4978,-0.116427
4979,-0.114689
4980,-0.11827
4981,-0.123371
4982,-0.128078
4983,-0.124632
4984,-0.116665
4985,-0.119127
4986,-0.122128
4987,-0.117678
4988,-0.112845
4989,-0.112857
4990,-0.113782
4991,-0.119421
4992,-0.12128
4993,-0.119409
4994,-0.116779
4995,-0.115804
4996,-0.117954
4997,-0.120773
4998,-0.124562
4999,-0.127401
5000,-0.128447
5001,-0.131237
5002,-0.132853
5003,-0.134068
5004,-0.136617
5005,-0.138337
5006,-0.143162
5007,-0.145689
5008,-0.150615
5009,-0.154119
5010,-0.160538
5011,-0.164406
5012,-0.167643
5013,-0.174174
5014,-0.176662
5015,-0.174992
5016,-0.174484
5017,-0.176835
5018,-0.177925
5019,-0.177679
5020,-0.178118
5021,-0.178577
5022,-0.179549
5023,-0.180045
5024,-0.182706
5025,-0.185388
5026,-0.191088
5027,-0.203979
5028,-0.209191
5029,-0.221743
5030,-0.229368
5031,-0.230559
5032,-0.23095
5033,-0.231262
5034,-0.231161
5035,-0.23075
5036,-0.229935
5037,-0.231046
5038,-0.232143
5039,-0.233307
5040,-0.235598
5041,-0.236712
5042,-0.237876
5043,-0.240272
5044,-0.241853
5045,-0.243552
5046,-0.244685
5047,-0.249192
5048,-0.251566
5049,-0.253501
5050,-0.254282
5051,-0.25488
5052,-0.255034
5053,-0.255259
5054,-0.255316
5055,-0.255455
5056,-0.255739
5057,-0.256288
5058,-0.256381
5059,-0.256146
5060,-0.255539
5061,-0.25501
5062,-0.254811
5063,-0.254569
5064,-0.254466
5065,-0.25409
5066,-0.252134
5067,-0.250006
5068,-0.245578
5069,-0.243551
5070,-0.239831
5071,-0.238593
5072,-0.234015
5073,-0.229032
5074,-0.226537
5075,-0.221077
5076,-0.217579
5077,-0.21652
5078,-0.219226
5079,-0.221212
5080,-0.21958
5081,-0.217759
5082,-0.215059
5083,-0.217109
5084,-0.218902
5085,-0.216551
5086,-0.214073
5087,-0.208996
5088,-0.203581
5089,-0.201997
5090,-0.197142
5091,-0.194497
5092,-0.190818
5093,-0.18493
5094,-0.182047
5095,-0.180927
5096,-0.183906
5097,-0.187702
5098,-0.188526
5099,-0.169961
5100,-0.163227
5101,-0.163985
5102,-0.201272
5103,-0.21707
5104,-0.214444
5105,-0.157456
5106,-0.137726
5107,-0.142338
5108,-0.165208
5109,-0.193508
5110,-0.190354
5111,-0.156518
5112,-0.126231
5113,-0.130671
5114,-0.168698
5115,-0.192736
5116,-0.154614
5117,-0.119315
5118,-0.114926
5119,-0.123305
5120,-0.148718
5121,-0.160572
5122,-0.147741
5123,-0.112477
5124,-0.0981471
5125,-0.102146
5126,-0.141187
5127,-0.154146
5128,-0.148043
5129,-0.121262
5130,-0.0789448
5131,-0.0798414
5132,-0.100906
5133,-0.12731
5134,-0.0773407
5135,-0.0700752
5136,-0.0718015
5137,-0.0685547
5138,-0.0796415
5139,-0.0865607
5140,-0.0608277
5141,-0.0638368
5142,-0.0608663
5143,-0.0583482
5144,-0.056875
5145,-0.053101
5146,-0.053165
5147,-0.0534855
5148,-0.0535804
5149,-0.0536157
5150,-0.0578234
5151,-0.060234
5152,-0.0616112
5153,-0.0637299
5154,-0.0671309
5155,-0.0685048
5156,-0.071318
5157,-0.0752664
5158,-0.0774007
5159,-0.0842285
5160,-0.0878385
5161,-0.0925991
5162,-0.0949643
5163,-0.0974394
5164,-0.102507
5165,-0.105016
5166,-0.106499
5167,-0.108753
5168,-0.110537
5169,-0.110673
5170,-0.108417
5171,-0.103336
5172,-0.100699
5173,-0.0994758
5174,-0.0989938
5175,-0.0972285
5176,-0.0896761
5177,-0.0826305
5178,-0.0791262
5179,-0.0761315
5180,-0.0694117
5181,-0.066111
5182,-0.0608867
5183,-0.0557438
5184,-0.0513535
5185,-0.0456444
5186,-0.0434203
5187,-0.0417414
5188,-0.0390823
5189,-0.0343402
5190,-0.0321146
5191,-0.0290873
5192,-0.0283422
5193,-0.030275
5194,-0.0364474
5195,-0.037965
5196,-0.0327758
5197,-0.0253435
5198,-0.0177618
5199,0.00170764
5200,0.0103387
5201,0.0150581
5202,0.0161471
5203,0.0164762
5204,0.0228251
5205,0.0266805
5206,0.0294876
5207,0.0297336
5208,0.0239788
5209,0.0195041
5210,0.0162186
5211,0.0162432
5212,0.0254722
5213,0.0355931
5214,0.0404539
5215,0.0439739
5216,0.0447385
5217,0.0428337
5218,0.042158
5219,0.0444137
5220,0.0504177
5221,0.0769646
5222,0.0654984
5223,0.0689012
5224,0.0245803
5225,0.0287146
5226,0.0788768
5227,0.106232
5228,0.10899
5229,0.105743
5230,0.0934289
5231,0.0715334
5232,0.0613285
5233,0.0525691
5234,0.0471345
5235,0.0587752
5236,0.0680411
5237,0.07614
5238,0.077242
5239,0.0740182
5240,0.0727157
5241,0.0744959
5242,0.0750873
5243,0.0729355
5244,0.0749579
5245,0.077582
5246,0.0803877
5247,0.0840225
5248,0.08464
5249,0.0836721
5250,0.0831679
5251,0.0824114
5252,0.0819127
5253,0.0816603
5254,0.0813651
5255,0.0809291
5256,0.0747225
5257,0.0711839
5258,0.0633592
5259,0.057686
5260,0.0531991
5261,0.0518659
5262,0.0542389
5263,0.0657825
5264,0.0710562
5265,0.0772372
5266,0.0797366
5267,0.0801418
5268,0.0773955
5269,0.0752562
5270,0.0672823
5271,0.0619098
5272,0.0473228
5273,0.0428943
5274,0.0426127
5275,0.0450468
5276,0.0462157
5277,0.0523249
5278,0.0552789
5279,0.059018
5280,0.0631897
5281,0.0639545
5282,0.0606592
5283,0.0585415
5284,0.052798
5285,0.0498322
5286,0.0456312
5287,0.0434235
5288,0.0426478
5289,0.0434484
5290,0.0439208
5291,0.0456409
5292,0.0472394
5293,0.047804
5294,0.0480036
5295,0.0481267
5296,0.0480466
5297,0.0479167
5298,0.0476062
5299,0.0470094
5300,0.0475023
5301,0.049353
5302,0.0571358
5303,0.0609955
5304,0.068972
5305,0.0730476
5306,0.0815935
5307,0.0859253
5308,0.0963835
5309,0.10528
5310,0.107432
5311,0.110749
5312,0.114767
5313,0.117093
5314,0.117667
5315,0.118259
5316,0.119532
5317,0.120185
5318,0.121685
5319,0.12316
5320,0.127565
5321,0.129785
5322,0.133645
5323,0.137157
5324,0.139043
5325,0.143186
5326,0.145305
5327,0.150056
5328,0.154757
5329,0.159069
5330,0.161184
5331,0.165781
5332,0.168137
5333,0.170572
5334,0.17296
5335,0.177524
5336,0.179756
5337,0.186356
5338,0.189679
5339,0.193079
5340,0.199879
5341,0.203476
5342,0.211174
5343,0.214877
5344,0.221501
5345,0.224355
5346,0.229597
5347,0.232232
5348,0.237679
5349,0.240283
5350,0.242782
5351,0.245109
5352,0.247372
5353,0.251782
5354,0.253829
5355,0.255814
5356,0.257463
5357,0.259939
5358,0.261082
5359,0.263497
5360,0.264974
5361,0.267339
5362,0.268189
5363,0.268876
5364,0.269776
5365,0.270243
5366,0.27076
5367,0.271265
5368,0.271571
5369,0.273529
5370,0.275332
5371,0.276538
5372,0.276957
5373,0.277914
5374,0.278506
5375,0.278623
5376,0.28077
5377,0.284494
5378,0.286376
5379,0.289256
5380,0.290047
5381,0.290025
5382,0.290029
5383,0.28997
5384,0.289418
5385,0.288193
5386,0.287812
5387,0.288149
5388,0.288634
5389,0.289484
5390,0.289897
5391,0.28998
5392,0.289764
5393,0.289402
5394,0.289162
5395,0.28878
5396,0.28826
5397,0.287981
5398,0.287982
5399,0.288018
5400,0.288113
5401,0.288316
5402,0.288071
5403,0.28787
5404,0.288203
5405,0.288427
5406,0.288847
5407,0.289461
5408,0.289686
5409,0.289893
5410,0.290235
5411,0.290405
5412,0.29056
5413,0.290707
5414,0.290792
5415,0.291122
5416,0.291316
5417,0.29154
5418,0.291583
5419,0.29198
5420,0.292189
5421,0.292352
5422,0.292513
5423,0.292606
5424,0.292815
5425,0.292822
5426,0.29284
5427,0.292847
5428,0.292862
5429,0.292869
5430,0.292877
5431,0.292885
5432,0.2929
5433,0.292914
5434,0.292929
5435,0.292938
5436,0.292953
5437,0.292961
5438,0.292976
5439,0.292987
5440,0.293004
5441,0.293029
5442,0.293042
5443,0.293058
5444,0.293095
5445,0.293112
5446,0.293131
5447,0.293155
5448,0.293171
5449,0.29319
5450,0.293223
5451,0.293237
5452,0.293255
5453,0.293263
5454,0.29327
5455,0.293288
5456,0.293297
5457,0.293318
5458,0.293327
5459,0.293325
5460,0.293326
5461,0.293343
5462,0.293392
5463,0.293412
5464,0.2934
5465,0.293398
5466,0.293424
5467,0.293442
5468,0.293454
5469,0.293464
5470,0.293466
5471,0.29349
5472,0.293504
5473,0.293514
5474,0.293516
5475,0.293534
5476,0.293545
5477,0.293555
5478,0.293562
5479,0.293573
5480,0.29358
5481,0.293592
5482,0.293623
5483,0.293637
5484,0.29364
5485,0.29364
5486,0.29366
5487,0.293687
5488,0.293699
5489,0.293709
5490,0.293722
5491,0.293731
5492,0.293762
5493,0.293776
5494,0.29378
5495,0.293779
5496,0.293782
5497,0.293822
5498,0.293843
5499,0.293836
5500,0.293828
5501,0.293837
5502,0.293887
5503,0.293909
5504,0.293891
5505,0.293883
5506,0.293878
5507,0.293939
5508,0.293971
5509,0.293954
5510,0.293945
5511,0.293961
5512,0.293977
5513,0.294002
5514,0.294011
5515,0.29401
5516,0.294013
5517,0.294018
5518,0.29405
5519,0.294063
5520,0.294063
5521,0.294057
5522,0.294056
5523,0.294091
5524,0.294109
5525,0.294107
5526,0.294092
5527,0.294087
5528,0.294129
5529,0.294152
5530,0.294138
5531,0.294131
5532,0.294151
5533,0.294165
5534,0.294171
5535,0.294168
5536,0.294177
5537,0.294186
5538,0.294204
5539,0.294212
5540,0.294211
5541,0.294214
5542,0.294218
5543,0.294239
5544,0.29425
5545,0.29425
5546,0.294249
5547,0.294251
5548,0.294276
5549,0.294289
5550,0.294288
5551,0.294283
5552,0.294283
5553,0.294313
5554,0.294329
5555,0.294329
5556,0.294324
5557,0.294333
5558,0.294341
5559,0.294356
5560,0.294362
5561,0.294364
5562,0.294365
5563,0.294368
5564,0.294369
5565,0.294369
5566,0.294368
5567,0.294367
5568,0.294367
5569,0.294368
5570,0.294368
5571,0.29437
5572,0.294371
5573,0.294373
5574,0.294374
5575,0.294374
5576,0.294375
5577,0.294377
5578,0.294379
5579,0.294379
5580,0.294379
5581,0.294379
5582,0.294382
5583,0.294383
5584,0.294382
5585,0.294382
5586,0.294382
5587,0.294385
5588,0.294387
5589,0.294386
5590,0.294385
5591,0.294387
5592,0.294388
5593,0.294388
5594,0.294388
5595,0.294388
5596,0.294389
5597,0.294389
5598,0.294389
5599,0.294389
5600,0.29439
5601,0.29439
5602,0.29439
5603,0.29439
5604,0.29439
5605,0.29439
5606,0.29439
5607,0.29439
5608,0.294389
5609,0.294389
5610,0.294389
5611,0.294389
5612,0.294388
5613,0.294388
5614,0.294388
5615,0.294386
5616,0.294387
5617,0.294386
5618,0.294386
5619,0.294386
5620,0.294385
5621,0.294384
5622,0.294384
5623,0.294384
5624,0.294383
5625,0.294382
5626,0.294381
5627,0.29438
5628,0.29438
5629,0.294379
5630,0.294378
5631,0.294377
5632,0.294376
5633,0.294376
5634,0.294375
5635,0.294373
5636,0.294372
5637,0.294371
5638,0.294371
5639,0.29437
5640,0.294367
5641,0.294366
5642,0.294365
5643,0.294365
5644,0.294364
5645,0.29436
5646,0.294358
5647,0.294358
5648,0.294358
5649,0.294357
5650,0.294353
5651,0.29435
5652,0.29435
5653,0.29435
5654,0.294346
5655,0.294344
5656,0.294342
5657,0.294342
5658,0.294339
5659,0.294336
5660,0.294334
5661,0.294328
5662,0.294325
5663,0.294321
5664,0.294314
5665,0.29431
5666,0.294303
5667,0.294299
5668,0.29429
5669,0.294285
5670,0.294276
5671,0.294272
5672,0.294262
5673,0.294252
5674,0.294247
5675,0.294242
5676,0.294236
5677,0.294225
5678,0.294218
5679,0.294201
5680,0.294192
5681,0.294175
5682,0.294166
5683,0.294148
5684,0.29413
5685,0.294121
5686,0.294112
5687,0.294093
5688,0.294074
5689,0.294064
5690,0.294044
5691,0.294024
5692,0.294003
5693,0.293993
5694,0.293981
5695,0.293961
5696,0.293951
5697,0.293941
5698,0.293921
5699,0.29391
5700,0.293889
5701,0.293878
5702,0.293867
5703,0.293859
5704,0.293851
5705,0.293834
5706,0.293828
5707,0.293815
5708,0.293809
5709,0.293802
5710,0.293795
5711,0.293788
5712,0.293775
5713,0.293768
5714,0.293761
5715,0.293754
5716,0.29374
5717,0.293722
5718,0.293712
5719,0.293694
5720,0.293685
5721,0.293676
5722,0.293663
5723,0.293634
5724,0.293623
5725,0.29361
5726,0.293596
5727,0.293568
5728,0.293554
5729,0.29354
5730,0.293512
5731,0.293497
5732,0.293467
5733,0.293461
5734,0.293482
5735,0.293519
5736,0.293539
5737,0.293554
5738,0.293566
5739,0.293583
5740,0.293584
5741,0.293586
5742,0.293593
5743,0.293606
5744,0.293616
5745,0.293629
5746,0.293637
5747,0.29364
5748,0.293647
5749,0.293652
5750,0.293654
5751,0.293653
5752,0.293652
5753,0.293652
5754,0.293651
5755,0.293651
5756,0.29365
5757,0.293648
5758,0.293647
5759,0.293649
5760,0.293645
5761,0.293646
5762,0.293649
5763,0.293656
5764,0.29366
5765,0.293661
5766,0.293658
5767,0.29365
5768,0.29363
5769,0.293573
5770,0.293534
5771,0.293461
5772,0.293426
5773,0.293401
5774,0.293385
5775,0.293373
5776,0.293349
5777,0.293337
5778,0.293298
5779,0.293274
5780,0.293216
5781,0.293185
5782,0.293126
5783,0.293097
5784,0.293073
5785,0.293032
5786,0.293013
5787,0.292972
5788,0.292952
5789,0.292915
5790,0.292898
5791,0.292883
5792,0.292818
5793,0.292773
5794,0.292666
5795,0.292605
5796,0.292545
5797,0.292472
5798,0.292267
5799,0.288967
5800,0.285871
5801,0.284001
5802,0.264551
5803,0.239467
5804,0.235646
5805,0.233277
5806,0.229236
5807,0.220296
5808,0.215577
5809,0.211571
5810,0.208601
5811,0.2029
5812,0.198484
5813,0.196683
5814,0.19492
5815,0.19033
5816,0.185326
5817,0.183175
5818,0.179399
5819,0.175318
5820,0.170824
5821,0.168432
5822,0.164052
5823,0.160995
5824,0.157288
5825,0.155239
5826,0.153295
5827,0.152634
5828,0.152391
5829,0.152456
5830,0.151938
5831,0.151094
5832,0.150526
5833,0.15088
5834,0.151153
5835,0.150566
5836,0.150099
5837,0.150163
5838,0.150148
5839,0.149487
5840,0.148585
5841,0.14819
5842,0.147827
5843,0.156035
5844,0.160066
5845,0.156106
5846,0.1525
5847,0.154825
5848,0.177459
5849,0.184739
5850,0.182081
5851,0.159941
5852,0.16343
5853,0.174879
5854,0.22884
5855,0.246169
5856,0.22794
5857,0.132645
5858,0.126119
5859,0.136529
5860,0.281249
5861,0.29245
5862,0.291793
5863,0.160346
5864,0.112113
5865,0.16404
5866,0.245632
5867,0.291338
5868,0.292276
5869,0.161977
5870,0.116524
5871,0.206946
5872,0.28008
5873,0.291713
5874,0.24361
5875,0.147494
5876,0.187232
5877,0.247519
5878,0.27515
5879,0.262918
5880,0.22997
5881,0.174298
5882,0.167817
5883,0.269941
5884,0.280773
5885,0.274042
5886,0.154718
5887,0.135991
5888,0.243697
5889,0.283137
5890,0.244357
5891,0.174459
5892,0.175825
5893,0.192549
5894,0.211859
5895,0.216658
5896,0.183365
5897,0.170056
5898,0.161262
5899,0.15969
5900,0.163725
5901,0.158177
5902,0.14776
5903,0.142574
5904,0.139421
5905,0.133484
5906,0.117513
5907,0.108984
5908,0.106237
5909,0.110289
5910,0.115298
5911,0.115313
5912,0.105681
5913,0.071084
5914,0.0529006
5915,0.0558827
5916,0.0830287
5917,0.117501
5918,0.121108
5919,0.103659
5920,0.0551194
5921,0.0324049
5922,0.0262535
5923,0.0119002
5924,-0.00959969
5925,-0.0205289
5926,-0.000173748
5927,0.028047
5928,0.0525393
5929,0.0587946
5930,0.0597984
5931,0.0529255
5932,0.0513567
5933,0.0510073
5934,0.0434203
5935,0.0361878
5936,0.0469931
5937,0.0592565
5938,0.0673111
5939,0.0618945
5940,0.0583875
5941,0.0697486
5942,0.0797034
5943,0.0848354
5944,0.0809215
5945,0.0773749
5946,0.0810236
5947,0.0850608
5948,0.0873486
5949,0.0828766
5950,0.0811495
5951,0.0800125
5952,0.082611
5953,0.0845123
5954,0.0828727
5955,0.0823478
5956,0.0787705
5957,0.0768948
5958,0.0764511
5959,0.0786505
5960,0.0818175
5961,0.0800308
5962,0.0780757
5963,0.0726092
5964,0.0695945
5965,0.068873
5966,0.0722412
5967,0.0734509
5968,0.0719457
5969,0.0617286
5970,0.0556104
5971,0.0529659
5972,0.0534077
5973,0.0552926
5974,0.0485701
5975,0.043664
5976,0.0377576
5977,0.035268
5978,0.0499876
5979,0.0453753
5980,0.0367014
5981,-0.00982833
5982,-0.00530693
5983,0.0157927
5984,0.0276236
5985,0.0204177
5986,0.0111213
5987,-0.0210795
5988,0.0236228
5989,0.0535046
5990,0.00790018
5991,0.0112721
5992,-0.0218955
5993,-0.0464377
5994,-0.0505055
5995,-0.105081
5996,-0.12058
5997,-0.0912077
5998,-0.147351
5999,-0.0653857
6000,-0.0138201
6001,-0.0242447
6002,-0.0737599
6003,-0.0794773
6004,-0.0469397
6005,-0.0945547
6006,-0.0994103
6007,-0.0789691
6008,-0.068646
6009,-0.0485511
6010,-0.124453
6011,-0.0834367
6012,-0.075581
6013,-0.0625733
6014,-0.0545308
6015,0.0427327
6016,-0.0572839
6017,-0.097836
6018,-0.0814404
6019,-0.0589642
6020,-0.0553368
6021,-0.018452
6022,-0.0366369
6023,-0.0523425
6024,-0.0874904
6025,-0.0818668
6026,-0.0357229
6027,-0.035835
6028,0.0524452
6029,0.0919312
6030,-0.0170581
6031,-0.0673939
6032,-0.0795889
6033,-0.0698633
6034,-0.0278978
6035,-0.0165091
6036,-0.0101115
6037,-0.112935
6038,-0.203601
6039,-0.0457937
6040,0.0868848
6041,0.0927724
6042,0.0529492
6043,-0.0307273
6044,-0.0199508
6045,-0.0354777
6046,-0.0623769
6047,-0.0383847
6048,0.10453
6049,0.0785456
6050,0.1251
6051,-0.125388
6052,-0.262432
6053,0.111341
6054,0.0958407
6055,0.0257398
6056,-0.135039
6057,-0.0177386
6058,0.163364
6059,0.115897
6060,-0.121002
6061,-0.037354
6062,0.0313155
6063,0.154445
6064,-0.0273692
6065,-0.110641
6066,-0.0200046
6067,0.0816866
6068,0.134007
6069,-0.0813625
6070,-0.207558
6071,0.0409428
6072,0.110819
6073,-0.0116948
6074,-0.159872
6075,0.0198533
6076,0.100956
6077,0.11752
6078,-0.12949
6079,-0.249478
6080,0.166855
6081,0.151008
6082,0.149956
6083,-0.130307
6084,-0.222753
6085,0.103584
6086,0.140755
6087,0.129225
6088,-0.108527
6089,-0.106109
6090,0.00972962
6091,0.159485
6092,0.0220878
6093,-0.0326378
6094,-0.00475919
6095,-0.02246
6096,-0.0105196
6097,0.134848
6098,0.151236
6099,-0.0322666
6100,-0.0958817
6101,-0.0971442
6102,-0.044741
6103,-0.00790843
6104,0.13356
6105,0.0137101
6106,-0.0674178
6107,-0.1266
6108,-0.118356
6109,-0.0104706
6110,0.104425
6111,0.186225
6112,0.0747438
6113,-0.00399154
6114,-0.100543
6115,-0.12454
6116,0.0111658
6117,0.212006
6118,0.240898
6119,0.18301
6120,0.0504487
6121,-0.0587852
6122,-0.103283
6123,-0.110006
6124,-0.0570048
6125,0.00901845
6126,0.159137
6127,0.00383568
6128,-0.091697
6129,-0.135121
6130,-0.128579
6131,-0.0337203
6132,0.194312
6133,0.239147
6134,0.17991
6135,0.071372
6136,-0.112732
6137,-0.210049
6138,-0.127028
6139,0.00568676
6140,0.234375
6141,0.259255
6142,0.218744
6143,0.128887
6144,-0.0212719
6145,-0.11284
6146,-0.120751
6147,0.0369746
6148,0.176272
6149,0.210338
6150,0.136458
6151,0.090215
6152,-0.126924
6153,-0.226802
6154,-0.1098
6155,0.144261
6156,0.215633
6157,0.24102
6158,0.188664
6159,0.115139
6160,0.030771
6161,-0.0872671
6162,-0.102867
6163,-0.0117237
6164,0.164677
6165,0.194316
6166,0.180894
6167,0.132033
6168,-0.0832746
6169,-0.101142
6170,-0.0647381
6171,-0.0591752
6172,0.199893
6173,0.23971
6174,0.198354
6175,0.139312
6176,0.0115852
6177,-0.088355
6178,-0.0714569
6179,0.0364631
6180,0.185354
6181,0.200759
6182,0.182174
6183,-0.0328432
6184,-0.0662473
6185,-0.0223566
6186,0.0344932
6187,0.198171
6188,0.201212
6189,0.193969
6190,0.0921953
6191,-0.0292686
6192,-0.0359261
6193,0.0162891
6194,0.150709
6195,0.200174
6196,0.202182
6197,0.0437202
6198,-0.0255356
6199,0.0298307
6200,-0.0202331
6201,-0.0117872
6202,0.0731874
6203,0.210368
6204,0.206024
6205,0.205885
6206,0.0298362
6207,-0.0299363
6208,0.0113123
6209,0.0123549
6210,0.0430419
6211,0.187507
6212,0.208306
6213,0.194279
6214,0.0778678
6215,-0.0039725
6216,-0.064499
6217,0.0968286
6218,0.195292
6219,0.209464
6220,0.193939
6221,0.0868806
6222,0.0335477
6223,0.00208125
6224,0.0830669
6225,0.203088
6226,0.216561
6227,0.202605
6228,0.216703
6229,0.0284818
6230,-0.00763032
6231,0.200554
6232,0.208664
6233,0.204942
6234,0.209332
6235,0.107459
6236,0.0781238
6237,0.0949489
6238,0.194443
6239,0.22385
6240,0.205645
6241,0.223328
6242,0.102042
6243,0.139312
6244,0.0760528
6245,0.0867652
6246,0.235952
6247,0.222878
6248,0.230413
6249,0.0710403
6250,0.0748748
6251,0.0511551
6252,0.186223
6253,0.239846
6254,0.243662
6255,0.237958
6256,0.219271
6257,0.0860296
6258,0.150806
6259,0.108823
6260,0.228021
6261,0.244595
6262,0.208352
6263,0.223912
6264,0.131233
6265,0.116502
6266,0.103394
6267,0.21506
6268,0.25711
6269,0.245511
6270,0.245216
6271,0.190047
6272,0.136878
6273,0.202001
6274,0.227525
6275,0.19739
6276,0.204644
6277,0.175486
6278,0.189239
6279,0.164051
6280,0.217916
6281,0.230137
6282,0.149491
6283,0.183245
6284,0.164868
6285,0.209369
6286,0.179957
6287,0.221935
6288,0.185756
6289,0.259256
6290,0.225679
6291,0.161718
6292,0.209786
6293,0.200666
6294,0.231168
6295,0.210851
6296,0.260859
6297,0.209646
6298,0.215398
6299,0.188457
6300,0.184537
6301,0.171253
6302,0.166028
6303,0.263407
6304,0.265668
6305,0.236489
6306,0.161213
6307,0.233125
6308,0.223398
6309,0.221967
6310,0.257535
6311,0.197713
6312,0.229217
6313,0.197682
6314,0.194214
6315,0.182605
6316,0.207932
6317,0.185604
6318,0.19835
6319,0.231716
6320,0.187313
6321,0.204205
6322,0.166557
6323,0.197132
6324,0.210652
6325,0.256921
6326,0.232388
6327,0.17278
6328,0.193427
6329,0.135783
6330,0.173569
6331,0.231294
6332,0.241246
6333,0.157542
6334,0.179645
6335,0.1813
6336,0.123319
6337,0.252437
6338,0.258511
6339,0.264009
6340,0.215185
6341,0.225714
6342,0.256886
6343,0.233356
6344,0.151679
6345,0.265361
6346,0.262622
6347,0.259919
6348,0.263268
6349,0.106991
6350,0.195456
6351,0.222343
6352,0.0817834
6353,0.263578
6354,0.279874
6355,0.262663
6356,0.255212
6357,0.127867
6358,0.215585
6359,0.237
6360,0.111178
6361,0.25935
6362,0.267799
6363,0.254854
6364,0.105685
6365,0.154515
6366,0.144594
6367,0.106051
6368,0.203189
6369,0.267473
6370,0.229535
6371,0.0995401
6372,0.17162
6373,0.135735
6374,0.103099
6375,0.267439
6376,0.27402
6377,0.187929
6378,0.0844951
6379,0.168951
6380,0.174469
6381,0.087328
6382,0.218583
6383,0.210571
6384,0.0700453
6385,0.128976
6386,0.12107
6387,0.0621651
6388,0.160818
6389,0.278549
6390,0.278077
6391,0.0801383
6392,0.15164
6393,0.136186
6394,0.0763158
6395,0.276724
6396,0.285289
6397,0.267806
6398,0.121194
6399,0.152966
6400,0.167669
6401,0.118286
6402,0.274861
6403,0.287266
6404,0.251616
6405,0.0955508
6406,0.143144
6407,0.167124
6408,0.12588
6409,0.258428
6410,0.278769
6411,0.268596
6412,0.163272
6413,0.179435
6414,0.191853
6415,0.252008
6416,0.276724
6417,0.275898
6418,0.201366
6419,0.191725
6420,0.215429
6421,0.210363
6422,0.145693
6423,0.282734
6424,0.288239
6425,0.280117
6426,0.104789
6427,0.192466
6428,0.176996
6429,0.128061
6430,0.120419
6431,0.274953
6432,0.274547
6433,0.0901015
6434,0.143597
6435,0.138124
6436,0.0845921
6437,0.2801
6438,0.290413
6439,0.161747
6440,0.0829161
6441,0.12017
6442,0.111227
6443,0.096773
6444,0.285443
6445,0.290224
6446,0.288023
6447,0.0524164
6448,0.11665
6449,0.1461
6450,0.10385
6451,0.269029
6452,0.28587
6453,0.0748637
6454,0.15093
6455,0.199584
6456,0.110501
6457,0.0563235
6458,0.200079
6459,0.271617
6460,0.20991
6461,0.0792529
6462,0.0813563
6463,0.158203
6464,0.15591
6465,0.290099
6466,0.221563
6467,0.0698267
6468,0.117121
6469,0.180148
6470,0.094574
6471,0.0973899
6472,0.278183
6473,0.28329
6474,0.110897
6475,0.13342
6476,0.155097
6477,0.170763
6478,0.171214
6479,0.289027
6480,0.290479
6481,0.0959126
6482,0.0889879
6483,0.139591
6484,0.162537
6485,0.276006
6486,0.204197
6487,0.14689
6488,0.149165
6489,0.165973
6490,0.164748
6491,0.285631
6492,0.290588
6493,0.177213
6494,0.0946467
6495,0.160578
6496,0.170629
6497,0.14985
6498,0.236922
6499,0.24068
6500,0.143153
6501,0.183893
6502,0.15071
6503,0.117972
6504,0.250222
6505,0.290665
6506,0.122533
6507,0.127082
6508,0.183278
6509,0.159033
6510,0.137192
6511,0.219304
6512,0.171732
6513,0.134548
6514,0.126045
6515,0.129236
6516,0.163087
6517,0.289194
6518,0.170419
6519,0.100973
6520,0.162051
6521,0.142536
6522,0.129741
6523,0.213291
6524,0.247416
6525,0.174496
6526,0.212325
6527,0.164249
6528,0.0987767
6529,0.133954
6530,0.213677
6531,0.217497
6532,0.176153
6533,0.199976
6534,0.168378
6535,0.146568
6536,0.241705
6537,0.287851
6538,0.150907
6539,0.213205
6540,0.208948
6541,0.186276
6542,0.221999
6543,0.203499
6544,0.239027
6545,0.272923
6546,0.209512
6547,0.138587
6548,0.221051
6549,0.27052
6550,0.229175
6551,0.259074
6552,0.276797
6553,0.227981
6554,0.210537
6555,0.272386
6556,0.22177
6557,0.195319
6558,0.281352
6559,0.292775
6560,0.231217
6561,0.216028
6562,0.210967
6563,0.203497
6564,0.268946
6565,0.284607
6566,0.205435
6567,0.167095
6568,0.214232
6569,0.254229
6570,0.283124
6571,0.259736
6572,0.200166
6573,0.244184
6574,0.288817
6575,0.263325
6576,0.284656
6577,0.281966
6578,0.264898
6579,0.239899
6580,0.197712
6581,0.25188
6582,0.293056
6583,0.293056
6584,0.283899
6585,0.232752
6586,0.22561
6587,0.25243
6588,0.28474
6589,0.286903
6590,0.277301
6591,0.264499
6592,0.275906
6593,0.284665
6594,0.294287
6595,0.29266
6596,0.291251
6597,0.263086
6598,0.275092
6599,0.29497
6600,0.29197
6601,0.284182
6602,0.29249
6603,0.294653
6604,0.295273
6605,0.291703
6606,0.169589
6607,0.292452
6608,0.294113
6609,0.293334
6610,0.292056
6611,0.183008
6612,0.293486
6613,0.294721
6614,0.292876
6615,0.291536
6616,0.29289
6617,0.294209
6618,0.294709
6619,0.292033
6620,0.115944
6621,0.293214
6622,0.294739
6623,0.294906
6624,0.292047
6625,0.0732094
6626,0.293406
6627,0.294695
6628,0.293687
6629,0.29225
6630,0.292777
6631,0.294439
6632,0.295018
6633,0.292568
6634,0.289016
6635,0.293468
6636,0.294662
6637,0.2936
6638,0.292237
6639,0.292329
6640,0.293901
6641,0.294001
6642,0.292279
6643,0.292584
6644,0.293056
6645,0.294199
6646,0.292573
6647,0.292636
6648,0.292603
6649,0.293814
6650,0.294829
6651,0.292553
6652,0.29258
6653,0.292391
6654,0.293637
6655,0.294178
6656,0.29349
6657,0.270648
6658,0.237328
6659,0.292733
6660,0.29417
6661,0.292696
6662,0.292595
6663,0.292383
6664,0.293231
6665,0.294447
6666,0.29238
6667,0.292309
6668,0.292189
6669,0.293624
6670,0.294021
6671,0.29325
6672,0.29009
6673,0.290606
6674,0.292622
6675,0.293954
6676,0.293893
6677,0.292488
6678,0.292482
6679,0.292226
6680,0.293777
6681,0.293686
6682,0.291794
6683,0.292267
6684,0.291871
6685,0.292679
6686,0.293056
6687,0.291986
6688,0.292458
6689,0.292513
6690,0.292385
6691,0.292306
6692,0.292485
6693,0.292382
6694,0.291465
6695,0.292375
6696,0.292727
6697,0.29212
6698,0.29205
6699,0.293306
6700,0.294089
6701,0.292679
6702,0.291658
6703,0.291701
6704,0.291556
6705,0.29157
6706,0.292174
6707,0.292399
6708,0.292453
6709,0.292476
6710,0.292474
6711,0.292381
6712,0.2919
6713,0.29209
6714,0.292164
6715,0.292237
6716,0.292502
6717,0.292537
6718,0.292632
6719,0.292665
6720,0.292667
6721,0.292653
6722,0.292665
6723,0.292763
6724,0.292786
6725,0.292791
6726,0.292707
6727,0.292661
6728,0.292776
6729,0.29278
6730,0.292702
6731,0.292432
6732,0.292695
6733,0.292614
6734,0.292676
6735,0.292706
6736,0.292418
6737,0.292214
6738,0.29194
6739,0.291751
6740,0.292
6741,0.292226
6742,0.292648
6743,0.292768
6744,0.292955
6745,0.292822
6746,0.29269
6747,0.29286
6748,0.292743
6749,0.292685
6750,0.292668
6751,0.292425
6752,0.292506
6753,0.292675
6754,0.292646
6755,0.292567
6756,0.292376
6757,0.292472
6758,0.292499
6759,0.292381
6760,0.292216
6761,0.292287
6762,0.292347
6763,0.29234
6764,0.292239
6765,0.292184
6766,0.292189
6767,0.292033
6768,0.292191
6769,0.29173
6770,0.291517
6771,0.291652
6772,0.291751
6773,0.291668
6774,0.291423
6775,0.291344
6776,0.291671
6777,0.291844
6778,0.291685
6779,0.29159
6780,0.291905
6781,0.292388
6782,0.292433
6783,0.292445
6784,0.292374
6785,0.292059
6786,0.29175
6787,0.291845
6788,0.292056
6789,0.292048
6790,0.291923
6791,0.291688
6792,0.291757
6793,0.291937
6794,0.292168
6795,0.292294
6796,0.291962
6797,0.291717
6798,0.292099
6799,0.292334
6800,0.292524
6801,0.292587
6802,0.292374
6803,0.292053
6804,0.292437
6805,0.292625
6806,0.292799
6807,0.292763
6808,0.292282
6809,0.292024
6810,0.292698
6811,0.292942
6812,0.292961
6813,0.292922
6814,0.292457
6815,0.292278
6816,0.292584
6817,0.2926
6818,0.292912
6819,0.292814
6820,0.292836
6821,0.292866
6822,0.292915
6823,0.292872
6824,0.29284
6825,0.292461
6826,0.292254
6827,0.292417
6828,0.292505
6829,0.292603
6830,0.292679
6831,0.292527
6832,0.292422
6833,0.292373
6834,0.292333
6835,0.292564
6836,0.292742
6837,0.292496
6838,0.292292
6839,0.292212
6840,0.292375
6841,0.292492
6842,0.292211
6843,0.29225
6844,0.292421
6845,0.292481
6846,0.292555
6847,0.292322
6848,0.292205
6849,0.292198
6850,0.29263
6851,0.292681
6852,0.292697
6853,0.292252
6854,0.292231
6855,0.292765
6856,0.293298
6857,0.292747
6858,0.292368
6859,0.292723
6860,0.292971
6861,0.293002
6862,0.292993
6863,0.2931
6864,0.293013
6865,0.292723
6866,0.292557
6867,0.292753
6868,0.294171
6869,0.294545
6870,0.294545
6871,0.294492
6872,0.294549
6873,0.294466
6874,0.294376
6875,0.294253
6876,0.294415
6877,0.294677
6878,0.294685
6879,0.294214
6880,0.29351
6881,0.29376
6882,0.294091
6883,0.29354
6884,0.293213
6885,0.292606
6886,0.292352
6887,0.293226
6888,0.293543
6889,0.293591
6890,0.29392
6891,0.294662
6892,0.294649
6893,0.294648
6894,0.294677
6895,0.294634
6896,0.294593
6897,0.294696
6898,0.29469
6899,0.294381
6900,0.294208
6901,0.294423
6902,0.294677
6903,0.294477
6904,0.294164
6905,0.293642
6906,0.293513
6907,0.293353
6908,0.293169
6909,0.293142
6910,0.293211
6911,0.293945
6912,0.294273
6913,0.294141
6914,0.294106
6915,0.294453
6916,0.294672
6917,0.29468
6918,0.294242
6919,0.293909
6920,0.294379
6921,0.294315
6922,0.294089
6923,0.294001
6924,0.293997
6925,0.293795
6926,0.29365
6927,0.293557
6928,0.292964
6929,0.292632
6930,0.293916
6931,0.294095
6932,0.294061
6933,0.293945
6934,0.294113
6935,0.29428
6936,0.294316
6937,0.293765
6938,0.293507
6939,0.29353
6940,0.293576
6941,0.29347
6942,0.293483
6943,0.294109
6944,0.294357
6945,0.294384
6946,0.294581
6947,0.294728
6948,0.294763
6949,0.294662
6950,0.294351
6951,0.294247
6952,0.29429
6953,0.294265
6954,0.294116
6955,0.294151
6956,0.29428
6957,0.294307
6958,0.294244
6959,0.294218
6960,0.294343
6961,0.294616
6962,0.29472
6963,0.294518
6964,0.294382
6965,0.294223
6966,0.294053
6967,0.29403
6968,0.294131
6969,0.29417
6970,0.293991
6971,0.293888
6972,0.293933
6973,0.2942
6974,0.294231
6975,0.294166
6976,0.294099
6977,0.294126
6978,0.294345
6979,0.294442
6980,0.294378
6981,0.294368
6982,0.294398
6983,0.294644
6984,0.294684
6985,0.294628
6986,0.294484
6987,0.294539
6988,0.29462
6989,0.294703
6990,0.29469
6991,0.294656
6992,0.294649
6993,0.294684
6994,0.294789
6995,0.294931
6996,0.294997
6997,0.294695
6998,0.294891
6999,0.295127
7000,0.295148
7001,0.294968
7002,0.294828
7003,0.2949
7004,0.294967
7005,0.294668
7006,0.294482
7007,0.294565
7008,0.294946
7009,0.295012
7010,0.294995
7011,0.29504
7012,0.295082
7013,0.295149
7014,0.295169
7015,0.295124
7016,0.295106
7017,0.295184
7018,0.295206
7019,0.295204
7020,0.295183
7021,0.295172
7022,0.295216
7023,0.295237
7024,0.295243
7025,0.295242
7026,0.295243
7027,0.295257
7028,0.295297
7029,0.295311
7030,0.295296
7031,0.295289
7032,0.295326
7033,0.295349
7034,0.295356
7035,0.295357
7036,0.295367
7037,0.295412
7038,0.295426
7039,0.295394
7040,0.295377
7041,0.295417
7042,0.295443
7043,0.29542
7044,0.295403
7045,0.295437
7046,0.295461
7047,0.295451
7048,0.295442
7049,0.295443
7050,0.295482
7051,0.295498
7052,0.295477
7053,0.295464
7054,0.295501
7055,0.295525
7056,0.295518
7057,0.295494
7058,0.295509
7059,0.295529
7060,0.295544
7061,0.295544
7062,0.295536
7063,0.295543
7064,0.295542
7065,0.295563
7066,0.295568
7067,0.295573
7068,0.295567
7069,0.295577
7070,0.295582
7071,0.295584
7072,0.295582
7073,0.295587
7074,0.295589
7075,0.295589
7076,0.29559
7077,0.295591
7078,0.295591
7079,0.295593
7080,0.295596
7081,0.295598
7082,0.295599
7083,0.295599
7084,0.2956
7085,0.295601
7086,0.295596
7087,0.295602
7088,0.295603
7089,0.295605
7090,0.295605
7091,0.295607
7092,0.295608
7093,0.295603
7094,0.295609
7095,0.29561
7096,0.295611
7097,0.295611
7098,0.295612
7099,0.295611
7100,0.295612
7101,0.295612
7102,0.295612
7103,0.295612
7104,0.295613
7105,0.295613
7106,0.295613
7107,0.295614
7108,0.295608
7109,0.295614
7110,0.295614
7111,0.295615
7112,0.295615
7113,0.295615
7114,0.295616
7115,0.295617
7116,0.295617
7117,0.295617
7118,0.295618
7119,0.295618
7120,0.295619
7121,0.29562
7122,0.295621
7123,0.295622
7124,0.295617
7125,0.295622
7126,0.295622
7127,0.295625
7128,0.295626
7129,0.295626
7130,0.295626
7131,0.295626
7132,0.295627
7133,0.295627
7134,0.295627
7135,0.295627
7136,0.295627
7137,0.295628
7138,0.295631
7139,0.295628
7140,0.295637
7141,0.295634
7142,0.295644
7143,0.295649
7144,0.295653
7145,0.295657
7146,0.295661
7147,0.295662
7148,0.295667
7149,0.29567
7150,0.295683
7151,0.295697
7152,0.295706
7153,0.295711
7154,0.295721
7155,0.295726
7156,0.295731
7157,0.29574
7158,0.295744
7159,0.29575
7160,0.295755
7161,0.29576
7162,0.295763
7163,0.295768
7164,0.29577
7165,0.295776
7166,0.295778
7167,0.295784
7168,0.295786
7169,0.295789
7170,0.295791
7171,0.295796
7172,0.295799
7173,0.295803
7174,0.295806
7175,0.295807
7176,0.295772
7177,0.29572
7178,0.295715
7179,0.295731
7180,0.295751
7181,0.2958
7182,0.295828
7183,0.295835
7184,0.295852
7185,0.295859
7186,0.295862
7187,0.29585
7188,0.295857
7189,0.295859
7190,0.295883
7191,0.295897
7192,0.295924
7193,0.295926
7194,0.295929
7195,0.295924
7196,0.295921
7197,0.295927
7198,0.295944
7199,0.295953
7200,0.295974
7201,0.295985
7202,0.295993
7203,0.295996
7204,0.295996
7205,0.295995
7206,0.295995
7207,0.296002
7208,0.296006
7209,0.296015
7210,0.29602
7211,0.296026
7212,0.296042
7213,0.296049
7214,0.296055
7215,0.296058
7216,0.296071
7217,0.296078
7218,0.296084
7219,0.296086
7220,0.296094
7221,0.296111
7222,0.296117
7223,0.296116
7224,0.296126
7225,0.29614
7226,0.296145
7227,0.296157
7228,0.296161
7229,0.296173
7230,0.296179
7231,0.296186
7232,0.296189
7233,0.296193
7234,0.296199
7235,0.296213
7236,0.296219
7237,0.29622
7238,0.296228
7239,0.296241
7240,0.296247
7241,0.296261
7242,0.296272
7243,0.296277
7244,0.296284
7245,0.296289
7246,0.296309
7247,0.296317
7248,0.296329
7249,0.296334
7250,0.296338
7251,0.296366
7252,0.296381
7253,0.296386
7254,0.296385
7255,0.296305
7256,0.296257
7257,0.296345
7258,0.296351
7259,0.296323
7260,0.296476
7261,0.296406
7262,0.296332
7263,0.296328
7264,0.296286
7265,0.296228
7266,0.296364
7267,0.296505
7268,0.296583
7269,0.296543
7270,0.296516
7271,0.296578
7272,0.296658
7273,0.296665
7274,0.296649
7275,0.296673
7276,0.296714
7277,0.29673
7278,0.296725
7279,0.296721
7280,0.296754
7281,0.296773
7282,0.296761
7283,0.296761
7284,0.296772
7285,0.296803
7286,0.296815
7287,0.296813
7288,0.296813
7289,0.296852
7290,0.296874
7291,0.296875
7292,0.296873
7293,0.2969
7294,0.296915
7295,0.296921
7296,0.296922
7297,0.296937
7298,0.296948
7299,0.296972
7300,0.296987
7301,0.297001
7302,0.29701
7303,0.296972
7304,0.296959
7305,0.297013
7306,0.29709
7307,0.297102
7308,0.297107
7309,0.297099
7310,0.297029
7311,0.297007
7312,0.297099
7313,0.297136
7314,0.297096
7315,0.297061
7316,0.297103
7317,0.297134
7318,0.297123
7319,0.29711
7320,0.29711
7321,0.297143
7322,0.297158
7323,0.297153
7324,0.29715
7325,0.297186
7326,0.297208
7327,0.297261
7328,0.297286
7329,0.297283
7330,0.297264
7331,0.297252
7332,0.297254
7333,0.297266
7334,0.297292
7335,0.297308
7336,0.29733
7337,0.29735
7338,0.297363
7339,0.297386
7340,0.297378
7341,0.297375
7342,0.297383
7343,0.297388
7344,0.297391
7345,0.297411
7346,0.297378
7347,0.297377
7348,0.297422
7349,0.297406
7350,0.297432
7351,0.297426
7352,0.297369
7353,0.297319
7354,0.297241
7355,0.297171
7356,0.297078
7357,0.297
7358,0.296891
7359,0.296825
7360,0.296802
7361,0.296766
7362,0.296749
7363,0.29671
7364,0.296702
7365,0.296764
7366,0.296845
7367,0.296878
7368,0.29695
7369,0.296985
7370,0.296985
7371,0.296995
7372,0.297006
7373,0.297019
7374,0.297063
7375,0.297068
7376,0.297058
7377,0.297055
7378,0.29705
7379,0.297044
7380,0.297023
7381,0.296994
7382,0.29698
7383,0.296967
7384,0.296953
7385,0.296952
7386,0.296995
7387,0.297019
7388,0.297062
7389,0.297109
7390,0.297133
7391,0.297158
7392,0.29719
7393,0.297113
7394,0.29703
7395,0.297287
7396,0.2974
7397,0.297287
7398,0.297201
7399,0.297286
7400,0.297402
7401,0.297439
7402,0.29741
7403,0.297397
7404,0.297458
7405,0.297495
7406,0.297499
7407,0.29753
7408,0.297554
7409,0.297587
7410,0.297592
7411,0.297621
7412,0.297635
7413,0.297637
7414,0.297642
7415,0.297641
7416,0.297628
7417,0.297596
7418,0.297578
7419,0.297538
7420,0.297436
7421,0.297381
7422,0.297398
7423,0.297484
7424,0.29761
7425,0.297648
7426,0.297641
7427,0.29763
7428,0.297695
7429,0.297717
7430,0.297602
7431,0.297542
7432,0.297606
7433,0.297654
7434,0.29762
7435,0.297581
7436,0.297616
7437,0.297673
7438,0.297708
7439,0.29768
7440,0.297653
7441,0.297634
7442,0.297623
7443,0.297604
7444,0.297535
7445,0.2975
7446,0.297447
7447,0.297418
7448,0.297336
7449,0.297287
7450,0.297246
7451,0.297192
7452,0.297179
7453,0.297207
7454,0.29726
7455,0.297382
7456,0.297436
7457,0.297404
7458,0.297278
7459,0.297229
7460,0.297207
7461,0.29726
7462,0.297344
7463,0.297414
7464,0.297308
7465,0.297276
7466,0.297282
7467,0.29727
7468,0.297251
7469,0.297094
7470,0.296757
7471,0.296623
7472,0.292016
7473,0.297189
7474,0.297261
7475,0.297293
7476,0.297515
7477,0.297625
7478,0.297465
7479,0.297308
7480,0.29716
7481,0.296968
7482,0.296808
7483,0.296824
7484,0.297138
7485,0.297228
7486,0.297202
7487,0.297059
7488,0.296982
7489,0.296957
7490,0.296962
7491,0.296813
7492,0.296763
7493,0.296984
7494,0.297011
7495,0.296953
7496,0.296867
7497,0.296824
7498,0.296835
7499,0.296823
7500,0.296729
7501,0.296663
7502,0.296756
7503,0.296673
7504,0.296554
7505,0.296458
7506,0.296456
7507,0.296661
7508,0.296742
7509,0.296631
7510,0.296536
7511,0.296537
7512,0.296356
7513,0.296215
7514,0.296127
7515,0.296152
7516,0.296478
7517,0.296659
7518,0.296479
7519,0.296378
7520,0.296464
7521,0.296629
7522,0.29673
7523,0.29665
7524,0.296595
7525,0.296626
7526,0.296665
7527,0.296616
7528,0.296563
7529,0.296524
7530,0.296555
7531,0.296711
7532,0.296761
7533,0.296753
7534,0.296665
7535,0.296632
7536,0.296666
7537,0.296708
7538,0.296718
7539,0.296669
7540,0.296643
7541,0.296716
7542,0.296756
7543,0.296703
7544,0.296664
7545,0.296667
7546,0.296686
7547,0.296685
7548,0.29665
7549,0.296564
7550,0.296539
7551,0.296541
7552,0.296544
7553,0.296519
7554,0.296485
7555,0.296448
7556,0.296386
7557,0.296301
7558,0.296225
7559,0.296201
7560,0.296241
7561,0.296269
7562,0.296228
7563,0.296195
7564,0.29618
7565,0.296165
7566,0.296129
7567,0.296115
7568,0.296119
7569,0.296121
7570,0.29612
7571,0.296119
7572,0.296114
7573,0.296089
7574,0.296072
7575,0.296067
7576,0.296076
7577,0.296064
7578,0.296057
7579,0.296068
7580,0.296078
7581,0.2961
7582,0.295522
7583,0.295178
7584,0.295987
7585,0.295968
7586,0.295508
7587,0.295155
7588,0.295365
7589,0.295776
7590,0.295812
7591,0.295602
7592,0.295681
7593,0.295818
7594,0.296059
7595,0.296105
7596,0.295797
7597,0.295588
7598,0.295646
7599,0.295662
7600,0.295396
7601,0.295241
7602,0.295557
7603,0.295762
7604,0.295715
7605,0.295617
7606,0.29557
7607,0.295542
7608,0.295348
7609,0.295237
7610,0.295231
7611,0.295659
7612,0.295742
7613,0.295739
7614,0.295526
7615,0.295443
7616,0.295603
7617,0.295668
7618,0.295595
7619,0.295509
7620,0.295511
7621,0.295717
7622,0.295805
7623,0.295635
7624,0.295576
7625,0.295713
7626,0.295794
7627,0.295764
7628,0.295762
7629,0.29579
7630,0.295894
7631,0.295931
7632,0.29593
7633,0.295915
7634,0.295905
7635,0.295946
7636,0.295957
7637,0.295949
7638,0.295944
7639,0.295956
7640,0.295967
7641,0.295968
7642,0.295945
7643,0.295947
7644,0.295955
7645,0.295937
7646,0.295898
7647,0.29588
7648,0.295891
7649,0.295899
7650,0.295925
7651,0.295995
7652,0.296052
7653,0.296121
7654,0.296172
7655,0.296227
7656,0.296252
7657,0.296245
7658,0.296236
7659,0.296179
7660,0.2963
7661,0.296464
7662,0.296509
7663,0.296433
7664,0.296434
7665,0.296501
7666,0.296408
7667,0.296322
7668,0.29624
7669,0.296295
7670,0.296352
7671,0.29631
7672,0.296294
7673,0.296352
7674,0.29636
7675,0.296296
7676,0.296254
7677,0.296323
7678,0.296364
7679,0.296329
7680,0.296309
7681,0.296371
7682,0.296381
7683,0.296361
7684,0.29663
7685,0.2968
7686,0.296861
7687,0.296602
7688,0.296431
7689,0.29636
7690,0.296147
7691,0.296049
7692,0.296018
7693,0.29605
7694,0.296152
7695,0.296257
7696,0.296524
7697,0.296866
7698,0.296977
7699,0.297128
7700,0.297213
7701,0.297233
7702,0.297216
7703,0.297206
7704,0.297217
7705,0.297215
7706,0.297237
7707,0.297261
7708,0.297266
7709,0.297216
7710,0.297161
7711,0.297038
7712,0.296945
7713,0.296785
7714,0.296716
7715,0.296689
7716,0.296591
7717,0.296551
7718,0.296562
7719,0.29666
7720,0.296764
7721,0.296794
7722,0.296838
7723,0.296881
7724,0.296871
7725,0.296878
7726,0.296898
7727,0.296799
7728,0.296758
7729,0.296625
7730,0.296701
7731,0.296852
7732,0.296909
7733,0.296959
7734,0.297002
7735,0.297045
7736,0.297079
7737,0.297179
7738,0.297228
7739,0.297323
7740,0.297374
7741,0.297478
7742,0.297572
7743,0.297613
7744,0.297672
7745,0.297709
7746,0.297723
7747,0.297583
7748,0.297426
7749,0.297013
7750,0.296618
7751,0.296347
7752,0.296734
7753,0.296933
7754,0.296786
7755,0.296647
7756,0.296823
7757,0.296877
7758,0.296858
7759,0.296869
7760,0.296859
7761,0.296825
7762,0.296797
7763,0.296815
7764,0.29687
7765,0.296948
7766,0.296979
7767,0.296918
7768,0.296859
7769,0.296839
7770,0.296854
7771,0.296895
7772,0.296938
7773,0.296944
7774,0.296923
7775,0.296922
7776,0.296947
7777,0.296995
7778,0.296999
7779,0.296934
7780,0.296906
7781,0.297002
7782,0.297056
7783,0.297057
7784,0.297088
7785,0.297207
7786,0.297327
7787,0.297382
7788,0.297492
7789,0.297544
7790,0.297582
7791,0.297599
7792,0.297564
7793,0.297492
7794,0.29743
7795,0.297399
7796,0.297368
7797,0.297271
7798,0.29714
7799,0.297078
7800,0.296959
7801,0.296888
7802,0.296866
7803,0.296825
7804,0.296805
7805,0.296773
7806,0.296746
7807,0.296728
7808,0.29672
7809,0.296702
7810,0.296694
7811,0.296694
7812,0.296695
7813,0.296694
7814,0.296681
7815,0.296708
7816,0.296738
7817,0.296828
7818,0.296876
7819,0.296902
7820,0.296923
7821,0.296925
7822,0.296899
7823,0.296862
7824,0.296843
7825,0.296876
7826,0.296903
7827,0.296939
7828,0.296951
7829,0.296935
7830,0.296948
7831,0.296961
7832,0.296979
7833,0.296987
7834,0.296999
7835,0.297005
7836,0.297009
7837,0.297016
7838,0.297018
7839,0.297019
7840,0.297011
7841,0.297006
7842,0.297006
7843,0.297006
7844,0.297004
7845,0.296995
7846,0.29697
7847,0.296958
7848,0.29692
7849,0.296903
7850,0.296893
7851,0.296882
7852,0.296827
7853,0.296797
7854,0.296789
7855,0.296759
7856,0.296728
7857,0.296753
7858,0.296807
7859,0.296865
7860,0.297039
7861,0.29717
7862,0.297299
7863,0.297336
7864,0.297366
7865,0.297112
7866,0.29691
7867,0.296769
7868,0.296809
7869,0.297004
7870,0.297076
7871,0.29706
7872,0.297042
7873,0.297174
7874,0.297244
7875,0.297255
7876,0.297213
7877,0.297212
7878,0.297277
7879,0.297321
7880,0.297302
7881,0.297291
7882,0.29734
7883,0.29741
7884,0.297427
7885,0.297377
7886,0.297319
7887,0.297306
7888,0.297406
7889,0.297414
7890,0.29739
7891,0.297331
7892,0.297315
7893,0.297402
7894,0.297413
7895,0.297378
7896,0.297337
7897,0.297326
7898,0.297389
7899,0.297365
7900,0.297325
7901,0.297363
7902,0.297402
7903,0.297437
7904,0.297381
7905,0.297339
7906,0.297357
7907,0.297422
7908,0.297462
7909,0.297404
7910,0.297359
7911,0.297382
7912,0.297397
7913,0.297453
7914,0.297465
7915,0.29742
7916,0.297289
7917,0.297237
7918,0.297396
7919,0.297472
7920,0.297329
7921,0.297251
7922,0.297257
7923,0.297321
7924,0.297377
7925,0.297357
7926,0.297327
7927,0.297301
7928,0.297371
7929,0.297413
7930,0.297414
7931,0.297353
7932,0.297326
7933,0.297406
7934,0.297452
7935,0.297424
7936,0.297395
7937,0.297395
7938,0.297407
7939,0.297422
7940,0.297468
7941,0.297481
7942,0.297428
7943,0.297392
7944,0.297395
7945,0.297448
7946,0.297523
7947,0.297537
7948,0.297492
7949,0.297438
7950,0.29742
7951,0.297529
7952,0.297634
7953,0.297632
7954,0.297567
7955,0.297544
7956,0.297654
7957,0.297688
7958,0.297633
7959,0.29756
7960,0.297537
7961,0.29763
7962,0.297585
7963,0.297494
7964,0.297515
7965,0.29756
7966,0.29752
7967,0.297431
7968,0.297342
7969,0.297327
7970,0.297334
7971,0.29723
7972,0.297142
7973,0.297048
7974,0.296885
7975,0.297193
7976,0.297328
7977,0.297302
7978,0.297204
7979,0.297183
7980,0.297335
7981,0.297376
7982,0.297174
7983,0.297118
7984,0.297197
7985,0.297338
7986,0.297274
7987,0.297197
7988,0.297312
7989,0.297355
7990,0.297261
7991,0.297159
7992,0.297227
7993,0.297297
7994,0.297332
7995,0.297248
7996,0.297171
7997,0.297162
7998,0.297121
7999,0.297091
8000,0.297239
8001,0.297374
8002,0.297395
8003,0.297178
8004,0.297013
8005,0.297195
8006,0.297324
8007,0.297195
8008,0.296985
8009,0.296936
8010,0.297051
8011,0.297169
8012,0.297161
8013,0.29703
8014,0.296922
8015,0.296901
8016,0.296998
8017,0.297226
8018,0.297321
8019,0.297304
8020,0.297226
8021,0.297105
8022,0.297059
8023,0.297284
8024,0.297409
8025,0.297565
8026,0.297699
8027,0.297766
8028,0.297562
8029,0.297472
8030,0.297096
8031,0.296899
8032,0.297268
8033,0.297455
8034,0.297292
8035,0.297226
8036,0.297251
8037,0.297374
8038,0.29741
8039,0.297272
8040,0.297261
8041,0.297462
8042,0.297507
8043,0.297486
8044,0.297492
8045,0.297442
8046,0.297332
8047,0.297319
8048,0.297558
8049,0.297622
8050,0.297436
8051,0.297272
8052,0.297349
8053,0.297574
8054,0.297648
8055,0.297592
8056,0.29746
8057,0.297427
8058,0.297586
8059,0.297615
8060,0.29764
8061,0.297466
8062,0.297354
8063,0.29745
8064,0.297604
8065,0.297614
8066,0.297464
8067,0.297393
8068,0.297499
8069,0.297554
8070,0.297587
8071,0.297584
8072,0.297556
8073,0.297549
8074,0.297619
8075,0.297658
8076,0.297669
8077,0.297651
8078,0.297642
8079,0.297667
8080,0.297697
8081,0.297717
8082,0.297717
8083,0.297695
8084,0.297692
8085,0.297752
8086,0.297789
8087,0.297834
8088,0.297933
8089,0.29803
8090,0.298064
8091,0.297977
8092,0.297934
8093,0.298003
8094,0.29805
8095,0.298002
8096,0.297946
8097,0.297788
8098,0.297719
8099,0.297737
8100,0.297916
8101,0.297987
8102,0.297889
8103,0.297798
8104,0.297731
8105,0.297744
8106,0.297905
8107,0.297931
8108,0.297881
8109,0.297832
8110,0.297854
8111,0.297836
8112,0.297702
8113,0.297487
8114,0.297371
8115,0.297615
8116,0.297751
8117,0.297827
8118,0.297758
8119,0.297704
8120,0.297798
8121,0.297925
8122,0.297988
8123,0.297999
8124,0.297983
8125,0.29795
8126,0.297949
8127,0.297959
8128,0.297961
8129,0.297951
8130,0.297924
8131,0.297924
8132,0.297937
8133,0.29794
8134,0.297912
8135,0.297895
8136,0.297897
8137,0.297897
8138,0.297887
8139,0.29787
8140,0.297855
8141,0.297845
8142,0.297842
8143,0.297844
8144,0.297861
8145,0.297886
8146,0.297895
8147,0.297913
8148,0.297935
8149,0.297954
8150,0.29796
8151,0.297967
8152,0.297981
8153,0.297987
8154,0.297996
8155,0.298
8156,0.298005
8157,0.298009
8158,0.298013
8159,0.298015
8160,0.298019
8161,0.298021
8162,0.298023
8163,0.298023
8164,0.298023
8165,0.298022
8166,0.298021
8167,0.298022
8168,0.298022
8169,0.298023
8170,0.298023
8171,0.298023
8172,0.298022
8173,0.298022
8174,0.298021
8175,0.298019
8176,0.298018
8177,0.298018
8178,0.298018
8179,0.298018
8180,0.298017
8181,0.298015
8182,0.298013
8183,0.298012
8184,0.298007
8185,0.298004
8186,0.298002
8187,0.297996
8188,0.297994
8189,0.29799
8190,0.297988
8191,0.297984
8192,0.297982
8193,0.297978
8194,0.297976
8195,0.297966
8196,0.29796
8197,0.297941
8198,0.297898
8199,0.29787
8200,0.297779
8201,0.297719
8202,0.297746
8203,0.297783
8204,0.297848
8205,0.297871
8206,0.297878
8207,0.297909
8208,0.297924
8209,0.29794
8210,0.297944
8211,0.297937
8212,0.297935
8213,0.297937
8214,0.297937
8215,0.297932
8216,0.297929
8217,0.297925
8218,0.297923
8219,0.297921
8220,0.29792
8221,0.297919
8222,0.297919
8223,0.29792
8224,0.297922
8225,0.297924
8226,0.297926
8227,0.297927
8228,0.297929
8229,0.297932
8230,0.297933
8231,0.297935
8232,0.297936
8233,0.297939
8234,0.29794
8235,0.297941
8236,0.297941
8237,0.297941
8238,0.29794
8239,0.29794
8240,0.29794
8241,0.297939
8242,0.297938
8243,0.297937
8244,0.297936
8245,0.297936
8246,0.297934
8247,0.297934
8248,0.297931
8249,0.29793
8250,0.297928
8251,0.297927
8252,0.297925
8253,0.297924
8254,0.297923
8255,0.297919
8256,0.297918
8257,0.297915
8258,0.297912
8259,0.297911
8260,0.297906
8261,0.297904
8262,0.297902
8263,0.297898
8264,0.297896
8265,0.297891
8266,0.29789
8267,0.297888
8268,0.297885
8269,0.297883
8270,0.297876
8271,0.297873
8272,0.29787
8273,0.297866
8274,0.297859
8275,0.297855
8276,0.297852
8277,0.297846
8278,0.297843
8279,0.297837
8280,0.297835
8281,0.297832
8282,0.297828
8283,0.297826
8284,0.297821
8285,0.297819
8286,0.297817
8287,0.297814
8288,0.297812
8289,0.297808
8290,0.297806
8291,0.297801
8292,0.297799
8293,0.297795
8294,0.297793
8295,0.297786
8296,0.297782
8297,0.297779
8298,0.297769
8299,0.29776
8300,0.29774
8301,0.297731
8302,0.297718
8303,0.297712
8304,0.29771
8305,0.297703
8306,0.297702
8307,0.297696
8308,0.297695
8309,0.297697
8310,0.297698
8311,0.297698
8312,0.297697
8313,0.297697
8314,0.297694
8315,0.29769
8316,0.297687
8317,0.297676
8318,0.297671
8319,0.297668
8320,0.297662
8321,0.297656
8322,0.297651
8323,0.297649
8324,0.29765
8325,0.297652
8326,0.297671
8327,0.297686
8328,0.297712
8329,0.297725
8330,0.297737
8331,0.297756
8332,0.297763
8333,0.29777
8334,0.297771
8335,0.297765
8336,0.297763
8337,0.297778
8338,0.29779
8339,0.297797
8340,0.2978
8341,0.297815
8342,0.29783
8343,0.297836
8344,0.297839
8345,0.29784
8346,0.29785
8347,0.297856
8348,0.297859
8349,0.29786
8350,0.297866
8351,0.297868
8352,0.297867
8353,0.297866
8354,0.297868
8355,0.297868
8356,0.297865
8357,0.297862
8358,0.297861
8359,0.29786
8360,0.297858
8361,0.297853
8362,0.29785
8363,0.297845
8364,0.297841
8365,0.297834
8366,0.297829
8367,0.297821
8368,0.297813
8369,0.297809
8370,0.297801
8371,0.297796
8372,0.297791
8373,0.297787
8374,0.297783
8375,0.297774
8376,0.297771
8377,0.297766
8378,0.297765
8379,0.297767
8380,0.297771
8381,0.297772
8382,0.297762
8383,0.297757
8384,0.297752
8385,0.297749
8386,0.297744
8387,0.297734
8388,0.29773
8389,0.29772
8390,0.297716
8391,0.297713
8392,0.297713
8393,0.297712
8394,0.297713
8395,0.297714
8396,0.297713
8397,0.297712
8398,0.297711
8399,0.29771
8400,0.29771
8401,0.297713
8402,0.297714
8403,0.297714
8404,0.297713
8405,0.297716
8406,0.297718
8407,0.297719
8408,0.297719
8409,0.29772
8410,0.297723
8411,0.297725
8412,0.297725
8413,0.297725
8414,0.297729
8415,0.297731
8416,0.297732
8417,0.297733
8418,0.297733
8419,0.297734
8420,0.297736
8421,0.297737
8422,0.297737
8423,0.297736
8424,0.297736
8425,0.297738
8426,0.297739
8427,0.29774
8428,0.297741
8429,0.297742
8430,0.297742
8431,0.297743
8432,0.297743
8433,0.297744
8434,0.297745
8435,0.297746
8436,0.297747
8437,0.297748
8438,0.297749
8439,0.297752
8440,0.297753
8441,0.297754
8442,0.297755
8443,0.297757
8444,0.297759
8445,0.297761
8446,0.297763
8447,0.297764
8448,0.297767
8449,0.297768
8450,0.29777
8451,0.297773
8452,0.297775
8453,0.297777
8454,0.29778
8455,0.297783
8456,0.297785
8457,0.297788
8458,0.297789
8459,0.297793
8460,0.297794
8461,0.297798
8462,0.297799
8463,0.297801
8464,0.297804
8465,0.297806
8466,0.297807
8467,0.297811
8468,0.297818
8469,0.297822
8470,0.297831
8471,0.297835
8472,0.297842
8473,0.297846
8474,0.297849
8475,0.297855
8476,0.297858
8477,0.297864
8478,0.297867
8479,0.297872
8480,0.297877
8481,0.29788
8482,0.297886
8483,0.297888
8484,0.297894
8485,0.297897
8486,0.297902
8487,0.297905
8488,0.29791
8489,0.297916
8490,0.297922
8491,0.297927
8492,0.29793
8493,0.297936
8494,0.297942
8495,0.297945
8496,0.297951
8497,0.297958
8498,0.297961
8499,0.297967
8500,0.29797
8501,0.297976
8502,0.297979
8503,0.297992
8504,0.298001
8505,0.298019
8506,0.298036
8507,0.298043
8508,0.298054
8509,0.298059
8510,0.298069
8511,0.298079
8512,0.298084
8513,0.298092
8514,0.298096
8515,0.298104
8516,0.298112
8517,0.298116
8518,0.298119
8519,0.298127
8520,0.298131
8521,0.298137
8522,0.298143
8523,0.298145
8524,0.298151
8525,0.298153
8526,0.298159
8527,0.298163
8528,0.298166
8529,0.298168
8530,0.298173
8531,0.298177
8532,0.298184
8533,0.298187
8534,0.298192
8535,0.298197
8536,0.2982
8537,0.298207
8538,0.298212
8539,0.298215
8540,0.29822
8541,0.298223
8542,0.298229
8543,0.298232
8544,0.298236
8545,0.298238
8546,0.298244
8547,0.29825
8548,0.298251
8549,0.298252
8550,0.298253
8551,0.298256
8552,0.298258
8553,0.29826
8554,0.298264
8555,0.298268
8556,0.29827
8557,0.298274
8558,0.298276
8559,0.298281
8560,0.298283
8561,0.298287
8562,0.298291
8563,0.298294
8564,0.298297
8565,0.298301
8566,0.298305
8567,0.298307
8568,0.298311
8569,0.298314
8570,0.298318
8571,0.298319
8572,0.29832
8573,0.298322
8574,0.298324
8575,0.298327
8576,0.298328
8577,0.29833
8578,0.29833
8579,0.298333
8580,0.298334
8581,0.298336
8582,0.298337
8583,0.29834
8584,0.298341
8585,0.298343
8586,0.298344
8587,0.298347
8588,0.298345
8589,0.298343
8590,0.298342
8591,0.298341
8592,0.298341
8593,0.29834
8594,0.29834
8595,0.298343
8596,0.298343
8597,0.298344
8598,0.298344
8599,0.298343
8600,0.298343
8601,0.298343
8602,0.298342
8603,0.298341
8604,0.298341
8605,0.29834
8606,0.29834
8607,0.298339
8608,0.298339
8609,0.298339
8610,0.29834
8611,0.29834
8612,0.29834
8613,0.29834
8614,0.29834
8615,0.29834
8616,0.298339
8617,0.298339
8618,0.298338
8619,0.298338
8620,0.298338
8621,0.298337
8622,0.298336
8623,0.298335
8624,0.298332
8625,0.29833
8626,0.298327
8627,0.298325
8628,0.298322
8629,0.29832
8630,0.298316
8631,0.298314
8632,0.298311
8633,0.298309
8634,0.298304
8635,0.298302
8636,0.2983
8637,0.298296
8638,0.298294
8639,0.298292
8640,0.298288
8641,0.298283
8642,0.298279
8643,0.298277
8644,0.298275
8645,0.298271
8646,0.298269
8647,0.298264
8648,0.298262
8649,0.29826
8650,0.298256
8651,0.298254
8652,0.29825
8653,0.298248
8654,0.298243
8655,0.298239
8656,0.298237
8657,0.298235
8658,0.298231
8659,0.298229
8660,0.298227
8661,0.298223
8662,0.298221
8663,0.298214
8664,0.298213
8665,0.298217
8666,0.298219
8667,0.298212
8668,0.298209
8669,0.298206
8670,0.298201
8671,0.298199
8672,0.298196
8673,0.298196
8674,0.298192
8675,0.29819
8676,0.298187
8677,0.298185
8678,0.298183
8679,0.29818
8680,0.298177
8681,0.298175
8682,0.298173
8683,0.298172
8684,0.298169
8685,0.298167
8686,0.298165
8687,0.298164
8688,0.298162
8689,0.29816
8690,0.298158
8691,0.298156
8692,0.298155
8693,0.298152
8694,0.298151
8695,0.298149
8696,0.298148
8697,0.298146
8698,0.298145
8699,0.298142
8700,0.298141
8701,0.298141
8702,0.298142
8703,0.298146
8704,0.298154
8705,0.298157
8706,0.298148
8707,0.298142
8708,0.298138
8709,0.29814
8710,0.298144
8711,0.298136
8712,0.298133
8713,0.298131
8714,0.298129
8715,0.298133
8716,0.298127
8717,0.298125
8718,0.298124
8719,0.298123
8720,0.298122
8721,0.298114
8722,0.298107
8723,0.298104
8724,0.2981
8725,0.298098
8726,0.298098
8727,0.298096
8728,0.298094
8729,0.298094
8730,0.298091
8731,0.298088
8732,0.298088
8733,0.298086
8734,0.298072
8735,0.298067
8736,0.298062
8737,0.298057
8738,0.298055
8739,0.298052
8740,0.298051
8741,0.29805
8742,0.298049
8743,0.298048
8744,0.298047
8745,0.298046
8746,0.298046
8747,0.298045
8748,0.298044
8749,0.298045
8750,0.298041
8751,0.298044
8752,0.298047
8753,0.298043
8754,0.298034
8755,0.298031
8756,0.298025
8757,0.298021
8758,0.298019
8759,0.298014
8760,0.298012
8761,0.29801
8762,0.298008
8763,0.298008
8764,0.298008
8765,0.298007
8766,0.298007
8767,0.298007
8768,0.298007
8769,0.298007
8770,0.298008
8771,0.298008
8772,0.298008
8773,0.298009
8774,0.298009
8775,0.298009
8776,0.29801
8777,0.29801
8778,0.298011
8779,0.298011
8780,0.298012
8781,0.298012
8782,0.298013
8783,0.298013
8784,0.298014
8785,0.298015
8786,0.298015
8787,0.298016
8788,0.298017
8789,0.298018
8790,0.298019
8791,0.29802
8792,0.298021
8793,0.298022
8794,0.298023
8795,0.298023
8796,0.298025
8797,0.298025
8798,0.298027
8799,0.298028
8800,0.298029
8801,0.29803
8802,0.298032
8803,0.298033
8804,0.298034
8805,0.298035
8806,0.298036
8807,0.298037
8808,0.298038
8809,0.29804
8810,0.298041
8811,0.298042
8812,0.298043
8813,0.298044
8814,0.298046
8815,0.298047
8816,0.298048
8817,0.298049
8818,0.298051
8819,0.298055
8820,0.298057
8821,0.29806
8822,0.298064
8823,0.298065
8824,0.298069
8825,0.298071
8826,0.298074
8827,0.298077
8828,0.298079
8829,0.298083
8830,0.298086
8831,0.298088
8832,0.29809
8833,0.298093
8834,0.298096
8835,0.298098
8836,0.298102
8837,0.298105
8838,0.298107
8839,0.298111
8840,0.298113
8841,0.298117
8842,0.298119
8843,0.298122
8844,0.298124
8845,0.298127
8846,0.298132
8847,0.298138
8848,0.298141
8849,0.298146
8850,0.298151
8851,0.298154
8852,0.298158
8853,0.298161
8854,0.298163
8855,0.298168
8856,0.29817
8857,0.298175
8858,0.298182
8859,0.298185
8860,0.29819
8861,0.298192
8862,0.298195
8863,0.298199
8864,0.298202
8865,0.298207
8866,0.298211
8867,0.298215
8868,0.298217
8869,0.298223
8870,0.298229
8871,0.298234
8872,0.298237
8873,0.298242
8874,0.298244
8875,0.298249
8876,0.298252
8877,0.298259
8878,0.298262
8879,0.298265
8880,0.298269
8881,0.298276
8882,0.298279
8883,0.298285
8884,0.298289
8885,0.298295
8886,0.298298
8887,0.298301
8888,0.298307
8889,0.29831
8890,0.298316
8891,0.298319
8892,0.298323
8893,0.298328
8894,0.298335
8895,0.298338
8896,0.298344
8897,0.298347
8898,0.298354
8899,0.29836
8900,0.298363
8901,0.29837
8902,0.298376
8903,0.298383
8904,0.298389
8905,0.298393
8906,0.298399
8907,0.298405
8908,0.298408
8909,0.298414
8910,0.298421
8911,0.298426
8912,0.298432
8913,0.298435
8914,0.298441
8915,0.298447
8916,0.298452
8917,0.298458
8918,0.29846
8919,0.298466
8920,0.298471
8921,0.298476
8922,0.298481
8923,0.298486
8924,0.298489
8925,0.298494
8926,0.298498
8927,0.298503
8928,0.298508
8929,0.29851
8930,0.298514
8931,0.298517
8932,0.29852
8933,0.298521
8934,0.298524
8935,0.298525
8936,0.298526
8937,0.29853
8938,0.298531
8939,0.298535
8940,0.298537
8941,0.298538
8942,0.29854
8943,0.298543
8944,0.298544
8945,0.298546
8946,0.298548
8947,0.298549
8948,0.29855
8949,0.298552
8950,0.298553
8951,0.298555
8952,0.298556
8953,0.298557
8954,0.298558
8955,0.298558
8956,0.29856
8957,0.29856
8958,0.298562
8959,0.298562
8960,0.298562
8961,0.298563
8962,0.298564
8963,0.298564
8964,0.298564
8965,0.298565
8966,0.298565
8967,0.298565
8968,0.298565
8969,0.298565
8970,0.298565
8971,0.298565
8972,0.298565
8973,0.298564
8974,0.298564
8975,0.298563
8976,0.298563
8977,0.298562
8978,0.298561
8979,0.298561
8980,0.298559
8981,0.298559
8982,0.298557
8983,0.298556
8984,0.298554
8985,0.298553
8986,0.298552
8987,0.29855
8988,0.298549
8989,0.298548
8990,0.298547
8991,0.298545
8992,0.298544
8993,0.298542
8994,0.29854
8995,0.298538
8996,0.298536
8997,0.298534
8998,0.298532
8999,0.298529
9000,0.298528
9001,0.298526
9002,0.298523
9003,0.298522
9004,0.298519
9005,0.298515
9006,0.298514
9007,0.29851
9008,0.298508
9009,0.298505
9010,0.298503
9011,0.2985
9012,0.298498
9013,0.298496
9014,0.298492
9015,0.298491
9016,0.298487
9017,0.298485
9018,0.298481
9019,0.29848
9020,0.298478
9021,0.298476
9022,0.298472
9023,0.29847
9024,0.298468
9025,0.298466
9026,0.298462
9027,0.29846
9028,0.298456
9029,0.298454
9030,0.298452
9031,0.298451
9032,0.298447
9033,0.298445
9034,0.298443
9035,0.298439
9036,0.298437
9037,0.298433
9038,0.298431
9039,0.29843
9040,0.298428
9041,0.298425
9042,0.298423
9043,0.298421
9044,0.298417
9045,0.298414
9046,0.29841
9047,0.298409
9048,0.298405
9049,0.298404
9050,0.298402
9051,0.298401
9052,0.298397
9053,0.298396
9054,0.298392
9055,0.298391
9056,0.298389
9057,0.298386
9058,0.298384
9059,0.298381
9060,0.298379
9061,0.298378
9062,0.298376
9063,0.298375
9064,0.298372
9065,0.29837
9066,0.298367
9067,0.298365
9068,0.298362
9069,0.29836
9070,0.298359
9071,0.298355
9072,0.298354
9073,0.298352
9074,0.29835
9075,0.298348
9076,0.298344
9077,0.298341
9078,0.298338
9079,0.298336
9080,0.298335
9081,0.298339
9082,0.29834
9083,0.29834
9084,0.298333
9085,0.298336
9086,0.298329
9087,0.298333
9088,0.298322
9089,0.298318
9090,0.298318
9091,0.298316
9092,0.298312
9093,0.298308
9094,0.298302
9095,0.298299
9096,0.298297
9097,0.298296
9098,0.298298
9099,0.298294
9100,0.298288
9101,0.298284
9102,0.298278
9103,0.298275
9104,0.298273
9105,0.298269
9106,0.298266
9107,0.298262
9108,0.298259
9109,0.298259
9110,0.298257
9111,0.298254
9112,0.298251
9113,0.298248
9114,0.298243
9115,0.298241
9116,0.298222
9117,0.298216
9118,0.298206
9119,0.298203
9120,0.298199
9121,0.298198
9122,0.298197
9123,0.298195
9124,0.298194
9125,0.298192
9126,0.298191
9127,0.29819
9128,0.298189
9129,0.298188
9130,0.298187
9131,0.29819
9132,0.298169
9133,0.298148
9134,0.298146
9135,0.298139
9136,0.298172
9137,0.298194
9138,0.29818
9139,0.298177
9140,0.298169
9141,0.298161
9142,0.298154
9143,0.298138
9144,0.298132
9145,0.298127
9146,0.29812
9147,0.298117
9148,0.298114
9149,0.298112
9150,0.29811
9151,0.298107
9152,0.298105
9153,0.298102
9154,0.2981
9155,0.298099
9156,0.298098
9157,0.298096
9158,0.298096
9159,0.298095
9160,0.298093
9161,0.298092
9162,0.298091
9163,0.298089
9164,0.298089
9165,0.298088
9166,0.298087
9167,0.298085
9168,0.298084
9169,0.298083
9170,0.298082
9171,0.298081
9172,0.298079
9173,0.298078
9174,0.298077
9175,0.298076
9176,0.298075
9177,0.298073
9178,0.298072
9179,0.298071
9180,0.298069
9181,0.298068
9182,0.298066
9183,0.298065
9184,0.298064
9185,0.298062
9186,0.298062
9187,0.298061
9188,0.298059
9189,0.298058
9190,0.298057
9191,0.298055
9192,0.298054
9193,0.298053
9194,0.298052
9195,0.298051
9196,0.29805
9197,0.298049
9198,0.298048
9199,0.298046
9200,0.298038
9201,0.298033
9202,0.298026
9203,0.298022
9204,0.298017
9205,0.298012
9206,0.29801
9207,0.298007
9208,0.298005
9209,0.298002
9210,0.298001
9211,0.297999
9212,0.297997
9213,0.297995
9214,0.297993
9215,0.297991
9216,0.29799
9217,0.297989
9218,0.297986
9219,0.297985
9220,0.297983
9221,0.297981
9222,0.29798
9223,0.297978
9224,0.297977
9225,0.297974
9226,0.297973
9227,0.297971
9228,0.297972
9229,0.297973
9230,0.297931
9231,0.297891
9232,0.29792
9233,0.297894
9234,0.297912
9235,0.298012
9236,0.298008
9237,0.298004
9238,0.297991
9239,0.297986
9240,0.297978
9241,0.297974
9242,0.297969
9243,0.297967
9244,0.297962
9245,0.29796
9246,0.297957
9247,0.297953
9248,0.297951
9249,0.297946
9250,0.29794
9251,0.297937
9252,0.297933
9253,0.297932
9254,0.29793
9255,0.297925
9256,0.297924
9257,0.297919
9258,0.297915
9259,0.297912
9260,0.297909
9261,0.297906
9262,0.297901
9263,0.297898
9264,0.297896
9265,0.297894
9266,0.297891
9267,0.297889
9268,0.297881
9269,0.297877
9270,0.297874
9271,0.297873
9272,0.297872
9273,0.297868
9274,0.297864
9275,0.297858
9276,0.297856
9277,0.297849
9278,0.297846
9279,0.297845
9280,0.29784
9281,0.297835
9282,0.297833
9283,0.297828
9284,0.297825
9285,0.297822
9286,0.29782
9287,0.297816
9288,0.297811
9289,0.29781
9290,0.297806
9291,0.297805
9292,0.297804
9293,0.2978
9294,0.297795
9295,0.297794
9296,0.297794
9297,0.297787
9298,0.297786
9299,0.297783
9300,0.29778
9301,0.297773
9302,0.297771
9303,0.297773
9304,0.297773
9305,0.297769
9306,0.297765
9307,0.297761
9308,0.297761
9309,0.29776
9310,0.297759
9311,0.297756
9312,0.297749
9313,0.297748
9314,0.297748
9315,0.297747
9316,0.297742
9317,0.297739
9318,0.297734
9319,0.297733
9320,0.297729
9321,0.297726
9322,0.297721
9323,0.297719
9324,0.297718
9325,0.297715
9326,0.297712
9327,0.29771
9328,0.297707
9329,0.297705
9330,0.297701
9331,0.2977
9332,0.297697
9333,0.297696
9334,0.297694
9335,0.297692
9336,0.297689
9337,0.297687
9338,0.297685
9339,0.297681
9340,0.297677
9341,0.297671
9342,0.297669
9343,0.297666
9344,0.297664
9345,0.29766
9346,0.297656
9347,0.297651
9348,0.297649
9349,0.297641
9350,0.297723
9351,0.297762
9352,0.29763
9353,0.297565
9354,0.297598
9355,0.297581
9356,0.29758
9357,0.297589
9358,0.297598
9359,0.297606
9360,0.297608
9361,0.297603
9362,0.297588
9363,0.297579
9364,0.297577
9365,0.297576
9366,0.297575
9367,0.297567
9368,0.297563
9369,0.297559
9370,0.297552
9371,0.297549
9372,0.297542
9373,0.297539
9374,0.297536
9375,0.297529
9376,0.297526
9377,0.297519
9378,0.297516
9379,0.297509
9380,0.297506
9381,0.297499
9382,0.297496
9383,0.297489
9384,0.297485
9385,0.297478
9386,0.297475
9387,0.297467
9388,0.297464
9389,0.29746
9390,0.297457
9391,0.297449
9392,0.297446
9393,0.297439
9394,0.297435
9395,0.297431
9396,0.297424
9397,0.297417
9398,0.297414
9399,0.29741
9400,0.297403
9401,0.2974
9402,0.297393
9403,0.297389
9404,0.297386
9405,0.29738
9406,0.297376
9407,0.29737
9408,0.297367
9409,0.297361
9410,0.297358
9411,0.297352
9412,0.297348
9413,0.297342
9414,0.297336
9415,0.297333
9416,0.29733
9417,0.297324
9418,0.297321
9419,0.297316
9420,0.297313
9421,0.297307
9422,0.297304
9423,0.297301
9424,0.297296
9425,0.297293
9426,0.297288
9427,0.297285
9428,0.29728
9429,0.297277
9430,0.297271
9431,0.297269
9432,0.297266
9433,0.29726
9434,0.297257
9435,0.297252
9436,0.297245
9437,0.297243
9438,0.297238
9439,0.297235
9440,0.297231
9441,0.297229
9442,0.297224
9443,0.297222
9444,0.297219
9445,0.297214
9446,0.297211
9447,0.297188
9448,0.297178
9449,0.297169
9450,0.297162
9451,0.297156
9452,0.297192
9453,0.297203
9454,0.297202
9455,0.297202
9456,0.297201
9457,0.2972
9458,0.297199
9459,0.297197
9460,0.297196
9461,0.297195
9462,0.297194
9463,0.297193
9464,0.297192
9465,0.297191
9466,0.29719
9467,0.29719
9468,0.29719
9469,0.297189
9470,0.297188
9471,0.297188
9472,0.297187
9473,0.297185
9474,0.297184
9475,0.297185
9476,0.297187
9477,0.297188
9478,0.297186
9479,0.297187
9480,0.297188
9481,0.297191
9482,0.29719
9483,0.297194
9484,0.297193
9485,0.297195
9486,0.297203
9487,0.29721
9488,0.297221
9489,0.297226
9490,0.29723
9491,0.297238
9492,0.297242
9493,0.297251
9494,0.297255
9495,0.297262
9496,0.297266
9497,0.297273
9498,0.297276
9499,0.297282
9500,0.29728
9501,0.297279
9502,0.297276
9503,0.297274
9504,0.29727
9505,0.297269
9506,0.297269
9507,0.297269
9508,0.297268
9509,0.297268
9510,0.297267
9511,0.297275
9512,0.297278
9513,0.297283
9514,0.297292
9515,0.297296
9516,0.297302
9517,0.297305
9518,0.297308
9519,0.297314
9520,0.297319
9521,0.297322
9522,0.297327
9523,0.29733
9524,0.297335
9525,0.297337
9526,0.297342
9527,0.297344
9528,0.297347
9529,0.297351
9530,0.297356
9531,0.297361
9532,0.297363
9533,0.297368
9534,0.29737
9535,0.297375
9536,0.297377
9537,0.29738
9538,0.297382
9539,0.297387
9540,0.297389
9541,0.297394
9542,0.297396
9543,0.297398
9544,0.297403
9545,0.297405
9546,0.29741
9547,0.297413
9548,0.297417
9549,0.297422
9550,0.297424
9551,0.297429
9552,0.297432
9553,0.297434
9554,0.297436
9555,0.297441
9556,0.297443
9557,0.297445
9558,0.29745
9559,0.297452
9560,0.297454
9561,0.297456
9562,0.297459
9563,0.297463
9564,0.297464
9565,0.297474
9566,0.297479
9567,0.297487
9568,0.297491
9569,0.297497
9570,0.2975
9571,0.297506
9572,0.297509
9573,0.297514
9574,0.297516
9575,0.297518
9576,0.297523
9577,0.297526
9578,0.297532
9579,0.297534
9580,0.297537
9581,0.297543
9582,0.297545
9583,0.297548
9584,0.297553
9585,0.297556
9586,0.297558
9587,0.297563
9588,0.297568
9589,0.297571
9590,0.297576
9591,0.297578
9592,0.29758
9593,0.297585
9594,0.297589
9595,0.297593
9596,0.2976
9597,0.297603
9598,0.297608
9599,0.297611
9600,0.297616
9601,0.29762
9602,0.297623
9603,0.297625
9604,0.297629
9605,0.297631
9606,0.297633
9607,0.297637
9608,0.297639
9609,0.297643
9610,0.297645
9611,0.297647
9612,0.297651
9613,0.297653
9614,0.297655
9615,0.297657
9616,0.297659
9617,0.297662
9618,0.297664
9619,0.297666
9620,0.29767
9621,0.297674
9622,0.297677
9623,0.297679
9624,0.297682
9625,0.297683
9626,0.297685
9627,0.297686
9628,0.297687
9629,0.297688
9630,0.297692
9631,0.297694
9632,0.297697
9633,0.297699
9634,0.297701
9635,0.297703
9636,0.297703
9637,0.297704
9638,0.297709
9639,0.297711
9640,0.297714
9641,0.297716
9642,0.297719
9643,0.297722
9644,0.297726
9645,0.297726
9646,0.297727
9647,0.29773
9648,0.297732
9649,0.297734
9650,0.297736
9651,0.297739
9652,0.297739
9653,0.297741
9654,0.297743
9655,0.297748
9656,0.29775
9657,0.297753
9658,0.297757
9659,0.297757
9660,0.29776
9661,0.297763
9662,0.297765
9663,0.29777
9664,0.297773
9665,0.297775
9666,0.297776
9667,0.29778
9668,0.297783
9669,0.297786
9670,0.29779
9671,0.297794
9672,0.297795
9673,0.297797
9674,0.297799
9675,0.297802
9676,0.297807
9677,0.29781
9678,0.297811
9679,0.297814
9680,0.297818
9681,0.297821
9682,0.297822
9683,0.297825
9684,0.29783
9685,0.297832
9686,0.297834
9687,0.297836
9688,0.297841
9689,0.297844
9690,0.297845
9691,0.297848
9692,0.297853
9693,0.297855
9694,0.297857
9695,0.297859
9696,0.297867
9697,0.297871
9698,0.297874
9699,0.297876
9700,0.297876
9701,0.297878
9702,0.29788
9703,0.297882
9704,0.297884
9705,0.297884
9706,0.297885
9707,0.297887
9708,0.297889
9709,0.297895
9710,0.297898
9711,0.297903
9712,0.297906
9713,0.297911
9714,0.297913
9715,0.297917
9716,0.297919
9717,0.297925
9718,0.297928
9719,0.297931
9720,0.297936
9721,0.297941
9722,0.297944
9723,0.297949
9724,0.297952
9725,0.297956
9726,0.297962
9727,0.297964
9728,0.29797
9729,0.297972
9730,0.297975
9731,0.297979
9732,0.297982
9733,0.297987
9734,0.29799
9735,0.297995
9736,0.297997
9737,0.298002
9738,0.298005
9739,0.29801
9740,0.298012
9741,0.298014
9742,0.298019
9743,0.298022
9744,0.298027
9745,0.298029
9746,0.298032
9747,0.298036
9748,0.298041
9749,0.298043
9750,0.298045
9751,0.29805
9752,0.298055
9753,0.298057
9754,0.298064
9755,0.298066
9756,0.298071
9757,0.298076
9758,0.298078
9759,0.298081
9760,0.298086
9761,0.298088
9762,0.298099
9763,0.298101
9764,0.298103
9765,0.298105
9766,0.298109
9767,0.298111
9768,0.298115
9769,0.298118
9770,0.298121
9771,0.298124
9772,0.298129
9773,0.298132
9774,0.298134
9775,0.298137
9776,0.298142
9777,0.298145
9778,0.298147
9779,0.298153
9780,0.298155
9781,0.298158
9782,0.298163
9783,0.298166
9784,0.298169
9785,0.298174
9786,0.298177
9787,0.29818
9788,0.298185
9789,0.298188
9790,0.298191
9791,0.298196
9792,0.298202
9793,0.298208
9794,0.29821
9795,0.298216
9796,0.298222
9797,0.298227
9798,0.29823
9799,0.298236
9800,0.298239
9801,0.298242
9802,0.298245
9803,0.298248
9804,0.298254
9805,0.298257
9806,0.298262
9807,0.298268
9808,0.298274
9809,0.298277
9810,0.298283
9811,0.298287
9812,0.29829
9813,0.298296
9814,0.298299
9815,0.298302
9816,0.298308
9817,0.298312
9818,0.298315
9819,0.298321
9820,0.298324
9821,0.298331
9822,0.298334
9823,0.29834
9824,0.298343
9825,0.298349
9826,0.298352
9827,0.298355
9828,0.298361
9829,0.298366
9830,0.298372
9831,0.298374
9832,0.298377
9833,0.29838
9834,0.298385
9835,0.298388
9836,0.298391
9837,0.298393
9838,0.298398
9839,0.298401
9840,0.298406
9841,0.298411
9842,0.298416
9843,0.298418
9844,0.298423
9845,0.298426
9846,0.298428
9847,0.298433
9848,0.298435
9849,0.298438
9850,0.298441
9851,0.298443
9852,0.298446
9853,0.29845
9854,0.298452
9855,0.298457
9856,0.298459
9857,0.298466
9858,0.298469
9859,0.298472
9860,0.298476
9861,0.298477
9862,0.29848
9863,0.298481
9864,0.298488
9865,0.298491
9866,0.298494
9867,0.298499
9868,0.298502
9869,0.298503
9870,0.298506
9871,0.298506
9872,0.298508
9873,0.29851
9874,0.298512
9875,0.298514
9876,0.298515
9877,0.298517
9878,0.298517
9879,0.298518
9880,0.298522
9881,0.298525
9882,0.298528
9883,0.298528
9884,0.298531
9885,0.298533
9886,0.298534
9887,0.298535
9888,0.298537
9889,0.298539
9890,0.29854
9891,0.298544
9892,0.298546
9893,0.298552
9894,0.298554
9895,0.298561
9896,0.298564
9897,0.29857
9898,0.298574
9899,0.298576
9900,0.298567
9901,0.298561
9902,0.298559
9903,0.298557
9904,0.298555
9905,0.298554
9906,0.298553
9907,0.298553
9908,0.298553
9909,0.298553
9910,0.298553
9911,0.298554
9912,0.298554
9913,0.298555
9914,0.298556
9915,0.298556
9916,0.298556
9917,0.298557
9918,0.298557
9919,0.298558
9920,0.298558
9921,0.298559
9922,0.298559
9923,0.298559
9924,0.298559
9925,0.298559
9926,0.298559
9927,0.298559
9928,0.298559
9929,0.298558
9930,0.298558
9931,0.298558
9932,0.298557
9933,0.298557
9934,0.298556
9935,0.298555
9936,0.298555
9937,0.298554
9938,0.298553
9939,0.298552
9940,0.298551
9941,0.29855
9942,0.298549
9943,0.298547
9944,0.298547
9945,0.298546
9946,0.298544
9947,0.298543
9948,0.298542
9949,0.29854
9950,0.29854
9951,0.298538
9952,0.298536
9953,0.298531
9954,0.298527
9955,0.298519
9956,0.298515
9957,0.298509
9958,0.298506
9959,0.298503
9960,0.298498
9961,0.298493
9962,0.298489
9963,0.298487
9964,0.298485
9965,0.298481
9966,0.298477
9967,0.298474
9968,0.298472
9969,0.29847
9970,0.298466
9971,0.298465
9972,0.298461
9973,0.298459
9974,0.298455
9975,0.298452
9976,0.29845
9977,0.298446
9978,0.298444
9979,0.298442
9980,0.298438
9981,0.298432
9982,0.298428
9983,0.298426
9984,0.298425
9985,0.298424
9986,0.298422
9987,0.29842
9988,0.298418
9989,0.298417
9990,0.298415
9991,0.298412
9992,0.298408
9993,0.298404
9994,0.298402
9995,0.2984
9996,0.298398
9997,0.298394
9998,0.298392
9999,0.298389
10000,0.298385
10001,0.298383
