time,y
0,0.214726
1,0.214727
2,0.214753
3,0.214776
4,0.21484
5,0.214924
6,0.215009
7,0.214925
8,0.214832
9,0.21481
10,0.214887
11,0.214969
12,0.215146
13,0.215213
14,0.215234
15,0.215091
16,0.215015
17,0.215068
18,0.215385
19,0.215551
20,0.215602
21,0.21588
22,0.215943
23,0.215837
24,0.216019
25,0.216168
26,0.216155
27,0.216956
28,0.217453
29,0.216996
30,0.216788
31,0.216118
32,0.216063
33,0.216019
34,0.217711
35,0.218433
36,0.21666
37,0.215617
38,0.215509
39,0.216799
40,0.217695
41,0.217469
42,0.216701
43,0.21648
44,0.21643
45,0.216472
46,0.21648
47,0.217254
48,0.217618
49,0.217018
50,0.216811
51,0.216731
52,0.216714
53,0.216674
54,0.216646
55,0.216818
56,0.216902
57,0.21679
58,0.21676
59,0.216746
60,0.216721
61,0.216707
62,0.216702
63,0.216736
64,0.216749
65,0.216735
66,0.216716
67,0.216712
68,0.21673
69,0.216742
70,0.216749
71,0.21675
72,0.216755
73,0.216771
74,0.216782
75,0.216791
76,0.216793
77,0.216802
78,0.216785
79,0.216784
80,0.216789
81,0.216792
82,0.216786
83,0.216784
84,0.216792
85,0.216791
86,0.216782
87,0.216794
88,0.216785
89,0.216786
90,0.216787
91,0.216788
92,0.216794
93,0.216797
94,0.216802
95,0.216804
96,0.216807
97,0.216808
98,0.216809
99,0.216813
100,0.216816
101,0.216826
102,0.216821
103,0.216823
104,0.216826
105,0.216829
106,0.216833
107,0.216834
108,0.216834
109,0.216832
110,0.216831
111,0.216832
112,0.216836
113,0.216838
114,0.216839
115,0.216841
116,0.216842
117,0.216846
118,0.216847
119,0.216849
120,0.21685
121,0.216851
122,0.216855
123,0.216863
124,0.216861
125,0.216863
126,0.216867
127,0.216869
128,0.216871
129,0.216879
130,0.216878
131,0.216952
132,0.217026
133,0.21699
134,0.216966
135,0.216941
136,0.216924
137,0.216909
138,0.216921
139,0.216954
140,0.216978
141,0.216971
142,0.216963
143,0.216958
144,0.216949
145,0.216943
146,0.216941
147,0.216942
148,0.216943
149,0.216942
150,0.216942
151,0.216942
152,0.216942
153,0.216944
154,0.216947
155,0.21695
156,0.216952
157,0.216957
158,0.216959
159,0.216964
160,0.216966
161,0.216971
162,0.216973
163,0.216978
164,0.216981
165,0.216987
166,0.21699
167,0.216998
168,0.217002
169,0.21701
170,0.217015
171,0.217024
172,0.217029
173,0.217038
174,0.217042
175,0.217046
176,0.217055
177,0.21706
178,0.217069
179,0.217075
180,0.217084
181,0.21709
182,0.217095
183,0.217105
184,0.21711
185,0.21712
186,0.217126
187,0.217131
188,0.217141
189,0.217146
190,0.217156
191,0.217162
192,0.217167
193,0.217084
194,0.217099
195,0.217234
196,0.217322
197,0.21736
198,0.217409
199,0.217429
200,0.217441
201,0.217444
202,0.217443
203,0.217428
204,0.217421
205,0.217414
206,0.217403
207,0.2174
208,0.217396
209,0.217396
210,0.217397
211,0.217398
212,0.217402
213,0.217404
214,0.217408
215,0.217411
216,0.217414
217,0.21742
218,0.217423
219,0.217432
220,0.217434
221,0.217438
222,0.217445
223,0.21745
224,0.217459
225,0.217463
226,0.217472
227,0.217476
228,0.217481
229,0.217489
230,0.217494
231,0.217503
232,0.217508
233,0.217512
234,0.217522
235,0.217526
236,0.217536
237,0.217541
238,0.217546
239,0.217555
240,0.21756
241,0.217566
242,0.217575
243,0.217581
244,0.217591
245,0.217596
246,0.217601
247,0.217611
248,0.217621
249,0.217627
250,0.217637
251,0.217642
252,0.217647
253,0.217657
254,0.217663
255,0.217673
256,0.217678
257,0.217683
258,0.217693
259,0.217698
260,0.217708
261,0.217713
262,0.217718
263,0.217728
264,0.217734
265,0.217744
266,0.217754
267,0.217759
268,0.217765
269,0.217776
270,0.217781
271,0.217793
272,0.217799
273,0.217804
274,0.217816
275,0.217822
276,0.217834
277,0.21784
278,0.217853
279,0.217859
280,0.217872
281,0.217879
282,0.217892
283,0.217899
284,0.217913
285,0.21792
286,0.217932
287,0.217941
288,0.217948
289,0.217959
290,0.217967
291,0.217985
292,0.218002
293,0.21801
294,0.218017
295,0.218033
296,0.21804
297,0.218056
298,0.218064
299,0.21808
300,0.218089
301,0.218106
302,0.218114
303,0.218132
304,0.218141
305,0.218154
306,0.218167
307,0.218177
308,0.218195
309,0.218204
310,0.218218
311,0.218233
312,0.218242
313,0.218262
314,0.218271
315,0.218291
316,0.218301
317,0.218321
318,0.218332
319,0.218352
320,0.218373
321,0.218394
322,0.218405
323,0.218427
324,0.218449
325,0.21846
326,0.218471
327,0.218494
328,0.218505
329,0.218528
330,0.218551
331,0.218563
332,0.218586
333,0.218602
334,0.218622
335,0.218634
336,0.218659
337,0.218671
338,0.218695
339,0.218708
340,0.218733
341,0.218746
342,0.218762
343,0.218784
344,0.21881
345,0.218823
346,0.218836
347,0.218849
348,0.218875
349,0.218888
350,0.218915
351,0.218928
352,0.218945
353,0.218969
354,0.218983
355,0.218996
356,0.219024
357,0.219038
358,0.219066
359,0.219094
360,0.219108
361,0.219136
362,0.219151
363,0.219168
364,0.219194
365,0.219208
366,0.219237
367,0.219267
368,0.219297
369,0.219326
370,0.219344
371,0.219371
372,0.219386
373,0.219401
374,0.219416
375,0.219446
376,0.219462
377,0.219477
378,0.219507
379,0.219525
380,0.219553
381,0.219569
382,0.219335
383,0.219435
384,0.219486
385,0.21955
386,0.219584
387,0.219603
388,0.219649
389,0.219671
390,0.219712
391,0.219751
392,0.219769
393,0.219789
394,0.219821
395,0.219838
396,0.219609
397,0.219712
398,0.219794
399,0.219825
400,0.219851
401,0.2199
402,0.219924
403,0.219969
404,0.21999
405,0.220028
406,0.220047
407,0.220067
408,0.220103
409,0.220136
410,0.220152
411,0.220185
412,0.220203
413,0.220234
414,0.220266
415,0.220282
416,0.220314
417,0.220346
418,0.220379
419,0.220395
420,0.220412
421,0.220428
422,0.220461
423,0.220478
424,0.220509
425,0.220526
426,0.220558
427,0.220575
428,0.220607
429,0.220623
430,0.220639
431,0.220672
432,0.220689
433,0.220721
434,0.220753
435,0.220769
436,0.220797
437,0.220818
438,0.220834
439,0.220865
440,0.220881
441,0.220897
442,0.220914
443,0.220947
444,0.220977
445,0.221007
446,0.221022
447,0.22104
448,0.221072
449,0.221087
450,0.221102
451,0.221132
452,0.221148
453,0.221163
454,0.221195
455,0.221226
456,0.221241
457,0.221255
458,0.221271
459,0.221288
460,0.221317
461,0.221332
462,0.221346
463,0.221376
464,0.221391
465,0.221406
466,0.221436
467,0.221451
468,0.221479
469,0.221494
470,0.221523
471,0.221538
472,0.221552
473,0.22158
474,0.221595
475,0.221623
476,0.221637
477,0.221664
478,0.221678
479,0.221692
480,0.22172
481,0.221733
482,0.22176
483,0.221773
484,0.2218
485,0.221813
486,0.221828
487,0.221853
488,0.221866
489,0.221891
490,0.221904
491,0.221929
492,0.221942
493,0.221967
494,0.221979
495,0.222004
496,0.222016
497,0.22204
498,0.222052
499,0.222076
500,0.222088
501,0.222111
502,0.222122
503,0.222134
504,0.222156
505,0.222168
506,0.22219
507,0.222201
508,0.222222
509,0.222233
510,0.222254
511,0.222265
512,0.222285
513,0.222296
514,0.222306
515,0.222326
516,0.222336
517,0.222356
518,0.222365
519,0.222375
520,0.222394
521,0.222404
522,0.222422
523,0.222431
524,0.222449
525,0.222458
526,0.222475
527,0.222484
528,0.222492
529,0.222509
530,0.222518
531,0.222534
532,0.222542
533,0.222557
534,0.222565
535,0.22258
536,0.222588
537,0.222595
538,0.22261
539,0.222617
540,0.222631
541,0.222638
542,0.222644
543,0.222658
544,0.222664
545,0.222677
546,0.222683
547,0.222695
548,0.222701
549,0.222708
550,0.222718
551,0.222725
552,0.222735
553,0.22274
554,0.22275
555,0.222755
556,0.22276
557,0.22277
558,0.222779
559,0.222784
560,0.222788
561,0.222797
562,0.222801
563,0.222808
564,0.222812
565,0.222816
566,0.222824
567,0.222827
568,0.222833
569,0.222836
570,0.222843
571,0.222846
572,0.222851
573,0.222854
574,0.222856
575,0.222861
576,0.222864
577,0.222868
578,0.22287
579,0.222874
580,0.222876
581,0.222879
582,0.22288
583,0.222882
584,0.222884
585,0.222889
586,0.222909
587,0.222911
588,0.222943
589,0.222963
590,0.222972
591,0.222966
592,0.222962
593,0.222955
594,0.222948
595,0.222944
596,0.222933
597,0.222928
598,0.222927
599,0.222929
600,0.222931
601,0.222929
602,0.222924
603,0.222921
604,0.222922
605,0.222923
606,0.222918
607,0.222916
608,0.222913
609,0.222911
610,0.22291
611,0.222908
612,0.222902
613,0.222899
614,0.222896
615,0.222892
616,0.222889
617,0.222885
618,0.222879
619,0.222873
620,0.22287
621,0.222887
622,0.222883
623,0.222855
624,0.222839
625,0.222834
626,0.22284
627,0.222843
628,0.222836
629,0.222816
630,0.222806
631,0.222809
632,0.222811
633,0.222807
634,0.222788
635,0.222778
636,0.222774
637,0.222774
638,0.222762
639,0.222755
640,0.222747
641,0.222738
642,0.222735
643,0.222723
644,0.222717
645,0.222704
646,0.222698
647,0.222687
648,0.222675
649,0.222669
650,0.222656
651,0.222649
652,0.222637
653,0.22263
654,0.222617
655,0.22261
656,0.222596
657,0.222589
658,0.222582
659,0.222568
660,0.222554
661,0.222546
662,0.222539
663,0.222525
664,0.222518
665,0.222502
666,0.222495
667,0.222487
668,0.222472
669,0.222464
670,0.222448
671,0.22244
672,0.222425
673,0.222417
674,0.22241
675,0.2224
676,0.222395
677,0.222389
678,0.222387
679,0.222382
680,0.222379
681,0.222375
682,0.222373
683,0.22237
684,0.222368
685,0.222365
686,0.222363
687,0.222362
688,0.222359
689,0.222356
690,0.222352
691,0.222351
692,0.222348
693,0.222346
694,0.222343
695,0.222342
696,0.22234
697,0.222337
698,0.222334
699,0.222332
700,0.222331
701,0.222328
702,0.222326
703,0.222324
704,0.222321
705,0.222319
706,0.222316
707,0.222314
708,0.222311
709,0.22231
710,0.222308
711,0.222305
712,0.222303
713,0.2223
714,0.222299
715,0.222297
716,0.222294
717,0.222292
718,0.222289
719,0.222288
720,0.222285
721,0.222283
722,0.22228
723,0.222278
724,0.222277
725,0.227634
726,0.221623
727,0.216916
728,0.218339
729,0.220301
730,0.22229
731,0.222471
732,0.22239
733,0.222038
734,0.222044
735,0.22207
736,0.222112
737,0.222202
738,0.222233
739,0.222246
740,0.222251
741,0.222258
742,0.22226
743,0.222262
744,0.222262
745,0.222257
746,0.222245
747,0.222238
748,0.222232
749,0.22223
750,0.222217
751,0.22221
752,0.222198
753,0.222192
754,0.222181
755,0.222176
756,0.222167
757,0.222155
758,0.222148
759,0.222135
760,0.222129
761,0.222118
762,0.222114
763,0.222107
764,0.222102
765,0.222098
766,0.222096
767,0.222093
768,0.222091
769,0.222088
770,0.222087
771,0.222085
772,0.222083
773,0.222082
774,0.22208
775,0.222077
776,0.222076
777,0.222075
778,0.222072
779,0.222071
780,0.222069
781,0.222067
782,0.222066
783,0.222064
784,0.222062
785,0.22206
786,0.222058
787,0.222056
788,0.222054
789,0.222052
790,0.22205
791,0.222048
792,0.222046
793,0.222045
794,0.222042
795,0.222041
796,0.222038
797,0.222037
798,0.222035
799,0.222032
800,0.222031
801,0.222028
802,0.222027
803,0.222024
804,0.222023
805,0.222021
806,0.222018
807,0.222017
808,0.222014
809,0.222013
810,0.222011
811,0.222009
812,0.222007
813,0.222004
814,0.222001
815,0.222
816,0.221999
817,0.221996
818,0.221994
819,0.221993
820,0.22199
821,0.221989
822,0.221986
823,0.221984
824,0.221982
825,0.22198
826,0.221977
827,0.221976
828,0.221973
829,0.221972
830,0.221971
831,0.221968
832,0.221967
833,0.221964
834,0.221963
835,0.22196
836,0.221958
837,0.221956
838,0.221954
839,0.221952
840,0.22195
841,0.221949
842,0.221946
843,0.221945
844,0.221942
845,0.221941
846,0.22194
847,0.221937
848,0.221936
849,0.221933
850,0.221932
851,0.22193
852,0.221928
853,0.221926
854,0.221924
855,0.221922
856,0.221921
857,0.221919
858,0.221916
859,0.221913
860,0.221912
861,0.221911
862,0.221908
863,0.221907
864,0.221904
865,0.221903
866,0.221901
867,0.221899
868,0.221897
869,0.221895
870,0.221893
871,0.221891
872,0.221889
873,0.221888
874,0.221886
875,0.221884
876,0.221882
877,0.22188
878,0.221878
879,0.221877
880,0.221874
881,0.221873
882,0.221872
883,0.221869
884,0.221868
885,0.221865
886,0.221863
887,0.221861
888,0.22186
889,0.22182
890,0.221825
891,0.221831
892,0.221858
893,0.221871
894,0.221881
895,0.221883
896,0.221889
897,0.221891
898,0.221891
899,0.221886
900,0.221883
901,0.221874
902,0.22187
903,0.22186
904,0.221855
905,0.22185
906,0.221844
907,0.221839
908,0.221837
909,0.221832
910,0.22183
911,0.221826
912,0.221824
913,0.221821
914,0.221819
915,0.221818
916,0.221814
917,0.221812
918,0.22181
919,0.221807
920,0.221805
921,0.221804
922,0.221801
923,0.221799
924,0.221796
925,0.221795
926,0.221793
927,0.22179
928,0.221789
929,0.221786
930,0.221783
931,0.221781
932,0.221778
933,0.221777
934,0.221776
935,0.221773
936,0.221771
937,0.221768
938,0.221767
939,0.221764
940,0.221761
941,0.22176
942,0.221757
943,0.221754
944,0.221753
945,0.22175
946,0.221749
947,0.221747
948,0.221746
949,0.221743
950,0.221741
951,0.221739
952,0.221738
953,0.221735
954,0.221734
955,0.221732
956,0.22173
957,0.221728
958,0.221725
959,0.221724
960,0.221721
961,0.22172
962,0.221717
963,0.221716
964,0.221714
965,0.221712
966,0.22171
967,0.221709
968,0.221706
969,0.221704
970,0.221702
971,0.2217
972,0.221698
973,0.221697
974,0.221694
975,0.221693
976,0.22169
977,0.221689
978,0.221687
979,0.221685
980,0.221683
981,0.22168
982,0.221679
983,0.221676
984,0.221675
985,0.221674
986,0.221671
987,0.22167
988,0.221667
989,0.221666
990,0.221664
991,0.221661
992,0.22166
993,0.221657
994,0.221656
995,0.221653
996,0.221652
997,0.221649
998,0.221648
999,0.221645
1000,0.221644
1001,0.221642
1002,0.22164
1003,0.221638
1004,0.221637
1005,0.221634
1006,0.221633
1007,0.22163
1008,0.221629
1009,0.221626
1010,0.221625
1011,0.221622
1012,0.221621
1013,0.221619
1014,0.221617
1015,0.221615
1016,0.221613
1017,0.221611
1018,0.221608
1019,0.221607
1020,0.221604
1021,0.221603
1022,0.2216
1023,0.221599
1024,0.221598
1025,0.221595
1026,0.221594
1027,0.221591
1028,0.221589
1029,0.221588
1030,0.221585
1031,0.221584
1032,0.221581
1033,0.22158
1034,0.221577
1035,0.221576
1036,0.221573
1037,0.221572
1038,0.22157
1039,0.221568
1040,0.221566
1041,0.221564
1042,0.221562
1043,0.22156
1044,0.221558
1045,0.221556
1046,0.221554
1047,0.221551
1048,0.22155
1049,0.221547
1050,0.221546
1051,0.221543
1052,0.221542
1053,0.221541
1054,0.221539
1055,0.221537
1056,0.221535
1057,0.221532
1058,0.22153
1059,0.221528
1060,0.221526
1061,0.221524
1062,0.221523
1063,0.22152
1064,0.221519
1065,0.221518
1066,0.221515
1067,0.221514
1068,0.221511
1069,0.22151
1070,0.221507
1071,0.221505
1072,0.221503
1073,0.221501
1074,0.221499
1075,0.221497
1076,0.221496
1077,0.221493
1078,0.221491
1079,0.221489
1080,0.221486
1081,0.221485
1082,0.221482
1083,0.22148
1084,0.221478
1085,0.221477
1086,0.221474
1087,0.221473
1088,0.22147
1089,0.221468
1090,0.221465
1091,0.221462
1092,0.221461
1093,0.221458
1094,0.221457
1095,0.221456
1096,0.221453
1097,0.221451
1098,0.221449
1099,0.221446
1100,0.221445
1101,0.221442
1102,0.221439
1103,0.221437
1104,0.221435
1105,0.221434
1106,0.221431
1107,0.22143
1108,0.221429
1109,0.221426
1110,0.221425
1111,0.221423
1112,0.221421
1113,0.221419
1114,0.221418
1115,0.221415
1116,0.221414
1117,0.221413
1118,0.22141
1119,0.221409
1120,0.221407
1121,0.221405
1122,0.221403
1123,0.221402
1124,0.221399
1125,0.221398
1126,0.221397
1127,0.221394
1128,0.221393
1129,0.22139
1130,0.221387
1131,0.221386
1132,0.221383
1133,0.221382
1134,0.221381
1135,0.221378
1136,0.221377
1137,0.221374
1138,0.221373
1139,0.22137
1140,0.221367
1141,0.221366
1142,0.221365
1143,0.221362
1144,0.221361
1145,0.221359
1146,0.221357
1147,0.221355
1148,0.221353
1149,0.221351
1150,0.221349
1151,0.221347
1152,0.221345
1153,0.221343
1154,0.221341
1155,0.221339
1156,0.221337
1157,0.221335
1158,0.221334
1159,0.221331
1160,0.22133
1161,0.221327
1162,0.221326
1163,0.221323
1164,0.221322
1165,0.221321
1166,0.221318
1167,0.221316
1168,0.221314
1169,0.221313
1170,0.22131
1171,0.221309
1172,0.221306
1173,0.221305
1174,0.221302
1175,0.2213
1176,0.221298
1177,0.221297
1178,0.221295
1179,0.221293
1180,0.221291
1181,0.221289
1182,0.221287
1183,0.221285
1184,0.221283
1185,0.221281
1186,0.221279
1187,0.221277
1188,0.221276
1189,0.221274
1190,0.221272
1191,0.221271
1192,0.221268
1193,0.221266
1194,0.221264
1195,0.221262
1196,0.22126
1197,0.221259
1198,0.221257
1199,0.221255
1200,0.221253
1201,0.221251
1202,0.221249
1203,0.221247
1204,0.221246
1205,0.221244
1206,0.221242
1207,0.221241
1208,0.221238
1209,0.221237
1210,0.221234
1211,0.221233
1212,0.221231
1213,0.221229
1214,0.221227
1215,0.221225
1216,0.221223
1217,0.221221
1218,0.221219
1219,0.221216
1220,0.221215
1221,0.221212
1222,0.221211
1223,0.22121
1224,0.221207
1225,0.221205
1226,0.221202
1227,0.221201
1228,0.221198
1229,0.221196
1230,0.221194
1231,0.221192
1232,0.22119
1233,0.221189
1234,0.221187
1235,0.221185
1236,0.221183
1237,0.221181
1238,0.221179
1239,0.221178
1240,0.221176
1241,0.221174
1242,0.221171
1243,0.22117
1244,0.221167
1245,0.221166
1246,0.221164
1247,0.221162
1248,0.221161
1249,0.221158
1250,0.221157
1251,0.221156
1252,0.221153
1253,0.221151
1254,0.221149
1255,0.221147
1256,0.221146
1257,0.221143
1258,0.221142
1259,0.22114
1260,0.221138
1261,0.221137
1262,0.221135
1263,0.221132
1264,0.22113
1265,0.221129
1266,0.221126
1267,0.221125
1268,0.221123
1269,0.221121
1270,0.22112
1271,0.221117
1272,0.221116
1273,0.221113
1274,0.221112
1275,0.221109
1276,0.221108
1277,0.221106
1278,0.221104
1279,0.221103
1280,0.2211
1281,0.221099
1282,0.221096
1283,0.221095
1284,0.221092
1285,0.221091
1286,0.221088
1287,0.221087
1288,0.221084
1289,0.221083
1290,0.221081
1291,0.22108
1292,0.221078
1293,0.221076
1294,0.221075
1295,0.221072
1296,0.221071
1297,0.22107
1298,0.221067
1299,0.221064
1300,0.221062
1301,0.22106
1302,0.221059
1303,0.221057
1304,0.221055
1305,0.221054
1306,0.221053
1307,0.22105
1308,0.221049
1309,0.221046
1310,0.221044
1311,0.221041
1312,0.22104
1313,0.221039
1314,0.221037
1315,0.221036
1316,0.221035
1317,0.221032
1318,0.221031
1319,0.221029
1320,0.221027
1321,0.221026
1322,0.221024
1323,0.221022
1324,0.22102
1325,0.221019
1326,0.221016
1327,0.221015
1328,0.221012
1329,0.221011
1330,0.221009
1331,0.221007
1332,0.221005
1333,0.221004
1334,0.221003
1335,0.221
1336,0.220999
1337,0.220996
1338,0.220995
1339,0.220993
1340,0.220992
1341,0.220989
1342,0.220988
1343,0.220987
1344,0.220984
1345,0.220983
1346,0.220981
1347,0.220979
1348,0.220977
1349,0.220976
1350,0.220973
1351,0.220972
1352,0.22097
1353,0.220969
1354,0.220968
1355,0.220965
1356,0.220964
1357,0.220963
1358,0.22096
1359,0.220959
1360,0.220957
1361,0.220956
1362,0.220953
1363,0.220952
1364,0.22095
1365,0.220949
1366,0.220947
1367,0.220945
1368,0.220944
1369,0.220942
1370,0.220941
1371,0.220938
1372,0.220937
1373,0.220936
1374,0.220934
1375,0.220932
1376,0.22093
1377,0.220929
1378,0.220927
1379,0.220926
1380,0.220923
1381,0.220922
1382,0.220921
1383,0.220919
1384,0.220917
1385,0.220915
1386,0.220914
1387,0.220913
1388,0.220911
1389,0.220908
1390,0.220907
1391,0.220905
1392,0.220904
1393,0.220902
1394,0.2209
1395,0.220899
1396,0.220897
1397,0.220896
1398,0.220895
1399,0.220893
1400,0.22089
1401,0.220889
1402,0.220887
1403,0.220886
1404,0.220885
1405,0.220883
1406,0.220882
1407,0.22088
1408,0.220878
1409,0.220877
1410,0.220875
1411,0.220874
1412,0.220872
1413,0.22087
1414,0.220868
1415,0.220867
1416,0.220865
1417,0.220864
1418,0.220863
1419,0.220861
1420,0.22086
1421,0.220857
1422,0.220856
1423,0.220854
1424,0.220852
1425,0.220851
1426,0.22085
1427,0.220849
1428,0.220846
1429,0.220845
1430,0.220843
1431,0.220842
1432,0.22084
1433,0.220839
1434,0.220837
1435,0.220835
1436,0.220834
1437,0.220833
1438,0.22083
1439,0.220829
1440,0.220828
1441,0.220826
1442,0.220825
1443,0.220823
1444,0.220822
1445,0.22082
1446,0.220819
1447,0.220817
1448,0.220815
1449,0.220813
1450,0.220812
1451,0.22081
1452,0.220809
1453,0.220808
1454,0.220806
1455,0.220805
1456,0.220804
1457,0.220802
1458,0.2208
1459,0.220798
1460,0.220797
1461,0.220794
1462,0.220794
1463,0.220793
1464,0.22079
1465,0.220789
1466,0.220787
1467,0.220786
1468,0.220785
1469,0.220783
1470,0.220782
1471,0.220781
1472,0.22078
1473,0.220778
1474,0.220777
1475,0.220776
1476,0.220774
1477,0.220773
1478,0.220771
1479,0.220769
1480,0.220767
1481,0.220766
1482,0.220764
1483,0.220762
1484,0.220761
1485,0.220759
1486,0.220758
1487,0.220757
1488,0.220755
1489,0.220754
1490,0.220752
1491,0.220751
1492,0.220749
1493,0.220748
1494,0.220746
1495,0.220745
1496,0.220744
1497,0.220742
1498,0.220741
1499,0.22074
1500,0.220737
1501,0.220736
1502,0.220734
1503,0.220733
1504,0.220732
1505,0.22073
1506,0.220729
1507,0.220727
1508,0.220726
1509,0.220725
1510,0.220723
1511,0.220722
1512,0.220721
1513,0.220719
1514,0.220718
1515,0.220716
1516,0.220715
1517,0.220713
1518,0.220712
1519,0.22071
1520,0.220709
1521,0.220707
1522,0.220706
1523,0.220704
1524,0.220704
1525,0.220703
1526,0.220701
1527,0.2207
1528,0.220698
1529,0.220697
1530,0.220696
1531,0.220694
1532,0.220693
1533,0.220692
1534,0.22069
1535,0.220689
1536,0.220687
1537,0.220686
1538,0.220685
1539,0.220684
1540,0.220682
1541,0.220681
1542,0.220679
1543,0.220677
1544,0.220676
1545,0.220675
1546,0.220673
1547,0.220672
1548,0.220671
1549,0.22067
1550,0.220669
1551,0.220668
1552,0.220666
1553,0.220665
1554,0.220664
1555,0.220662
1556,0.220661
1557,0.220659
1558,0.220658
1559,0.220658
1560,0.220656
1561,0.220655
1562,0.220653
1563,0.220651
1564,0.22065
1565,0.220649
1566,0.220648
1567,0.220647
1568,0.220646
1569,0.220644
1570,0.220643
1571,0.220641
1572,0.22064
1573,0.220639
1574,0.220638
1575,0.220636
1576,0.220634
1577,0.220633
1578,0.220632
1579,0.22063
1580,0.22063
1581,0.220629
1582,0.220627
1583,0.220626
1584,0.220625
1585,0.220623
1586,0.220622
1587,0.220621
1588,0.220619
1589,0.220618
1590,0.220617
1591,0.220615
1592,0.220614
1593,0.220613
1594,0.220612
1595,0.220611
1596,0.220609
1597,0.220608
1598,0.220607
1599,0.220606
1600,0.220604
1601,0.220603
1602,0.220601
1603,0.220601
1604,0.220599
1605,0.220598
1606,0.220597
1607,0.220596
1608,0.220595
1609,0.220594
1610,0.220592
1611,0.220591
1612,0.220589
1613,0.220588
1614,0.220587
1615,0.220586
1616,0.220584
1617,0.220583
1618,0.220583
1619,0.220581
1620,0.22058
1621,0.220579
1622,0.220578
1623,0.220576
1624,0.220575
1625,0.220573
1626,0.220572
1627,0.220571
1628,0.22057
1629,0.220569
1630,0.220567
1631,0.220567
1632,0.220566
1633,0.220564
1634,0.220563
1635,0.220562
1636,0.220561
1637,0.22056
1638,0.220558
1639,0.220557
1640,0.220556
1641,0.220555
1642,0.220553
1643,0.220553
1644,0.220551
1645,0.22055
1646,0.220548
1647,0.220548
1648,0.220547
1649,0.220545
1650,0.220544
1651,0.220543
1652,0.220541
1653,0.22054
1654,0.220539
1655,0.220539
1656,0.220537
1657,0.220535
1658,0.220535
1659,0.220534
1660,0.220532
1661,0.220531
1662,0.220531
1663,0.220529
1664,0.220528
1665,0.220527
1666,0.220525
1667,0.220524
1668,0.220523
1669,0.220522
1670,0.220521
1671,0.220519
1672,0.220519
1673,0.220518
1674,0.21989
1675,0.22002
1676,0.220168
1677,0.220436
1678,0.220523
1679,0.220556
1680,0.22054
1681,0.220526
1682,0.22051
1683,0.220505
1684,0.220501
1685,0.220496
1686,0.220493
1687,0.220491
1688,0.22049
1689,0.220487
1690,0.220485
1691,0.220484
1692,0.220482
1693,0.220481
1694,0.220479
1695,0.220478
1696,0.220476
1697,0.220476
1698,0.220475
1699,0.220474
1700,0.220473
1701,0.220472
1702,0.220471
1703,0.22047
1704,0.220469
1705,0.220468
1706,0.220467
1707,0.220467
1708,0.220465
1709,0.220465
1710,0.220464
1711,0.220463
1712,0.220462
1713,0.220461
1714,0.22046
1715,0.22046
1716,0.220459
1717,0.220458
1718,0.220457
1719,0.220456
1720,0.220455
1721,0.220454
1722,0.220452
1723,0.220452
1724,0.220451
1725,0.220451
1726,0.220449
1727,0.220448
1728,0.220447
1729,0.220445
1730,0.220444
1731,0.220443
1732,0.220443
1733,0.220441
1734,0.220441
1735,0.22044
1736,0.220439
1737,0.220438
1738,0.220437
1739,0.220435
1740,0.220435
1741,0.220434
1742,0.220432
1743,0.220431
1744,0.22043
1745,0.220429
1746,0.220428
1747,0.220427
1748,0.220425
1749,0.220425
1750,0.220423
1751,0.220422
1752,0.220421
1753,0.22042
1754,0.220419
1755,0.220417
1756,0.220417
1757,0.220416
1758,0.220415
1759,0.220414
1760,0.220412
1761,0.220411
1762,0.22041
1763,0.220409
1764,0.220407
1765,0.220407
1766,0.220406
1767,0.220404
1768,0.220404
1769,0.220403
1770,0.220401
1771,0.220401
1772,0.220399
1773,0.220398
1774,0.220397
1775,0.220396
1776,0.220394
1777,0.220394
1778,0.220393
1779,0.220391
1780,0.220391
1781,0.220389
1782,0.220388
1783,0.220387
1784,0.220386
1785,0.220384
1786,0.220384
1787,0.220383
1788,0.220381
1789,0.220381
1790,0.220379
1791,0.220378
1792,0.220378
1793,0.220376
1794,0.220375
1795,0.220374
1796,0.220372
1797,0.220372
1798,0.22037
1799,0.22037
1800,0.220369
1801,0.220367
1802,0.220367
1803,0.220366
1804,0.220364
1805,0.220364
1806,0.220362
1807,0.220361
1808,0.22036
1809,0.220358
1810,0.220358
1811,0.220356
1812,0.220356
1813,0.220354
1814,0.220353
1815,0.220352
1816,0.220351
1817,0.22035
1818,0.220349
1819,0.220348
1820,0.220347
1821,0.220345
1822,0.220345
1823,0.220343
1824,0.220343
1825,0.220342
1826,0.220341
1827,0.22034
1828,0.220339
1829,0.220338
1830,0.220337
1831,0.220336
1832,0.220335
1833,0.220333
1834,0.220333
1835,0.220331
1836,0.220331
1837,0.22033
1838,0.220329
1839,0.220328
1840,0.220326
1841,0.220326
1842,0.220324
1843,0.220324
1844,0.220322
1845,0.220322
1846,0.22032
1847,0.22032
1848,0.220319
1849,0.220317
1850,0.220317
1851,0.220316
1852,0.220315
1853,0.220314
1854,0.220313
1855,0.220312
1856,0.220311
1857,0.22031
1858,0.220309
1859,0.220308
1860,0.220307
1861,0.220305
1862,0.220304
1863,0.220303
1864,0.220303
1865,0.220301
1866,0.2203
1867,0.220299
1868,0.220299
1869,0.220297
1870,0.220297
1871,0.220295
1872,0.220294
1873,0.220294
1874,0.220293
1875,0.220291
1876,0.22029
1877,0.220289
1878,0.220288
1879,0.220287
1880,0.220286
1881,0.220285
1882,0.220284
1883,0.220283
1884,0.220282
1885,0.220281
1886,0.220281
1887,0.220279
1888,0.220279
1889,0.220278
1890,0.220278
1891,0.220276
1892,0.220276
1893,0.220274
1894,0.220274
1895,0.220273
1896,0.220272
1897,0.220271
1898,0.22027
1899,0.220269
1900,0.220269
1901,0.220267
1902,0.220267
1903,0.220265
1904,0.220265
1905,0.220264
1906,0.220263
1907,0.220262
1908,0.220261
1909,0.22026
1910,0.220259
1911,0.220259
1912,0.220258
1913,0.220257
1914,0.220256
1915,0.220255
1916,0.220254
1917,0.220253
1918,0.220252
1919,0.220251
1920,0.22025
1921,0.220249
1922,0.220249
1923,0.220248
1924,0.220247
1925,0.220246
1926,0.220246
1927,0.220244
1928,0.220244
1929,0.220243
1930,0.220242
1931,0.220241
1932,0.22024
1933,0.220239
1934,0.220238
1935,0.220237
1936,0.220237
1937,0.220236
1938,0.220235
1939,0.220234
1940,0.220234
1941,0.220232
1942,0.220232
1943,0.220231
1944,0.220229
1945,0.220229
1946,0.220228
1947,0.220227
1948,0.220226
1949,0.220225
1950,0.220225
1951,0.220224
1952,0.220223
1953,0.220222
1954,0.220221
1955,0.220221
1956,0.22022
1957,0.220219
1958,0.220218
1959,0.220218
1960,0.220216
1961,0.220216
1962,0.220215
1963,0.220214
1964,0.220213
1965,0.220212
1966,0.220211
1967,0.220211
1968,0.22021
1969,0.220209
1970,0.220208
1971,0.220207
1972,0.220207
1973,0.220206
1974,0.220205
1975,0.220204
1976,0.220203
1977,0.220202
1978,0.220202
1979,0.2202
1980,0.2202
1981,0.220199
1982,0.220198
1983,0.220198
1984,0.220197
1985,0.220196
1986,0.220195
1987,0.220194
1988,0.220194
1989,0.220193
1990,0.220192
1991,0.220191
1992,0.22019
1993,0.220189
1994,0.220189
1995,0.220188
1996,0.220187
1997,0.220187
1998,0.220186
1999,0.220185
2000,0.220184
2001,0.220183
2002,0.220183
2003,0.220182
2004,0.220181
2005,0.220181
2006,0.22018
2007,0.220179
2008,0.220178
2009,0.220177
2010,0.220177
2011,0.220176
2012,0.220176
2013,0.220175
2014,0.220174
2015,0.220174
2016,0.220173
2017,0.220172
2018,0.220172
2019,0.22017
2020,0.22017
2021,0.220169
2022,0.220168
2023,0.220168
2024,0.220167
2025,0.220166
2026,0.220165
2027,0.220165
2028,0.220164
2029,0.220163
2030,0.220163
2031,0.220162
2032,0.220161
2033,0.22016
2034,0.22016
2035,0.220159
2036,0.220158
2037,0.220157
2038,0.220156
2039,0.220155
2040,0.220155
2041,0.220154
2042,0.220188
2043,0.220184
2044,0.220164
2045,0.220152
2046,0.220142
2047,0.220139
2048,0.220138
2049,0.220139
2050,0.220139
2051,0.22014
2052,0.22014
2053,0.220139
2054,0.22014
2055,0.220139
2056,0.220139
2057,0.220138
2058,0.220137
2059,0.220137
2060,0.220136
2061,0.220136
2062,0.220135
2063,0.220134
2064,0.220133
2065,0.220133
2066,0.220132
2067,0.220132
2068,0.220131
2069,0.22013
2070,0.22013
2071,0.220129
2072,0.220129
2073,0.220128
2074,0.220127
2075,0.220126
2076,0.220126
2077,0.220125
2078,0.220125
2079,0.220124
2080,0.220123
2081,0.220123
2082,0.220122
2083,0.220121
2084,0.220121
2085,0.22012
2086,0.22012
2087,0.220119
2088,0.220118
2089,0.220118
2090,0.220117
2091,0.220117
2092,0.220116
2093,0.220115
2094,0.220114
2095,0.220114
2096,0.220113
2097,0.220112
2098,0.220111
2099,0.220111
2100,0.22011
2101,0.22011
2102,0.220109
2103,0.220108
2104,0.220108
2105,0.220107
2106,0.220106
2107,0.220106
2108,0.220105
2109,0.220105
2110,0.220104
2111,0.220103
2112,0.220102
2113,0.220102
2114,0.220101
2115,0.2201
2116,0.2201
2117,0.220099
2118,0.220099
2119,0.220098
2120,0.220097
2121,0.220096
2122,0.220095
2123,0.220095
2124,0.220094
2125,0.220093
2126,0.220093
2127,0.220092
2128,0.220092
2129,0.220091
2130,0.22009
2131,0.22009
2132,0.218102
2133,0.216441
2134,0.221496
2135,0.224911
2136,0.223679
2137,0.221842
2138,0.217672
2139,0.217069
2140,0.219154
2141,0.220464
2142,0.220335
2143,0.220232
2144,0.220119
2145,0.219999
2146,0.219964
2147,0.219948
2148,0.219943
2149,0.219932
2150,0.219929
2151,0.219925
2152,0.219924
2153,0.219925
2154,0.219926
2155,0.219929
2156,0.219931
2157,0.219933
2158,0.219937
2159,0.219939
2160,0.219943
2161,0.219945
2162,0.219947
2163,0.21995
2164,0.219952
2165,0.219955
2166,0.219957
2167,0.219959
2168,0.21996
2169,0.219961
2170,0.219964
2171,0.219965
2172,0.219966
2173,0.219968
2174,0.219969
2175,0.21997
2176,0.21997
2177,0.219971
2178,0.219971
2179,0.219971
2180,0.219972
2181,0.219972
2182,0.219972
2183,0.219972
2184,0.219972
2185,0.219972
2186,0.219971
2187,0.219972
2188,0.219971
2189,0.219971
2190,0.219971
2191,0.21997
2192,0.21997
2193,0.21997
2194,0.219969
2195,0.219968
2196,0.219968
2197,0.219967
2198,0.219966
2199,0.219966
2200,0.219965
2201,0.219964
2202,0.219964
2203,0.219964
2204,0.219963
2205,0.219962
2206,0.219962
2207,0.219961
2208,0.21996
2209,0.219959
2210,0.219958
2211,0.219958
2212,0.219957
2213,0.219956
2214,0.219955
2215,0.219955
2216,0.219954
2217,0.219953
2218,0.219953
2219,0.219952
2220,0.219951
2221,0.219951
2222,0.21995
2223,0.219949
2224,0.219948
2225,0.219948
2226,0.219947
2227,0.219946
2228,0.219945
2229,0.219945
2230,0.219944
2231,0.219943
2232,0.219943
2233,0.219942
2234,0.219941
2235,0.21994
2236,0.21994
2237,0.219939
2238,0.219938
2239,0.219938
2240,0.219338
2241,0.219456
2242,0.219652
2243,0.219725
2244,0.219853
2245,0.219907
2246,0.219953
2247,0.220009
2248,0.220027
2249,0.22005
2250,0.220057
2251,0.220065
2252,0.220066
2253,0.220067
2254,0.220066
2255,0.220062
2256,0.22006
2257,0.220058
2258,0.220004
2259,0.220051
2260,0.220048
2261,0.219707
2262,0.219822
2263,0.219858
2264,0.219906
2265,0.21992
2266,0.219934
2267,0.219957
2268,0.219965
2269,0.219971
2270,0.219977
2271,0.219981
2272,0.219985
2273,0.219986
2274,0.219987
2275,0.219987
2276,0.219987
2277,0.219985
2278,0.219984
2279,0.219982
2280,0.219981
2281,0.219979
2282,0.219978
2283,0.219975
2284,0.219974
2285,0.219973
2286,0.219971
2287,0.21997
2288,0.219968
2289,0.219967
2290,0.219966
2291,0.219964
2292,0.219963
2293,0.219961
2294,0.219961
2295,0.219959
2296,0.219958
2297,0.219957
2298,0.219956
2299,0.219955
2300,0.219954
2301,0.219953
2302,0.219952
2303,0.219951
2304,0.21995
2305,0.21995
2306,0.219948
2307,0.219948
2308,0.219947
2309,0.219946
2310,0.219945
2311,0.219945
2312,0.219944
2313,0.219943
2314,0.219943
2315,0.219942
2316,0.219941
2317,0.21994
2318,0.21994
2319,0.219939
2320,0.219938
2321,0.219937
2322,0.219937
2323,0.219936
2324,0.219935
2325,0.219935
2326,0.219934
2327,0.219934
2328,0.219933
2329,0.219932
2330,0.219932
2331,0.219931
2332,0.219925
2333,0.219921
2334,0.219925
2335,0.219926
2336,0.219928
2337,0.219929
2338,0.219929
2339,0.219928
2340,0.219928
2341,0.219927
2342,0.219927
2343,0.21993
2344,0.219932
2345,0.219929
2346,0.219927
2347,0.219924
2348,0.219923
2349,0.219922
2350,0.219921
2351,0.21992
2352,0.219919
2353,0.219919
2354,0.219918
2355,0.219918
2356,0.219917
2357,0.219916
2358,0.219916
2359,0.219915
2360,0.219914
2361,0.219913
2362,0.219913
2363,0.219912
2364,0.219912
2365,0.219911
2366,0.21991
2367,0.21991
2368,0.219909
2369,0.219908
2370,0.219908
2371,0.219907
2372,0.219907
2373,0.219906
2374,0.219906
2375,0.219905
2376,0.219904
2377,0.219904
2378,0.219903
2379,0.219903
2380,0.219902
2381,0.219901
2382,0.219901
2383,0.219901
2384,0.2199
2385,0.219899
2386,0.219899
2387,0.219898
2388,0.219897
2389,0.219897
2390,0.219896
2391,0.219896
2392,0.219895
2393,0.219895
2394,0.219894
2395,0.219893
2396,0.219893
2397,0.219892
2398,0.219892
2399,0.219891
2400,0.219891
2401,0.21989
2402,0.219889
2403,0.219889
2404,0.219888
2405,0.219887
2406,0.219887
2407,0.219886
2408,0.219886
2409,0.219885
2410,0.219885
2411,0.219884
2412,0.219884
2413,0.219883
2414,0.219883
2415,0.219882
2416,0.219882
2417,0.219881
2418,0.219881
2419,0.21988
2420,0.21988
2421,0.219879
2422,0.219878
2423,0.219878
2424,0.219877
2425,0.219877
2426,0.219876
2427,0.219876
2428,0.219875
2429,0.219875
2430,0.219874
2431,0.219874
2432,0.219873
2433,0.219872
2434,0.219872
2435,0.219871
2436,0.219871
2437,0.21987
2438,0.21987
2439,0.219869
2440,0.219869
2441,0.219868
2442,0.219867
2443,0.219867
2444,0.219867
2445,0.219866
2446,0.219866
2447,0.219865
2448,0.219865
2449,0.219864
2450,0.219864
2451,0.219863
2452,0.219863
2453,0.219862
2454,0.219861
2455,0.219861
2456,0.219861
2457,0.21986
2458,0.21986
2459,0.219859
2460,0.219859
2461,0.219858
2462,0.219858
2463,0.219857
2464,0.219857
2465,0.219856
2466,0.219856
2467,0.219855
2468,0.219855
2469,0.219854
2470,0.219854
2471,0.219853
2472,0.219853
2473,0.219852
2474,0.219852
2475,0.219851
2476,0.219851
2477,0.21985
2478,0.21985
2479,0.219849
2480,0.219849
2481,0.219848
2482,0.219848
2483,0.219848
2484,0.219847
2485,0.219847
2486,0.219846
2487,0.219846
2488,0.219845
2489,0.219845
2490,0.219844
2491,0.219844
2492,0.219843
2493,0.219843
2494,0.219842
2495,0.219842
2496,0.219841
2497,0.219841
2498,0.21984
2499,0.21984
2500,0.21984
2501,0.219839
2502,0.219839
2503,0.219838
2504,0.219838
2505,0.219837
2506,0.219837
2507,0.219836
2508,0.219836
2509,0.219836
2510,0.219835
2511,0.219835
2512,0.219834
2513,0.219834
2514,0.219833
2515,0.219833
2516,0.219832
2517,0.219832
2518,0.219831
2519,0.219831
2520,0.21983
2521,0.21983
2522,0.219829
2523,0.219829
2524,0.219828
2525,0.219828
2526,0.219828
2527,0.219827
2528,0.219826
2529,0.219826
2530,0.219826
2531,0.219825
2532,0.219825
2533,0.219824
2534,0.219824
2535,0.219823
2536,0.219823
2537,0.219823
2538,0.219822
2539,0.219821
2540,0.219821
2541,0.21982
2542,0.21982
2543,0.21982
2544,0.219819
2545,0.219819
2546,0.219818
2547,0.219818
2548,0.219818
2549,0.219817
2550,0.219817
2551,0.219817
2552,0.219816
2553,0.219816
2554,0.219815
2555,0.219815
2556,0.219815
2557,0.219814
2558,0.219814
2559,0.219813
2560,0.219813
2561,0.219813
2562,0.219812
2563,0.219812
2564,0.219811
2565,0.219811
2566,0.21981
2567,0.21981
2568,0.21981
2569,0.219809
2570,0.219809
2571,0.219808
2572,0.219808
2573,0.219808
2574,0.219807
2575,0.219807
2576,0.219807
2577,0.219806
2578,0.219806
2579,0.219806
2580,0.219805
2581,0.219805
2582,0.219804
2583,0.219804
2584,0.219803
2585,0.219803
2586,0.219803
2587,0.219802
2588,0.219802
2589,0.219802
2590,0.219801
2591,0.219801
2592,0.219801
2593,0.2198
2594,0.2198
2595,0.219799
2596,0.219799
2597,0.219798
2598,0.219797
2599,0.219797
2600,0.219796
2601,0.219795
2602,0.219794
2603,0.219794
2604,0.219793
2605,0.219792
2606,0.219791
2607,0.219791
2608,0.219789
2609,0.219788
2610,0.219787
2611,0.219786
2612,0.219784
2613,0.219783
2614,0.219782
2615,0.219781
2616,0.219779
2617,0.219777
2618,0.219774
2619,0.219773
2620,0.219771
2621,0.219769
2622,0.219767
2623,0.219766
2624,0.219765
2625,0.219762
2626,0.219761
2627,0.219759
2628,0.219758
2629,0.219755
2630,0.219752
2631,0.219749
2632,0.219748
2633,0.219746
2634,0.219744
2635,0.219741
2636,0.219739
2637,0.219737
2638,0.219735
2639,0.219732
2640,0.219728
2641,0.219726
2642,0.219724
2643,0.219721
2644,0.219719
2645,0.219716
2646,0.219712
2647,0.219708
2648,0.219706
2649,0.219702
2650,0.2197
2651,0.219695
2652,0.219693
2653,0.219688
2654,0.219686
2655,0.219683
2656,0.219678
2657,0.219676
2658,0.219673
2659,0.219668
2660,0.219666
2661,0.21966
2662,0.219658
2663,0.219652
2664,0.219647
2665,0.219644
2666,0.219641
2667,0.219638
2668,0.219633
2669,0.21963
2670,0.219627
2671,0.219621
2672,0.219618
2673,0.219612
2674,0.219606
2675,0.219602
2676,0.219596
2677,0.219593
2678,0.21959
2679,0.219586
2680,0.219583
2681,0.219576
2682,0.219573
2683,0.219566
2684,0.219563
2685,0.219559
2686,0.219552
2687,0.219549
2688,0.219542
2689,0.219538
2690,0.219531
2691,0.219527
2692,0.219523
2693,0.219516
2694,0.219512
2695,0.219504
2696,0.219501
2697,0.219497
2698,0.219489
2699,0.219481
2700,0.219477
2701,0.219469
2702,0.219465
2703,0.219461
2704,0.219453
2705,0.219449
2706,0.21944
2707,0.219436
2708,0.219428
2709,0.219419
2710,0.219415
2711,0.219406
2712,0.219402
2713,0.219393
2714,0.219389
2715,0.219385
2716,0.219376
2717,0.219371
2718,0.219367
2719,0.219362
2720,0.219358
2721,0.219353
2722,0.219344
2723,0.219339
2724,0.21933
2725,0.219326
2726,0.219321
2727,0.219312
2728,0.219307
2729,0.219302
2730,0.219293
2731,0.219288
2732,0.219278
2733,0.219273
2734,0.219264
2735,0.219264
2736,0.219254
2737,0.219249
2738,0.219244
2739,0.219234
2740,0.219229
2741,0.219225
2742,0.21922
2743,0.21921
2744,0.219205
2745,0.2192
2746,0.219195
2747,0.219185
2748,0.21918
2749,0.219169
2750,0.219164
2751,0.219154
2752,0.219144
2753,0.219134
2754,0.219128
2755,0.219123
2756,0.219113
2757,0.219108
2758,0.219097
2759,0.219092
2760,0.219087
2761,0.219077
2762,0.219071
2763,0.219066
2764,0.219061
2765,0.219056
2766,0.219045
2767,0.21904
2768,0.219035
2769,0.219029
2770,0.219019
2771,0.219013
2772,0.219003
2773,0.218998
2774,0.218987
2775,0.218982
2776,0.218971
2777,0.218966
2778,0.21896
2779,0.21895
2780,0.218939
2781,0.218934
2782,0.218923
2783,0.218913
2784,0.218902
2785,0.218897
2786,0.218892
2787,0.218881
2788,0.218876
2789,0.218865
2790,0.21886
2791,0.218849
2792,0.218844
2793,0.218833
2794,0.218828
2795,0.218818
2796,0.218812
2797,0.218802
2798,0.218797
2799,0.218791
2800,0.218781
2801,0.218776
2802,0.218765
2803,0.21876
2804,0.21875
2805,0.218745
2806,0.218734
2807,0.218728
2808,0.218724
2809,0.218714
2810,0.218709
2811,0.218699
2812,0.218688
2813,0.218683
2814,0.218673
2815,0.218668
2816,0.218657
2817,0.218652
2818,0.218647
2819,0.218643
2820,0.218638
2821,0.218633
2822,0.218628
2823,0.218618
2824,0.218608
2825,0.218598
2826,0.218594
2827,0.218584
2828,0.218579
2829,0.218574
2830,0.21857
2831,0.21856
2832,0.218556
2833,0.218551
2834,0.218546
2835,0.218537
2836,0.218532
2837,0.218523
2838,0.219658
2839,0.218509
2840,0.218505
2841,0.221606
2842,0.218479
2843,0.208118
2844,0.206707
2845,0.213263
2846,0.222064
2847,0.221325
2848,0.212856
2849,0.204252
2850,0.206878
2851,0.222134
2852,0.221911
2853,0.223704
2854,0.207478
2855,0.201698
2856,0.208567
2857,0.221213
2858,0.2194
2859,0.212663
2860,0.196485
2861,0.19831
2862,0.217457
2863,0.215396
2864,0.220673
2865,0.197702
2866,0.177431
2867,0.210997
2868,0.224862
2869,0.235051
2870,0.19345
2871,0.151594
2872,0.200147
2873,0.201901
2874,0.223214
2875,0.225184
2876,0.194289
2877,0.169627
2878,0.201305
2879,0.257898
2880,0.273779
2881,0.172968
2882,0.161332
2883,0.176935
2884,0.260923
2885,0.285533
2886,0.181362
2887,0.160633
2888,0.191261
2889,0.270486
2890,0.238135
2891,0.206757
2892,0.183323
2893,0.162865
2894,0.254484
2895,0.303789
2896,0.238121
2897,0.191725
2898,0.188333
2899,0.238106
2900,0.264359
2901,0.184435
2902,0.162498
2903,0.232613
2904,0.258938
2905,0.227165
2906,0.187319
2907,0.196149
2908,0.23484
2909,0.257861
2910,0.181298
2911,0.15904
2912,0.184914
2913,0.267152
2914,0.294542
2915,0.187103
2916,0.170737
2917,0.23215
2918,0.281316
2919,0.191942
2920,0.164723
2921,0.231299
2922,0.287197
2923,0.193466
2924,0.154852
2925,0.228763
2926,0.270484
2927,0.250526
2928,0.194926
2929,0.196646
2930,0.200785
2931,0.238584
2932,0.233848
2933,0.174299
2934,0.163636
2935,0.19283
2936,0.264395
2937,0.21318
2938,0.166892
2939,0.177431
2940,0.252367
2941,0.306532
2942,0.189704
2943,0.156871
2944,0.177172
2945,0.27465
2946,0.236449
2947,0.179854
2948,0.176474
2949,0.245242
2950,0.260866
2951,0.221131
2952,0.185069
2953,0.205994
2954,0.230513
2955,0.238851
2956,0.188314
2957,0.152263
2958,0.213146
2959,0.244332
2960,0.2502
2961,0.232288
2962,0.175055
2963,0.168032
2964,0.226202
2965,0.254391
2966,0.211896
2967,0.163262
2968,0.174731
2969,0.23017
2970,0.250431
2971,0.215649
2972,0.171021
2973,0.2146
2974,0.223294
2975,0.231473
2976,0.217447
2977,0.205097
2978,0.217637
2979,0.211296
2980,0.23124
2981,0.226332
2982,0.203656
2983,0.197713
2984,0.239314
2985,0.240078
2986,0.211644
2987,0.203722
2988,0.220931
2989,0.244511
2990,0.223267
2991,0.189882
2992,0.204093
2993,0.242671
2994,0.249172
2995,0.221745
2996,0.183081
2997,0.20523
2998,0.23998
2999,0.225224
3000,0.175164
3001,0.173896
3002,0.221447
3003,0.231713
3004,0.192704
3005,0.132449
3006,0.12784
3007,0.189633
3008,0.282236
3009,0.306712
3010,0.234992
3011,0.149707
3012,0.200508
3013,0.246564
3014,0.261325
3015,0.206703
3016,0.174951
3017,0.192438
3018,0.254818
3019,0.281953
3020,0.248273
3021,0.205334
3022,0.211114
3023,0.228115
3024,0.235989
3025,0.235028
3026,0.234988
3027,0.224875
3028,0.220033
3029,0.221155
3030,0.239394
3031,0.246698
3032,0.244237
3033,0.219215
3034,0.210112
3035,0.236351
3036,0.249774
3037,0.235459
3038,0.22372
3039,0.231701
3040,0.245227
3041,0.250118
3042,0.242503
3043,0.223396
3044,0.226339
3045,0.234503
3046,0.244828
3047,0.248266
3048,0.235773
3049,0.228725
3050,0.232826
3051,0.249228
3052,0.255675
3053,0.240562
3054,0.232556
3055,0.242626
3056,0.250215
3057,0.251687
3058,0.245591
3059,0.245417
3060,0.248603
3061,0.254629
3062,0.254709
3063,0.252919
3064,0.25125
3065,0.252087
3066,0.257007
3067,0.257786
3068,0.256881
3069,0.255561
3070,0.256005
3071,0.259322
3072,0.260803
3073,0.260274
3074,0.257602
3075,0.256775
3076,0.262046
3077,0.264816
3078,0.262275
3079,0.260072
3080,0.260115
3081,0.265451
3082,0.26867
3083,0.264276
3084,0.261783
3085,0.265251
3086,0.268427
3087,0.271584
3088,0.271879
3089,0.270635
3090,0.270491
3091,0.271174
3092,0.274159
3093,0.275684
3094,0.276526
3095,0.278974
3096,0.280336
3097,0.281125
3098,0.28096
3099,0.282505
3100,0.284916
3101,0.289908
3102,0.292715
3103,0.291034
3104,0.289378
3105,0.290296
3106,0.294052
3107,0.300252
3108,0.302267
3109,0.301024
3110,0.298379
3111,0.298113
3112,0.306884
3113,0.311365
3114,0.309401
3115,0.307233
3116,0.311656
3117,0.316622
3118,0.318783
3119,0.316132
3120,0.314916
3121,0.321062
3122,0.326722
3123,0.326241
3124,0.324795
3125,0.327183
3126,0.3328
3127,0.340616
3128,0.342516
3129,0.335317
3130,0.333654
3131,0.358913
3132,0.372779
3133,0.375488
3134,0.359348
3135,0.338131
3136,0.351735
3137,0.367436
3138,0.394477
3139,0.390579
3140,0.381431
3141,0.372385
3142,0.388404
3143,0.403204
3144,0.416392
3145,0.413651
3146,0.403024
3147,0.397069
3148,0.39962
3149,0.427485
3150,0.44219
3151,0.436823
3152,0.428182
3153,0.426628
3154,0.448823
3155,0.460174
3156,0.460917
3157,0.457899
3158,0.458259
3159,0.460168
3160,0.47422
3161,0.481162
3162,0.483745
3163,0.48239
3164,0.480767
3165,0.487161
3166,0.491733
3167,0.497635
3168,0.500784
3169,0.50247
3170,0.507915
3171,0.510719
3172,0.514759
3173,0.516517
3174,0.521054
3175,0.523443
3176,0.526623
3177,0.530503
3178,0.532767
3179,0.535895
3180,0.540436
3181,0.542868
3182,0.546062
3183,0.549716
3184,0.551069
3185,0.55206
3186,0.553044
3187,0.553794
3188,0.554043
3189,0.554186
3190,0.554506
3191,0.554774
3192,0.555801
3193,0.556373
3194,0.557518
3195,0.558069
3196,0.559118
3197,0.559619
3198,0.560002
3199,0.56055
3200,0.560787
3201,0.561055
3202,0.56136
3203,0.562077
3204,0.562449
3205,0.562851
3206,0.563785
3207,0.564728
3208,0.565178
3209,0.56597
3210,0.56635
3211,0.566716
3212,0.567404
3213,0.567744
3214,0.568469
3215,0.568878
3216,0.569756
3217,0.570202
3218,0.570629
3219,0.571036
3220,0.571429
3221,0.572102
3222,0.572411
3223,0.572824
3224,0.572956
3225,0.573108
3226,0.57337
3227,0.573657
3228,0.574102
3229,0.574342
3230,0.574966
3231,0.575291
3232,0.575598
3233,0.575885
3234,0.576189
3235,0.576696
3236,0.576964
3237,0.576972
3238,0.576962
3239,0.57695
3240,0.576956
3241,0.577015
3242,0.577054
3243,0.576066
3244,0.575472
3245,0.575215
3246,0.573448
3247,0.572682
3248,0.571408
3249,0.570741
3250,0.569062
3251,0.568093
3252,0.566333
3253,0.565211
3254,0.563769
3255,0.561234
3256,0.559924
3257,0.559438
3258,0.559316
3259,0.557743
3260,0.556737
3261,0.55609
3262,0.555941
3263,0.554549
3264,0.553598
3265,0.552893
3266,0.553071
3267,0.553246
3268,0.551894
3269,0.550938
3270,0.550864
3271,0.551077
3272,0.550227
3273,0.549476
3274,0.548959
3275,0.549374
3276,0.549631
3277,0.548007
3278,0.54688
3279,0.546612
3280,0.547836
3281,0.548429
3282,0.546622
3283,0.545251
3284,0.545414
3285,0.545792
3286,0.545817
3287,0.545388
3288,0.544633
3289,0.544419
3290,0.54429
3291,0.544102
3292,0.543693
3293,0.54352
3294,0.543244
3295,0.543035
3296,0.542696
3297,0.542523
3298,0.542498
3299,0.542475
3300,0.542244
3301,0.542072
3302,0.542043
3303,0.542199
3304,0.542287
3305,0.542188
3306,0.542081
3307,0.542343
3308,0.542505
3309,0.542493
3310,0.542397
3311,0.5426
3312,0.542881
3313,0.542988
3314,0.542973
3315,0.542964
3316,0.543005
3317,0.543226
3318,0.543331
3319,0.543394
3320,0.543381
3321,0.543522
3322,0.543903
3323,0.544075
3324,0.544207
3325,0.544247
3326,0.544549
3327,0.544754
3328,0.545296
3329,0.545523
3330,0.545732
3331,0.54579
3332,0.546239
3333,0.546487
3334,0.546321
3335,0.547076
3336,0.547269
3337,0.548042
3338,0.548414
3339,0.548655
3340,0.549005
3341,0.549194
3342,0.549416
3343,0.549526
3344,0.549524
3345,0.549361
3346,0.549389
3347,0.549468
3348,0.549207
3349,0.548696
3350,0.54825
3351,0.547328
3352,0.546859
3353,0.545929
3354,0.545461
3355,0.544525
3356,0.544053
3357,0.543284
3358,0.543241
3359,0.542993
3360,0.542518
3361,0.542287
3362,0.541855
3363,0.541653
3364,0.541469
3365,0.541618
3366,0.541758
3367,0.54103
3368,0.538789
3369,0.53651
3370,0.535299
3371,0.532166
3372,0.52911
3373,0.527701
3374,0.524358
3375,0.522522
3376,0.520795
3377,0.516748
3378,0.514785
3379,0.513232
3380,0.509474
3381,0.507276
3382,0.503533
3383,0.501349
3384,0.497161
3385,0.495007
3386,0.490269
3387,0.487504
3388,0.482318
3389,0.479609
3390,0.473443
3391,0.470236
3392,0.46371
3393,0.46038
3394,0.453351
3395,0.449748
3396,0.446324
3397,0.435027
3398,0.427595
3399,0.4091
3400,0.397003
3401,0.38792
3402,0.366868
3403,0.355668
3404,0.331075
3405,0.319697
3406,0.308443
3407,0.304833
3408,0.300833
3409,0.298586
3410,0.29411
3411,0.288823
3412,0.285561
3413,0.277617
3414,0.273787
3415,0.26774
3416,0.26503
3417,0.257388
3418,0.253097
3419,0.250116
3420,0.244732
3421,0.238639
3422,0.235077
3423,0.226479
3424,0.222354
3425,0.219954
3426,0.215804
3427,0.213314
3428,0.211338
3429,0.211233
3430,0.209795
3431,0.209055
3432,0.208075
3433,0.207673
3434,0.207143
3435,0.2069
3436,0.204983
3437,0.203928
3438,0.203482
3439,0.202337
3440,0.201685
3441,0.20145
3442,0.199602
3443,0.198735
3444,0.197816
3445,0.195958
3446,0.195024
3447,0.193282
3448,0.192405
3449,0.190313
3450,0.189233
3451,0.18877
3452,0.186479
3453,0.185564
3454,0.183206
3455,0.182017
3456,0.180246
3457,0.1794
3458,0.177086
3459,0.174769
3460,0.172724
3461,0.172318
3462,0.170465
3463,0.169823
3464,0.168608
3465,0.168033
3466,0.167472
3467,0.166268
3468,0.165651
3469,0.164436
3470,0.163836
3471,0.162578
3472,0.161939
3473,0.160714
3474,0.1601
3475,0.159494
3476,0.158175
3477,0.157507
3478,0.156285
3479,0.155686
3480,0.155048
3481,0.153675
3482,0.15238
3483,0.15204
3484,0.149904
3485,0.149274
3486,0.148561
3487,0.147168
3488,0.146497
3489,0.145895
3490,0.145305
3491,0.144677
3492,0.143307
3493,0.142701
3494,0.142175
3495,0.141913
3496,0.141671
3497,0.141446
3498,0.141788
3499,0.140765
3500,0.140536
3501,0.140131
3502,0.139936
3503,0.139026
3504,0.138455
3505,0.137942
3506,0.137465
3507,0.137274
3508,0.136653
3509,0.136318
3510,0.135824
3511,0.135633
3512,0.135269
3513,0.135089
3514,0.136104
3515,0.136784
3516,0.137999
3517,0.138506
3518,0.138952
3519,0.139808
3520,0.140316
3521,0.142085
3522,0.143041
3523,0.144404
3524,0.145047
3525,0.145756
3526,0.147459
3527,0.148386
3528,0.150407
3529,0.151396
3530,0.15317
3531,0.153959
3532,0.156076
3533,0.15699
3534,0.159395
3535,0.160236
3536,0.1621
3537,0.162769
3538,0.165141
3539,0.166264
3540,0.168436
3541,0.169447
3542,0.171695
3543,0.172833
3544,0.175325
3545,0.176547
3546,0.178955
3547,0.18012
3548,0.182679
3549,0.183958
3550,0.18535
3551,0.187948
3552,0.189253
3553,0.191989
3554,0.193349
3555,0.1963
3556,0.200492
3557,0.203736
3558,0.206728
3559,0.20816
3560,0.21142
3561,0.21504
3562,0.220928
3563,0.229191
3564,0.238828
3565,0.244962
3566,0.250306
3567,0.255034
3568,0.259436
3569,0.267869
3570,0.27596
3571,0.27989
3572,0.287341
3573,0.294617
3574,0.301697
3575,0.308556
3576,0.311946
3577,0.31867
3578,0.32283
3579,0.330981
3580,0.339279
3581,0.347602
3582,0.3518
3583,0.360663
3584,0.369364
3585,0.373539
3586,0.38154
3587,0.385531
3588,0.393233
3589,0.397136
3590,0.40466
3591,0.408427
3592,0.415413
3593,0.418735
3594,0.425141
3595,0.428327
3596,0.432056
3597,0.437114
3598,0.442583
3599,0.445215
3600,0.450266
3601,0.452789
3602,0.457826
3603,0.460319
3604,0.464925
3605,0.467179
3606,0.471607
3607,0.473788
3608,0.476427
3609,0.480142
3610,0.482651
3611,0.49208
3612,0.496847
3613,0.506456
3614,0.511207
3615,0.520288
3616,0.523077
3617,0.525619
3618,0.529684
3619,0.531549
3620,0.535045
3621,0.536761
3622,0.540166
3623,0.541746
3624,0.544636
3625,0.545943
3626,0.548144
3627,0.549214
3628,0.55033
3629,0.552498
3630,0.553576
3631,0.55467
3632,0.5564
3633,0.557241
3634,0.558966
3635,0.559843
3636,0.561898
3637,0.562874
3638,0.564412
3639,0.565006
3640,0.565574
3641,0.565925
3642,0.566579
3643,0.56696
3644,0.567711
3645,0.568468
3646,0.569983
3647,0.570688
3648,0.571855
3649,0.572497
3650,0.573741
3651,0.574242
3652,0.573741
3653,0.573542
3654,0.573455
3655,0.573196
3656,0.57249
3657,0.572126
3658,0.571313
3659,0.570906
3660,0.57084
3661,0.571015
3662,0.571039
3663,0.570763
3664,0.571316
3665,0.571824
3666,0.572824
3667,0.573338
3668,0.573981
3669,0.574572
3670,0.576011
3671,0.576249
3672,0.576398
3673,0.576545
3674,0.576828
3675,0.57689
3676,0.576921
3677,0.576999
3678,0.577056
3679,0.577108
3680,0.577123
3681,0.577178
3682,0.577193
3683,0.577268
3684,0.577384
3685,0.577459
3686,0.577481
3687,0.5775
3688,0.577509
3689,0.577525
3690,0.577593
3691,0.57763
3692,0.577678
3693,0.577685
3694,0.577675
3695,0.577672
3696,0.577672
3697,0.577687
3698,0.577708
3699,0.577733
3700,0.577755
3701,0.577773
3702,0.577768
3703,0.577758
3704,0.577729
3705,0.577717
3706,0.577715
3707,0.577718
3708,0.577713
3709,0.577702
3710,0.577673
3711,0.577656
3712,0.577628
3713,0.577603
3714,0.577565
3715,0.577544
3716,0.577515
3717,0.577474
3718,0.577464
3719,0.577417
3720,0.577387
3721,0.577364
3722,0.577315
3723,0.577268
3724,0.577246
3725,0.577234
3726,0.577213
3727,0.577178
3728,0.577156
3729,0.577139
3730,0.577131
3731,0.577102
3732,0.577077
3733,0.577041
3734,0.577008
3735,0.576976
3736,0.576906
3737,0.576872
3738,0.576836
3739,0.576829
3740,0.576738
3741,0.576703
3742,0.576623
3743,0.576584
3744,0.576543
3745,0.576503
3746,0.576417
3747,0.576371
3748,0.57632
3749,0.576266
3750,0.576156
3751,0.576101
3752,0.575991
3753,0.575935
3754,0.575816
3755,0.575756
3756,0.57563
3757,0.575559
3758,0.575488
3759,0.575364
3760,0.575331
3761,0.575221
3762,0.575184
3763,0.57508
3764,0.575024
3765,0.574985
3766,0.574837
3767,0.574785
3768,0.574691
3769,0.574645
3770,0.574564
3771,0.574544
3772,0.574523
3773,0.574494
3774,0.574476
3775,0.574469
3776,0.574445
3777,0.574431
3778,0.574402
3779,0.574388
3780,0.574371
3781,0.574352
3782,0.574317
3783,0.574249
3784,0.574219
3785,0.574172
3786,0.574147
3787,0.574121
3788,0.574091
3789,0.574045
3790,0.574005
3791,0.573985
3792,0.573934
3793,0.573909
3794,0.57386
3795,0.573841
3796,0.573822
3797,0.573802
3798,0.573764
3799,0.573556
3800,0.573119
3801,0.572587
3802,0.572116
3803,0.571317
3804,0.571428
3805,0.571518
3806,0.571443
3807,0.57103
3808,0.571219
3809,0.570434
3810,0.569846
3811,0.56869
3812,0.56817
3813,0.567676
3814,0.567178
3815,0.566696
3816,0.565737
3817,0.565251
3818,0.564266
3819,0.563306
3820,0.562288
3821,0.561731
3822,0.560693
3823,0.560167
3824,0.559634
3825,0.558603
3826,0.557927
3827,0.557332
3828,0.55604
3829,0.555364
3830,0.554679
3831,0.55399
3832,0.552601
3833,0.551895
3834,0.550685
3835,0.550076
3836,0.549465
3837,0.548939
3838,0.548437
3839,0.547407
3840,0.546573
3841,0.546202
3842,0.545814
3843,0.545032
3844,0.544632
3845,0.544595
3846,0.542683
3847,0.541145
3848,0.538075
3849,0.536297
3850,0.534606
3851,0.531047
3852,0.529186
3853,0.526895
3854,0.523245
3855,0.521108
3856,0.516641
3857,0.513816
3858,0.508123
3859,0.504464
3860,0.496354
3861,0.492973
3862,0.48931
3863,0.484111
3864,0.481456
3865,0.474945
3866,0.471075
3867,0.462977
3868,0.456161
3869,0.441341
3870,0.43338
3871,0.425556
3872,0.422255
3873,0.418186
3874,0.407942
3875,0.402129
3876,0.390474
3877,0.384375
3878,0.378197
3879,0.367138
3880,0.363648
3881,0.354744
3882,0.350086
3883,0.342513
3884,0.338967
3885,0.257882
3886,0.324521
3887,0.320064
3888,0.378148
3889,0.367925
3890,0.276958
3891,0.21809
3892,0.226433
3893,0.309387
3894,0.341347
3895,0.336647
3896,0.291437
3897,0.243183
3898,0.237735
3899,0.263921
3900,0.283723
3901,0.257136
3902,0.230567
3903,0.252057
3904,0.268651
3905,0.247676
3906,0.23173
3907,0.225672
3908,0.23487
3909,0.243042
3910,0.228787
3911,0.216357
3912,0.207947
3913,0.208176
3914,0.2147
3915,0.221825
3916,0.216784
3917,0.192714
3918,0.176136
3919,0.18782
3920,0.206158
3921,0.200876
3922,0.151269
3923,0.128385
3924,0.156091
3925,0.159709
3926,0.142676
3927,0.0580653
3928,0.0272437
3929,0.13305
3930,0.228749
3931,0.209756
3932,0.0354782
3933,0.014309
3934,0.0929697
3935,0.262498
3936,0.33618
3937,-0.0113531
3938,-0.0171792
3939,0.308577
3940,0.372958
3941,-0.00500941
3942,-0.243485
3943,-0.0710677
3944,0.352746
3945,0.265629
3946,-0.0118198
3947,-0.101654
3948,-0.0377397
3949,0.169106
3950,0.249681
3951,-0.133626
3952,-0.305351
3953,0.0976218
3954,0.292361
3955,-0.0527003
3956,-0.330699
3957,-0.120479
3958,0.21167
3959,-0.0568898
3960,-0.180093
3961,-0.204927
3962,-0.165481
3963,-0.0969859
3964,-0.0960387
3965,-0.0853317
3966,-0.00493032
3967,-0.138557
3968,-0.254738
3969,-0.193952
3970,-0.110829
3971,-0.0101737
3972,-0.146748
3973,-0.385537
3974,-0.453006
3975,-0.0508682
3976,0.166712
3977,-0.0235987
3978,-0.168699
3979,-0.45419
3980,-0.333883
3981,-0.14449
3982,0.0788806
3983,0.108252
3984,-0.313051
3985,-0.490133
3986,-0.353198
3987,-0.14773
3988,0.065626
3989,-0.0898739
3990,-0.446674
3991,-0.548254
3992,-0.325034
3993,-0.149525
3994,0.0287615
3995,0.0228971
3996,-0.421919
3997,-0.531918
3998,-0.500797
3999,-0.074793
4000,0.0945251
4001,0.0787247
4002,-0.288074
4003,-0.393277
4004,-0.398674
4005,-0.182815
4006,-0.0105258
4007,-0.0927913
4008,-0.24201
4009,-0.406695
4010,-0.438915
4011,-0.372961
4012,-0.00486338
4013,-0.0742458
4014,-0.319528
4015,-0.446644
4016,-0.440922
4017,-0.109316
4018,0.0592514
4019,-0.30315
4020,-0.447122
4021,-0.470721
4022,-0.280381
4023,0.00126195
4024,0.0196344
4025,-0.18192
4026,-0.460526
4027,-0.477811
4028,-0.478724
4029,-0.120851
4030,-0.0050779
4031,-0.339875
4032,-0.473924
4033,-0.501886
4034,-0.270452
4035,-0.0432079
4036,-0.155497
4037,-0.299123
4038,-0.530369
4039,-0.556749
4040,-0.180466
4041,0.0129032
4042,-0.337891
4043,-0.543522
4044,-0.442551
4045,-0.165805
4046,-0.0663725
4047,-0.194134
4048,-0.453355
4049,-0.556026
4050,-0.413751
4051,-0.125012
4052,-0.0405644
4053,-0.251125
4054,-0.399481
4055,-0.484454
4056,-0.474063
4057,-0.0915624
4058,-0.0400879
4059,-0.36896
4060,-0.559868
4061,-0.52553
4062,-0.0761178
4063,-0.0639932
4064,-0.35582
4065,-0.538662
4066,-0.307885
4067,-0.0954638
4068,-0.200947
4069,-0.342523
4070,-0.322617
4071,-0.1804
4072,-0.302201
4073,-0.406105
4074,-0.256684
4075,-0.125553
4076,-0.186011
4077,-0.268596
4078,-0.219061
4079,-0.163903
4080,-0.149223
4081,-0.193164
4082,-0.212357
4083,-0.163323
4084,-0.130624
4085,-0.150738
4086,-0.168508
4087,-0.154457
4088,-0.120553
4089,-0.112492
4090,-0.120665
4091,-0.125663
4092,-0.111965
4093,-0.103545
4094,-0.101294
4095,-0.108943
4096,-0.104759
4097,-0.100235
4098,-0.0947564
4099,-0.0940768
4100,-0.0941342
4101,-0.0903409
4102,-0.0861326
4103,-0.0777403
4104,-0.0732462
4105,-0.0677198
4106,-0.0634203
4107,-0.0598412
4108,-0.058094
4109,-0.0555288
4110,-0.0532752
4111,-0.0516401
4112,-0.0500538
4113,-0.0485589
4114,-0.0456041
4115,-0.0440681
4116,-0.0423963
4117,-0.0390702
4118,-0.0373597
4119,-0.0357589
4120,-0.0329263
4121,-0.0320564
4122,-0.0317654
4123,-0.0314971
4124,-0.0304068
4125,-0.0283485
4126,-0.0262761
4127,-0.0206017
4128,-0.0170287
4129,-0.00953591
4130,-0.00565821
4131,0.00242925
4132,0.00662285
4133,0.0122719
4134,0.0245294
4135,0.0306876
4136,0.0368817
4137,0.049185
4138,0.0554052
4139,0.067082
4140,0.0725144
4141,0.0831549
4142,0.0938407
4143,0.108052
4144,0.115738
4145,0.12348
4146,0.137727
4147,0.144901
4148,0.16202
4149,0.170789
4150,0.187064
4151,0.202676
4152,0.218722
4153,0.234888
4154,0.241766
4155,0.254075
4156,0.259568
4157,0.271584
4158,0.27763
4159,0.283216
4160,0.288305
4161,0.295823
4162,0.298548
4163,0.303942
4164,0.306622
4165,0.309288
4166,0.311938
4167,0.315337
4168,0.319823
4169,0.322439
4170,0.327674
4171,0.332914
4172,0.335533
4173,0.340795
4174,0.343207
4175,0.347844
4176,0.350155
4177,0.352453
4178,0.356806
4179,0.358856
4180,0.363046
4181,0.365121
4182,0.367248
4183,0.371107
4184,0.373201
4185,0.378291
4186,0.380735
4187,0.385286
4188,0.387572
4189,0.391426
4190,0.392672
4191,0.395055
4192,0.396504
4193,0.398998
4194,0.39979
4195,0.399424
4196,0.398326
4197,0.396783
4198,0.405295
4199,0.410223
4200,0.406103
4201,0.401925
4202,0.394958
4203,0.394794
4204,0.410477
4205,0.421172
4206,0.404706
4207,0.397814
4208,0.397296
4209,0.416349
4210,0.429656
4211,0.434204
4212,0.395643
4213,0.263128
4214,0.39425
4215,0.446439
4216,0.456642
4217,0.449447
4218,0.175479
4219,-0.335522
4220,-0.178432
4221,0.353646
4222,0.397294
4223,0.369243
4224,0.25292
4225,0.157968
4226,0.15888
4227,0.261115
4228,0.312445
4229,0.368995
4230,0.388393
4231,0.390083
4232,0.379989
4233,0.380102
4234,0.345016
4235,0.330974
4236,0.332294
4237,0.358042
4238,0.370583
4239,0.376327
4240,0.381717
4241,0.384098
4242,0.385
4243,0.385497
4244,0.394357
4245,0.399721
4246,0.410749
4247,0.416091
4248,0.426458
4249,0.431618
4250,0.442084
4251,0.447191
4252,0.456561
4253,0.460964
4254,0.465412
4255,0.475579
4256,0.48048
4257,0.484943
4258,0.487136
4259,0.486913
4260,0.501361
4261,0.508711
4262,0.514748
4263,0.515504
4264,0.524841
4265,0.529732
4266,0.535964
4267,0.543906
4268,0.546136
4269,0.553378
4270,0.554999
4271,0.557804
4272,0.559131
4273,0.561301
4274,0.56229
4275,0.563181
4276,0.56526
4277,0.566238
4278,0.567063
4279,0.568817
4280,0.569629
4281,0.571408
4282,0.573088
4283,0.573902
4284,0.575351
4285,0.576045
4286,0.576754
4287,0.578118
4288,0.578761
4289,0.579756
4290,0.579945
4291,0.58058
4292,0.580829
4293,0.580902
4294,0.581149
4295,0.581293
4296,0.581413
4297,0.581381
4298,0.581348
4299,0.581215
4300,0.581151
4301,0.581131
4302,0.581128
4303,0.581121
4304,0.580987
4305,0.580906
4306,0.580812
4307,0.580738
4308,0.580673
4309,0.58044
4310,0.58025
4311,0.580177
4312,0.580152
4313,0.580129
4314,0.579974
4315,0.579879
4316,0.579786
4317,0.579667
4318,0.579518
4319,0.579323
4320,0.579218
4321,0.579101
4322,0.579057
4323,0.578993
4324,0.57891
4325,0.578735
4326,0.578653
4327,0.578536
4328,0.578398
4329,0.578302
4330,0.577977
4331,0.577778
4332,0.577683
4333,0.577648
4334,0.577386
4335,0.577215
4336,0.576861
4337,0.576698
4338,0.576516
4339,0.576052
4340,0.575797
4341,0.575321
4342,0.575096
4343,0.574576
4344,0.5743
4345,0.573759
4346,0.573502
4347,0.573005
4348,0.572771
4349,0.572484
4350,0.57217
4351,0.571656
4352,0.571453
4353,0.570988
4354,0.570759
4355,0.570516
4356,0.570425
4357,0.570233
4358,0.570148
4359,0.570321
4360,0.570371
4361,0.570317
4362,0.570267
4363,0.570243
4364,0.570219
4365,0.570194
4366,0.570187
4367,0.56793
4368,0.566465
4369,0.563464
4370,0.561794
4371,0.559967
4372,0.55602
4373,0.553997
4374,0.549976
4375,0.547859
4376,0.543586
4377,0.541358
4378,0.539628
4379,0.537913
4380,0.534964
4381,0.532196
4382,0.530442
4383,0.52966
4384,0.527235
4385,0.525993
4386,0.524942
4387,0.524119
4388,0.522406
4389,0.521098
4390,0.520516
4391,0.519317
4392,0.518702
4393,0.517449
4394,0.516814
4395,0.515575
4396,0.514698
4397,0.511306
4398,0.507938
4399,0.500804
4400,0.497254
4401,0.489628
4402,0.484343
4403,0.473071
4404,0.466965
4405,0.453044
4406,0.444082
4407,0.429125
4408,0.42456
4409,0.415824
4410,0.411419
4411,0.404328
4412,0.396981
4413,0.392283
4414,0.387136
4415,0.37706
4416,0.366745
4417,0.361363
4418,0.356031
4419,0.345811
4420,0.331349
4421,0.324156
4422,0.309516
4423,0.293962
4424,0.277733
4425,0.269293
4426,0.257836
4427,0.253917
4428,0.24713
4429,0.243815
4430,0.239192
4431,0.23335
4432,0.229724
4433,0.233354
4434,0.22971
4435,0.214017
4436,0.208685
4437,0.198065
4438,0.192789
4439,0.186572
4440,0.184229
4441,0.180827
4442,0.176549
4443,0.156494
4444,0.139372
4445,0.135491
4446,0.12674
4447,0.122227
4448,0.118028
4449,0.111146
4450,0.107499
4451,0.101166
4452,0.0978744
4453,0.0879456
4454,0.0827482
4455,0.0785137
4456,0.0708522
4457,0.0655701
4458,0.0637521
4459,0.0608692
4460,0.0597607
4461,0.0580314
4462,0.0569725
4463,0.0555845
4464,0.053975
4465,0.0525728
4466,0.0500787
4467,0.0433002
4468,0.0394817
4469,0.0396409
4470,0.0403956
4471,0.0407985
4472,0.0415014
4473,0.0426632
4474,0.0432373
4475,0.0452435
4476,0.0464873
4477,0.048937
4478,0.0496029
4479,0.0502253
4480,0.0522722
4481,0.0512838
4482,0.0448463
4483,0.0297597
4484,0.0147068
4485,0.00574028
4486,0.00312603
4487,-0.00877887
4488,-0.0314782
4489,-0.056387
4490,-0.0669698
4491,-0.0661481
4492,-0.0490658
4493,-0.0439546
4494,-0.0706182
4495,-0.155421
4496,-0.187849
4497,-0.169102
4498,-0.00213617
4499,0.0442432
4500,-0.215946
4501,-0.376662
4502,-0.404768
4503,-0.0682524
4504,0.0715263
4505,-0.0209293
4506,-0.218813
4507,-0.461962
4508,-0.49549
4509,0.084452
4510,0.344911
4511,0.269999
4512,-0.457137
4513,-0.566281
4514,-0.176009
4515,0.194641
4516,-0.2712
4517,-0.504172
4518,-0.503268
4519,-0.0487595
4520,0.208579
4521,-0.188474
4522,-0.431136
4523,-0.4488
4524,-0.402106
4525,-0.0230623
4526,0.141689
4527,-0.380365
4528,-0.543546
4529,-0.539922
4530,-0.125005
4531,0.107674
4532,-0.187765
4533,-0.426389
4534,-0.512107
4535,-0.50572
4536,-0.302776
4537,-0.0144634
4538,-0.233095
4539,-0.469287
4540,-0.52183
4541,-0.476339
4542,-0.0882856
4543,0.0126973
4544,-0.347904
4545,-0.536414
4546,-0.504965
4547,-0.366987
4548,-0.102157
4549,-0.0890385
4550,-0.169052
4551,-0.570433
4552,-0.570013
4553,-0.53616
4554,-0.122847
4555,0.0399581
4556,-0.244351
4557,-0.570373
4558,-0.570909
4559,-0.570903
4560,-0.308649
4561,-0.190509
4562,-0.270676
4563,-0.42988
4564,-0.558441
4565,-0.527017
4566,-0.4447
4567,-0.299464
4568,-0.338404
4569,-0.51929
4570,-0.571269
4571,-0.567241
4572,-0.334168
4573,-0.114945
4574,-0.261237
4575,-0.440367
4576,-0.571797
4577,-0.551346
4578,-0.503935
4579,-0.446473
4580,-0.460598
4581,-0.491428
4582,-0.5301
4583,-0.530674
4584,-0.499098
4585,-0.490407
4586,-0.501519
4587,-0.565134
4588,-0.575695
4589,-0.530912
4590,-0.51118
4591,-0.51029
4592,-0.576235
4593,-0.576006
4594,-0.575984
4595,-0.547186
4596,-0.507659
4597,-0.508159
4598,-0.576076
4599,-0.576126
4600,-0.576359
4601,-0.575308
4602,-0.574295
4603,-0.569081
4604,-0.575644
4605,-0.576022
4606,-0.575734
4607,-0.574667
4608,-0.574619
4609,-0.575
4610,-0.575382
4611,-0.57533
4612,-0.57517
4613,-0.574962
4614,-0.574924
4615,-0.575041
4616,-0.575125
4617,-0.575015
4618,-0.574928
4619,-0.574854
4620,-0.574968
4621,-0.575031
4622,-0.575023
4623,-0.574861
4624,-0.574778
4625,-0.57481
4626,-0.574861
4627,-0.574835
4628,-0.574812
4629,-0.574776
4630,-0.574751
4631,-0.574742
4632,-0.57474
4633,-0.574725
4634,-0.574692
4635,-0.57468
4636,-0.574687
4637,-0.574689
4638,-0.574663
4639,-0.574642
4640,-0.57462
4641,-0.574605
4642,-0.574598
4643,-0.574581
4644,-0.574533
4645,-0.574512
4646,-0.574506
4647,-0.57451
4648,-0.574529
4649,-0.574543
4650,-0.574547
4651,-0.574562
4652,-0.574569
4653,-0.574581
4654,-0.574587
4655,-0.574595
4656,-0.574611
4657,-0.574626
4658,-0.574633
4659,-0.574639
4660,-0.574653
4661,-0.57466
4662,-0.574675
4663,-0.574682
4664,-0.574691
4665,-0.574706
4666,-0.574711
4667,-0.574661
4668,-0.574637
4669,-0.574586
4670,-0.57456
4671,-0.574491
4672,-0.574435
4673,-0.57432
4674,-0.574262
4675,-0.574209
4676,-0.574095
4677,-0.574039
4678,-0.573905
4679,-0.573816
4680,-0.573731
4681,-0.573569
4682,-0.573487
4683,-0.573315
4684,-0.57323
4685,-0.572368
4686,-0.559595
4687,-0.550654
4688,-0.540455
4689,-0.536518
4690,-0.534388
4691,-0.530191
4692,-0.528297
4693,-0.526312
4694,-0.522278
4695,-0.520147
4696,-0.515673
4697,-0.513332
4698,-0.510656
4699,-0.506347
4700,-0.503823
4701,-0.497977
4702,-0.494291
4703,-0.487114
4704,-0.478937
4705,-0.469839
4706,-0.464979
4707,-0.460129
4708,-0.454962
4709,-0.443335
4710,-0.437072
4711,-0.424303
4712,-0.410358
4713,-0.40298
4714,-0.384985
4715,-0.365715
4716,-0.345549
4717,-0.339989
4718,-0.336026
4719,-0.330527
4720,-0.323103
4721,-0.31926
4722,-0.316324
4723,-0.310515
4724,-0.307397
4725,-0.303967
4726,-0.297271
4727,-0.293878
4728,-0.287292
4729,-0.283575
4730,-0.279304
4731,-0.275093
4732,-0.267288
4733,-0.263376
4734,-0.254903
4735,-0.25057
4736,-0.246165
4737,-0.241968
4738,-0.233917
4739,-0.229769
4740,-0.220753
4741,-0.216435
4742,-0.209262
4743,-0.208291
4744,-0.207412
4745,-0.206624
4746,-0.206011
4747,-0.202336
4748,-0.20049
4749,-0.198719
4750,-0.195205
4751,-0.193394
4752,-0.189471
4753,-0.187511
4754,-0.185564
4755,-0.181955
4756,-0.174114
4757,-0.169942
4758,-0.165272
4759,-0.155944
4760,-0.151288
4761,-0.146665
4762,-0.137851
4763,-0.132945
4764,-0.12191
4765,-0.116222
4766,-0.11008
4767,-0.104469
4768,-0.0930251
4769,-0.0865694
4770,-0.0775558
4771,-0.0644238
4772,-0.0575309
4773,-0.0514994
4774,-0.0398393
4775,-0.0338417
4776,-0.0195024
4777,-0.0121064
4778,-0.00716162
4779,-0.00463158
4780,0.000223994
4781,0.0040772
4782,0.0111995
4783,0.0193346
4784,0.0251075
4785,0.0274538
4786,0.0312465
4787,0.0373649
4788,0.0423858
4789,0.0479049
4790,0.0541591
4791,0.0605325
4792,0.0635844
4793,0.0679607
4794,0.072683
4795,0.0756069
4796,0.0787663
4797,0.0847973
4798,0.0888029
4799,0.0891559
4800,0.0896699
4801,0.0910689
4802,0.0917522
4803,0.0922369
4804,0.0934936
4805,0.0942078
4806,0.0961236
4807,0.0963964
4808,0.0968484
4809,0.0998589
4810,0.101693
4811,0.103297
4812,0.105395
4813,0.105106
4814,0.104969
4815,0.105034
4816,0.103848
4817,0.10318
4818,0.102871
4819,0.102329
4820,0.0941576
4821,0.0857098
4822,0.0657377
4823,0.0410786
4824,0.0285726
4825,0.00738227
4826,-0.0248142
4827,-0.0809541
4828,-0.104623
4829,-0.120859
4830,-0.13736
4831,-0.164461
4832,-0.175788
4833,-0.186547
4834,-0.210766
4835,-0.249981
4836,-0.270939
4837,-0.291619
4838,-0.317686
4839,-0.385787
4840,-0.414799
4841,-0.431869
4842,-0.46381
4843,-0.508407
4844,-0.520665
4845,-0.5194
4846,-0.514942
4847,-0.513836
4848,-0.514636
4849,-0.51665
4850,-0.519655
4851,-0.532071
4852,-0.563649
4853,-0.570577
4854,-0.570565
4855,-0.570564
4856,-0.570654
4857,-0.570898
4858,-0.571101
4859,-0.571131
4860,-0.571095
4861,-0.571083
4862,-0.571078
4863,-0.570911
4864,-0.570885
4865,-0.570885
4866,-0.570785
4867,-0.570729
4868,-0.570667
4869,-0.570647
4870,-0.570638
4871,-0.570644
4872,-0.570647
4873,-0.570637
4874,-0.570629
4875,-0.570612
4876,-0.570598
4877,-0.570597
4878,-0.570616
4879,-0.570628
4880,-0.570676
4881,-0.570697
4882,-0.570717
4883,-0.570797
4884,-0.570832
4885,-0.570884
4886,-0.570907
4887,-0.570957
4888,-0.570996
4889,-0.571033
4890,-0.571045
4891,-0.571063
4892,-0.571082
4893,-0.571151
4894,-0.57125
4895,-0.571301
4896,-0.57126
4897,-0.57124
4898,-0.571278
4899,-0.571516
4900,-0.571656
4901,-0.571449
4902,-0.571374
4903,-0.571615
4904,-0.571913
4905,-0.571922
4906,-0.571529
4907,-0.571439
4908,-0.571549
4909,-0.572089
4910,-0.572107
4911,-0.571918
4912,-0.571696
4913,-0.571678
4914,-0.57187
4915,-0.572105
4916,-0.57213
4917,-0.571917
4918,-0.571818
4919,-0.571886
4920,-0.572066
4921,-0.572119
4922,-0.572057
4923,-0.572064
4924,-0.572112
4925,-0.572169
4926,-0.572236
4927,-0.572282
4928,-0.57235
4929,-0.572503
4930,-0.572565
4931,-0.57265
4932,-0.5727
4933,-0.572777
4934,-0.572922
4935,-0.572997
4936,-0.57304
4937,-0.573182
4938,-0.573244
4939,-0.573447
4940,-0.573556
4941,-0.573661
4942,-0.573715
4943,-0.573754
4944,-0.573495
4945,-0.574181
4946,-0.572392
4947,-0.571101
4948,-0.568076
4949,-0.566568
4950,-0.565199
4951,-0.563481
4952,-0.559026
4953,-0.556615
4954,-0.554062
4955,-0.548667
4956,-0.54248
4957,-0.538934
4958,-0.531591
4959,-0.522591
4960,-0.517692
4961,-0.512709
4962,-0.507725
4963,-0.496131
4964,-0.484665
4965,-0.478762
4966,-0.473858
4967,-0.460586
4968,-0.44551
4969,-0.437103
4970,-0.414108
4971,-0.374006
4972,-0.338285
4973,-0.120178
4974,-0.171026
4975,0.371446
4976,0.533724
4977,0.560185
4978,0.572279
4979,0.561882
4980,0.561204
4981,0.574398
4982,0.580387
4983,0.578706
4984,0.570819
4985,0.567741
4986,0.567971
4987,0.567096
4988,0.565471
4989,0.562245
4990,0.561206
4991,0.566219
4992,0.568246
4993,0.567492
4994,0.565849
4995,0.564889
4996,0.566537
4997,0.568048
4998,0.569177
4999,0.569687
5000,0.569874
5001,0.569651
5002,0.569438
5003,0.569239
5004,0.569278
5005,0.569508
5006,0.570416
5007,0.570891
5008,0.571847
5009,0.572807
5010,0.574589
5011,0.575324
5012,0.575981
5013,0.575474
5014,0.574741
5015,0.574689
5016,0.574625
5017,0.573853
5018,0.573463
5019,0.573307
5020,0.572693
5021,0.572088
5022,0.568714
5023,0.56687
5024,0.564634
5025,0.563621
5026,0.562165
5027,0.558657
5028,0.556997
5029,0.551558
5030,0.545354
5031,0.542959
5032,0.541445
5033,0.538943
5034,0.537942
5035,0.537419
5036,0.53648
5037,0.532864
5038,0.5302
5039,0.527331
5040,0.522658
5041,0.520302
5042,0.517874
5043,0.512343
5044,0.509318
5045,0.505202
5046,0.502862
5047,0.496167
5048,0.492416
5049,0.485624
5050,0.480993
5051,0.472595
5052,0.468528
5053,0.463535
5054,0.461285
5055,0.457728
5056,0.453029
5057,0.444789
5058,0.439426
5059,0.43308
5060,0.425378
5061,0.418024
5062,0.414767
5063,0.409652
5064,0.407299
5065,0.400735
5066,0.396228
5067,0.39228
5068,0.386442
5069,0.383727
5070,0.378829
5071,0.376738
5072,0.371075
5073,0.364417
5074,0.360306
5075,0.351551
5076,0.346021
5077,0.34429
5078,0.347954
5079,0.350765
5080,0.347746
5081,0.344669
5082,0.34044
5083,0.343286
5084,0.345852
5085,0.341626
5086,0.337059
5087,0.329234
5088,0.321177
5089,0.318453
5090,0.310712
5091,0.306565
5092,0.30042
5093,0.291238
5094,0.28653
5095,0.284607
5096,0.288202
5097,0.292859
5098,0.293772
5099,0.268365
5100,0.254713
5101,0.255683
5102,0.305485
5103,0.324233
5104,0.31989
5105,0.223506
5106,0.1553
5107,0.164213
5108,0.244567
5109,0.286026
5110,0.281223
5111,0.203201
5112,0.122818
5113,0.134289
5114,0.245802
5115,0.274647
5116,0.189654
5117,0.0950236
5118,0.104298
5119,0.1414
5120,0.174542
5121,0.192856
5122,0.163817
5123,0.103835
5124,0.0810568
5125,0.0847811
5126,0.159858
5127,0.188756
5128,0.179829
5129,0.124089
5130,0.0336709
5131,0.0327096
5132,0.0912282
5133,0.141545
5134,0.0655584
5135,0.0305874
5136,0.0315692
5137,0.0282984
5138,0.0716439
5139,0.0842888
5140,0.0434326
5141,0.0265818
5142,0.0270274
5143,0.023779
5144,0.0217087
5145,0.0248286
5146,0.0263023
5147,0.0276009
5148,0.0310674
5149,0.0328741
5150,0.0435715
5151,0.0482492
5152,0.0523894
5153,0.0562841
5154,0.0615104
5155,0.0631786
5156,0.0662619
5157,0.0684274
5158,0.0694894
5159,0.0773059
5160,0.0802055
5161,0.074934
5162,0.0716479
5163,0.0687948
5164,0.0561805
5165,0.0496775
5166,0.0424759
5167,0.0329854
5168,0.0278364
5169,0.0219554
5170,0.0155243
5171,0.0033617
5172,-0.00267214
5173,-0.00578827
5174,-0.00658327
5175,-0.00835031
5176,-0.0173277
5177,-0.026534
5178,-0.029653
5179,-0.0321667
5180,-0.049861
5181,-0.0605594
5182,-0.0734929
5183,-0.087284
5184,-0.101627
5185,-0.122644
5186,-0.131519
5187,-0.138872
5188,-0.147593
5189,-0.162069
5190,-0.168923
5191,-0.180948
5192,-0.185163
5193,-0.182954
5194,-0.170675
5195,-0.168115
5196,-0.182515
5197,-0.202756
5198,-0.222249
5199,-0.256482
5200,-0.271653
5201,-0.294216
5202,-0.30295
5203,-0.310012
5204,-0.331088
5205,-0.341663
5206,-0.35414
5207,-0.358084
5208,-0.35576
5209,-0.350773
5210,-0.34886
5211,-0.350917
5212,-0.373246
5213,-0.400723
5214,-0.414518
5215,-0.425986
5216,-0.432028
5217,-0.437083
5218,-0.439553
5219,-0.445488
5220,-0.454086
5221,-0.466962
5222,-0.478647
5223,-0.486404
5224,-0.43108
5225,-0.442944
5226,-0.505232
5227,-0.523901
5228,-0.533951
5229,-0.539523
5230,-0.542791
5231,-0.533794
5232,-0.526698
5233,-0.50745
5234,-0.494461
5235,-0.515569
5236,-0.529471
5237,-0.540389
5238,-0.542667
5239,-0.544553
5240,-0.546265
5241,-0.55123
5242,-0.553134
5243,-0.553156
5244,-0.556294
5245,-0.558892
5246,-0.561475
5247,-0.565615
5248,-0.568148
5249,-0.568936
5250,-0.568888
5251,-0.568811
5252,-0.568783
5253,-0.568694
5254,-0.568602
5255,-0.568567
5256,-0.568707
5257,-0.568812
5258,-0.569153
5259,-0.56941
5260,-0.569624
5261,-0.569124
5262,-0.569613
5263,-0.569114
5264,-0.56888
5265,-0.568523
5266,-0.568352
5267,-0.56826
5268,-0.56822
5269,-0.568236
5270,-0.568546
5271,-0.568786
5272,-0.569618
5273,-0.569968
5274,-0.570029
5275,-0.569995
5276,-0.569968
5277,-0.569726
5278,-0.569604
5279,-0.569416
5280,-0.5691
5281,-0.56901
5282,-0.569098
5283,-0.569168
5284,-0.569503
5285,-0.569695
5286,-0.569961
5287,-0.570099
5288,-0.570169
5289,-0.570268
5290,-0.57031
5291,-0.570292
5292,-0.570266
5293,-0.570273
5294,-0.570311
5295,-0.570353
5296,-0.570452
5297,-0.570509
5298,-0.570582
5299,-0.57075
5300,-0.57083
5301,-0.570897
5302,-0.571076
5303,-0.571166
5304,-0.571289
5305,-0.571343
5306,-0.571498
5307,-0.571592
5308,-0.571807
5309,-0.572108
5310,-0.572288
5311,-0.572617
5312,-0.57296
5313,-0.573355
5314,-0.573557
5315,-0.573754
5316,-0.574102
5317,-0.574271
5318,-0.574582
5319,-0.574684
5320,-0.574825
5321,-0.574895
5322,-0.57504
5323,-0.575187
5324,-0.575263
5325,-0.575423
5326,-0.575504
5327,-0.575668
5328,-0.575831
5329,-0.575986
5330,-0.576064
5331,-0.576231
5332,-0.576316
5333,-0.576397
5334,-0.576478
5335,-0.576641
5336,-0.576722
5337,-0.576704
5338,-0.576685
5339,-0.576651
5340,-0.576614
5341,-0.576593
5342,-0.576528
5343,-0.576495
5344,-0.576439
5345,-0.576426
5346,-0.576436
5347,-0.576437
5348,-0.576436
5349,-0.576442
5350,-0.576445
5351,-0.576455
5352,-0.576465
5353,-0.57646
5354,-0.576445
5355,-0.57642
5356,-0.5764
5357,-0.576374
5358,-0.57636
5359,-0.576289
5360,-0.576228
5361,-0.576098
5362,-0.576041
5363,-0.575989
5364,-0.575901
5365,-0.575855
5366,-0.575809
5367,-0.575771
5368,-0.57575
5369,-0.575625
5370,-0.575483
5371,-0.575372
5372,-0.575336
5373,-0.57526
5374,-0.575232
5375,-0.575213
5376,-0.575175
5377,-0.575121
5378,-0.575091
5379,-0.575047
5380,-0.575007
5381,-0.574934
5382,-0.574843
5383,-0.574798
5384,-0.574758
5385,-0.574716
5386,-0.574696
5387,-0.574661
5388,-0.574627
5389,-0.574552
5390,-0.57448
5391,-0.574444
5392,-0.574382
5393,-0.574318
5394,-0.574282
5395,-0.574249
5396,-0.574217
5397,-0.574124
5398,-0.574075
5399,-0.574038
5400,-0.573983
5401,-0.573971
5402,-0.573912
5403,-0.573877
5404,-0.573767
5405,-0.573714
5406,-0.573651
5407,-0.573528
5408,-0.573469
5409,-0.573418
5410,-0.573331
5411,-0.573285
5412,-0.573228
5413,-0.573109
5414,-0.573052
5415,-0.572972
5416,-0.572933
5417,-0.572812
5418,-0.572752
5419,-0.572656
5420,-0.572612
5421,-0.572563
5422,-0.572455
5423,-0.572398
5424,-0.57228
5425,-0.572223
5426,-0.572083
5427,-0.572015
5428,-0.571894
5429,-0.571837
5430,-0.571776
5431,-0.57171
5432,-0.57158
5433,-0.571462
5434,-0.571346
5435,-0.571287
5436,-0.571163
5437,-0.571102
5438,-0.570992
5439,-0.57093
5440,-0.570837
5441,-0.570675
5442,-0.570595
5443,-0.570509
5444,-0.570327
5445,-0.570237
5446,-0.570093
5447,-0.568629
5448,-0.564942
5449,-0.560737
5450,-0.555749
5451,-0.555935
5452,-0.555842
5453,-0.555756
5454,-0.555386
5455,-0.555598
5456,-0.555508
5457,-0.555025
5458,-0.554636
5459,-0.553609
5460,-0.553226
5461,-0.553017
5462,-0.553944
5463,-0.554129
5464,-0.552558
5465,-0.55192
5466,-0.551929
5467,-0.552122
5468,-0.551739
5469,-0.551404
5470,-0.55098
5471,-0.550852
5472,-0.550801
5473,-0.550078
5474,-0.549582
5475,-0.549209
5476,-0.549037
5477,-0.548777
5478,-0.548451
5479,-0.547667
5480,-0.547265
5481,-0.546622
5482,-0.546389
5483,-0.54611
5484,-0.54567
5485,-0.545174
5486,-0.544532
5487,-0.544009
5488,-0.543401
5489,-0.5429
5490,-0.542162
5491,-0.54187
5492,-0.541449
5493,-0.541246
5494,-0.540842
5495,-0.539904
5496,-0.539492
5497,-0.53934
5498,-0.539299
5499,-0.538257
5500,-0.53763
5501,-0.537065
5502,-0.537172
5503,-0.537026
5504,-0.535842
5505,-0.53533
5506,-0.534832
5507,-0.53469
5508,-0.534587
5509,-0.533472
5510,-0.532813
5511,-0.532586
5512,-0.532612
5513,-0.532303
5514,-0.532056
5515,-0.531623
5516,-0.530853
5517,-0.530537
5518,-0.530043
5519,-0.529175
5520,-0.52847
5521,-0.528639
5522,-0.528327
5523,-0.52621
5524,-0.525023
5525,-0.52438
5526,-0.524914
5527,-0.524798
5528,-0.522042
5529,-0.520498
5530,-0.520532
5531,-0.520443
5532,-0.519027
5533,-0.518118
5534,-0.517546
5535,-0.517128
5536,-0.51605
5537,-0.515271
5538,-0.513706
5539,-0.513032
5540,-0.5123
5541,-0.512094
5542,-0.511631
5543,-0.509959
5544,-0.509128
5545,-0.508349
5546,-0.508467
5547,-0.508154
5548,-0.506295
5549,-0.505354
5550,-0.50465
5551,-0.505178
5552,-0.505018
5553,-0.502868
5554,-0.501687
5555,-0.501528
5556,-0.501227
5557,-0.501
5558,-0.500427
5559,-0.499041
5560,-0.498362
5561,-0.497846
5562,-0.497575
5563,-0.496051
5564,-0.492478
5565,-0.490734
5566,-0.489917
5567,-0.489183
5568,-0.483998
5569,-0.482543
5570,-0.482179
5571,-0.481432
5572,-0.480913
5573,-0.480127
5574,-0.479811
5575,-0.479488
5576,-0.479317
5577,-0.478482
5578,-0.478038
5579,-0.47772
5580,-0.477603
5581,-0.477288
5582,-0.476411
5583,-0.475993
5584,-0.475634
5585,-0.475586
5586,-0.475393
5587,-0.474399
5588,-0.473851
5589,-0.473587
5590,-0.473513
5591,-0.472596
5592,-0.472054
5593,-0.471585
5594,-0.471413
5595,-0.470631
5596,-0.470174
5597,-0.469613
5598,-0.469245
5599,-0.468959
5600,-0.468126
5601,-0.467647
5602,-0.466948
5603,-0.466621
5604,-0.465819
5605,-0.465383
5606,-0.464961
5607,-0.464179
5608,-0.463779
5609,-0.46317
5610,-0.462439
5611,-0.461609
5612,-0.461225
5613,-0.460201
5614,-0.459659
5615,-0.45882
5616,-0.458354
5617,-0.457906
5618,-0.456781
5619,-0.456178
5620,-0.455221
5621,-0.454751
5622,-0.454211
5623,-0.452977
5624,-0.452352
5625,-0.451338
5626,-0.450824
5627,-0.449502
5628,-0.448798
5629,-0.448193
5630,-0.447062
5631,-0.446465
5632,-0.44557
5633,-0.444247
5634,-0.443497
5635,-0.442355
5636,-0.441734
5637,-0.440732
5638,-0.439153
5639,-0.43829
5640,-0.43714
5641,-0.436517
5642,-0.435399
5643,-0.433505
5644,-0.4325
5645,-0.43136
5646,-0.430748
5647,-0.429711
5648,-0.427226
5649,-0.426052
5650,-0.424878
5651,-0.424296
5652,-0.421653
5653,-0.420185
5654,-0.418574
5655,-0.417864
5656,-0.415363
5657,-0.413948
5658,-0.411796
5659,-0.410809
5660,-0.409782
5661,-0.406506
5662,-0.404777
5663,-0.403133
5664,-0.400715
5665,-0.399262
5666,-0.39565
5667,-0.393781
5668,-0.390854
5669,-0.389389
5670,-0.38605
5671,-0.384272
5672,-0.380921
5673,-0.377519
5674,-0.375788
5675,-0.373743
5676,-0.371548
5677,-0.367169
5678,-0.365182
5679,-0.361313
5680,-0.359266
5681,-0.355057
5682,-0.352888
5683,-0.348693
5684,-0.344263
5685,-0.34199
5686,-0.339636
5687,-0.334648
5688,-0.329767
5689,-0.32736
5690,-0.322042
5691,-0.316564
5692,-0.311143
5693,-0.30839
5694,-0.304908
5695,-0.299039
5696,-0.295711
5697,-0.292819
5698,-0.286209
5699,-0.282708
5700,-0.275485
5701,-0.271746
5702,-0.268219
5703,-0.264553
5704,-0.26074
5705,-0.253306
5706,-0.249564
5707,-0.24239
5708,-0.238687
5709,-0.234906
5710,-0.230865
5711,-0.22678
5712,-0.218793
5713,-0.21475
5714,-0.210672
5715,-0.206226
5716,-0.197081
5717,-0.187082
5718,-0.182081
5719,-0.170958
5720,-0.165078
5721,-0.159341
5722,-0.152665
5723,-0.142481
5724,-0.131194
5725,-0.123674
5726,-0.116128
5727,-0.100063
5728,-0.0918553
5729,-0.0839095
5730,-0.0664666
5731,-0.0574929
5732,-0.039776
5733,-0.0321964
5734,-0.0305691
5735,-0.0295498
5736,-0.0288419
5737,-0.0296049
5738,-0.030513
5739,-0.0338772
5740,-0.0334873
5741,-0.0331408
5742,-0.0324483
5743,-0.0313739
5744,-0.0299781
5745,-0.0304789
5746,-0.0311327
5747,-0.0315104
5748,-0.0326729
5749,-0.0341907
5750,-0.0349452
5751,-0.0359028
5752,-0.0363075
5753,-0.0367534
5754,-0.0369946
5755,-0.0374748
5756,-0.0381796
5757,-0.0393201
5758,-0.0398086
5759,-0.0393308
5760,-0.0415189
5761,-0.0433987
5762,-0.0492643
5763,-0.0675284
5764,-0.0793409
5765,-0.112819
5766,-0.13114
5767,-0.145446
5768,-0.159505
5769,-0.178391
5770,-0.18354
5771,-0.19315
5772,-0.198122
5773,-0.200811
5774,-0.203268
5775,-0.207663
5776,-0.22565
5777,-0.235293
5778,-0.252572
5779,-0.259994
5780,-0.271695
5781,-0.276739
5782,-0.286945
5783,-0.292211
5784,-0.298156
5785,-0.311026
5786,-0.317413
5787,-0.332037
5788,-0.341241
5789,-0.359957
5790,-0.374062
5791,-0.389455
5792,-0.427534
5793,-0.44438
5794,-0.477769
5795,-0.493853
5796,-0.501935
5797,-0.508523
5798,-0.518247
5799,-0.521991
5800,-0.523253
5801,-0.523656
5802,-0.536674
5803,-0.544212
5804,-0.565368
5805,-0.570682
5806,-0.570697
5807,-0.57068
5808,-0.570687
5809,-0.570708
5810,-0.570733
5811,-0.570719
5812,-0.570734
5813,-0.570745
5814,-0.570755
5815,-0.570812
5816,-0.570907
5817,-0.570904
5818,-0.570865
5819,-0.570839
5820,-0.570825
5821,-0.57082
5822,-0.5708
5823,-0.570851
5824,-0.570892
5825,-0.57091
5826,-0.57093
5827,-0.57097
5828,-0.571122
5829,-0.571187
5830,-0.571222
5831,-0.571241
5832,-0.571339
5833,-0.571493
5834,-0.571577
5835,-0.571674
5836,-0.571711
5837,-0.571837
5838,-0.572053
5839,-0.572217
5840,-0.572352
5841,-0.572422
5842,-0.572534
5843,-0.572809
5844,-0.572937
5845,-0.572882
5846,-0.572813
5847,-0.572896
5848,-0.573567
5849,-0.57391
5850,-0.573854
5851,-0.573209
5852,-0.573352
5853,-0.57368
5854,-0.575082
5855,-0.575593
5856,-0.575128
5857,-0.572911
5858,-0.572837
5859,-0.57306
5860,-0.577357
5861,-0.582347
5862,-0.581075
5863,-0.573856
5864,-0.572632
5865,-0.573926
5866,-0.575768
5867,-0.580224
5868,-0.581503
5869,-0.574193
5870,-0.573473
5871,-0.575108
5872,-0.577392
5873,-0.581356
5874,-0.576085
5875,-0.574321
5876,-0.575254
5877,-0.576292
5878,-0.579129
5879,-0.577498
5880,-0.57615
5881,-0.575402
5882,-0.575283
5883,-0.579797
5884,-0.584569
5885,-0.582903
5886,-0.575208
5887,-0.574749
5888,-0.57793
5889,-0.582425
5890,-0.579856
5891,-0.57709
5892,-0.576407
5893,-0.577108
5894,-0.578986
5895,-0.58008
5896,-0.579601
5897,-0.578823
5898,-0.578136
5899,-0.578285
5900,-0.57652
5901,-0.555682
5902,-0.562281
5903,-0.568203
5904,-0.566081
5905,-0.550723
5906,-0.474726
5907,-0.417984
5908,-0.428698
5909,-0.489397
5910,-0.519291
5911,-0.518827
5912,-0.473183
5913,-0.256987
5914,-0.141417
5915,-0.183611
5916,-0.348651
5917,-0.488701
5918,-0.501018
5919,-0.493854
5920,-0.43518
5921,-0.375047
5922,-0.335566
5923,-0.0733029
5924,-0.0202718
5925,-0.00321585
5926,-0.0483816
5927,-0.0989771
5928,-0.134515
5929,-0.137529
5930,-0.164465
5931,-0.212455
5932,-0.203981
5933,-0.167527
5934,-0.0855573
5935,-0.0468266
5936,-0.0634908
5937,-0.102184
5938,-0.117101
5939,-0.0597783
5940,-0.0364615
5941,-0.0604326
5942,-0.0938917
5943,-0.0971187
5944,-0.0655642
5945,-0.0441478
5946,-0.0557302
5947,-0.0708106
5948,-0.0775285
5949,-0.0525349
5950,-0.0427135
5951,-0.0363201
5952,-0.0452898
5953,-0.0522636
5954,-0.044682
5955,-0.0422905
5956,-0.0264558
5957,-0.0182523
5958,-0.0165216
5959,-0.02562
5960,-0.0389624
5961,-0.0304905
5962,-0.0217187
5963,-0.00163418
5964,0.00871009
5965,0.00951153
5966,-0.0050897
5967,-0.0158727
5968,-0.0131716
5969,0.0283489
5970,0.0505057
5971,0.0599914
5972,0.0536105
5973,0.03981
5974,0.0796021
5975,0.105187
5976,0.124428
5977,0.129411
5978,0.000651538
5979,-0.0467213
5980,0.0766286
5981,0.304141
5982,0.290589
5983,0.196121
5984,-0.0619929
5985,-0.078505
5986,-0.032209
5987,0.383418
5988,0.432597
5989,0.322405
5990,0.0464061
5991,-0.192926
5992,-0.169488
5993,-0.0697986
5994,0.3877
5995,0.53331
5996,0.529106
5997,-0.132685
5998,-0.424362
5999,0.0378081
6000,0.351773
6001,0.456604
6002,0.411632
6003,-0.139159
6004,-0.237538
6005,-0.0584219
6006,0.0494736
6007,0.48867
6008,0.480393
6009,0.345637
6010,0.0254956
6011,-0.225102
6012,-0.215887
6013,0.0478252
6014,0.371101
6015,0.248114
6016,0.349784
6017,-0.144493
6018,-0.183561
6019,0.00257248
6020,0.376393
6021,0.332086
6022,0.246924
6023,0.363875
6024,-0.0944091
6025,-0.222105
6026,0.254111
6027,0.298579
6028,0.252331
6029,0.158493
6030,0.114791
6031,-0.18647
6032,-0.141251
6033,-0.00995123
6034,0.267837
6035,0.271823
6036,0.269217
6037,-0.155184
6038,-0.438342
6039,0.0561125
6040,0.144659
6041,0.0470743
6042,0.136232
6043,0.15245
6044,-0.0667195
6045,-0.13787
6046,0.000150561
6047,0.103377
6048,0.0642139
6049,0.245437
6050,0.119712
6051,-0.25256
6052,-0.543071
6053,0.0942017
6054,0.169191
6055,0.170119
6056,-0.161231
6057,0.10154
6058,0.0914827
6059,0.119632
6060,-0.217184
6061,-0.155711
6062,0.164953
6063,0.0532639
6064,0.0410004
6065,-0.125789
6066,0.0564097
6067,0.247299
6068,0.0233994
6069,-0.0926111
6070,-0.413987
6071,0.183594
6072,0.21927
6073,0.105043
6074,-0.224716
6075,0.178992
6076,0.257874
6077,0.173143
6078,-0.240519
6079,-0.529693
6080,-0.00169712
6081,0.191386
6082,-0.0514289
6083,-0.243255
6084,-0.487551
6085,0.110314
6086,0.174779
6087,0.00972533
6088,-0.244361
6089,-0.28839
6090,0.115747
6091,-0.0143712
6092,0.156479
6093,-0.119661
6094,-0.142325
6095,-0.0662175
6096,-0.0124271
6097,-0.0274772
6098,-0.034573
6099,-0.104875
6100,-0.283306
6101,-0.314178
6102,-0.119082
6103,-0.0146545
6104,-0.0818072
6105,0.119323
6106,-0.1816
6107,-0.343651
6108,-0.305904
6109,-0.0305225
6110,-0.0814706
6111,-0.160599
6112,0.0502275
6113,0.0496368
6114,-0.2922
6115,-0.30485
6116,-0.00190002
6117,-0.152423
6118,-0.136456
6119,-0.128336
6120,0.0726134
6121,-0.159981
6122,-0.348071
6123,-0.290885
6124,-0.144626
6125,0.0374257
6126,-0.141947
6127,0.0480483
6128,-0.217439
6129,-0.354797
6130,-0.314791
6131,-0.130614
6132,-0.173625
6133,-0.167846
6134,-0.177457
6135,-0.0338597
6136,-0.329493
6137,-0.518198
6138,-0.31999
6139,-0.119195
6140,-0.210422
6141,-0.186708
6142,-0.195588
6143,-0.126252
6144,-0.100869
6145,-0.333925
6146,-0.289891
6147,-0.00863224
6148,-0.212035
6149,-0.203757
6150,-0.0742491
6151,0.0412756
6152,-0.393402
6153,-0.527423
6154,-0.356422
6155,-0.125274
6156,-0.194265
6157,-0.180404
6158,-0.143834
6159,0.0454727
6160,-0.185626
6161,-0.352592
6162,-0.346873
6163,-0.13381
6164,-0.0861284
6165,-0.078529
6166,-0.0734189
6167,0.000646472
6168,-0.36124
6169,-0.525668
6170,-0.390318
6171,-0.265286
6172,-0.167284
6173,-0.171966
6174,-0.0733244
6175,0.0224103
6176,-0.223861
6177,-0.339609
6178,-0.268691
6179,0.0576392
6180,-0.0868838
6181,-0.033591
6182,-0.0162302
6183,-0.258514
6184,-0.507571
6185,-0.255597
6186,-0.14598
6187,-0.0591224
6188,-0.0392206
6189,-0.0659581
6190,0.0471503
6191,-0.259262
6192,-0.266663
6193,-0.204987
6194,-0.00222224
6195,-0.0112727
6196,0.0105579
6197,-0.106652
6198,-0.387882
6199,-0.470739
6200,-0.318101
6201,-0.229616
6202,0.0471774
6203,-0.0509651
6204,-0.015289
6205,-0.0219647
6206,-0.222362
6207,-0.379944
6208,-0.416384
6209,-0.199146
6210,-0.0395927
6211,-0.103898
6212,-0.034084
6213,-0.0508366
6214,-0.118642
6215,-0.290327
6216,-0.34155
6217,0.0387243
6218,-0.0834575
6219,-0.073043
6220,0.0673078
6221,-0.137652
6222,-0.317553
6223,-0.352827
6224,-0.0847543
6225,-0.0637177
6226,0.0250031
6227,0.0818495
6228,0.0084399
6229,-0.255575
6230,-0.437295
6231,-0.0580579
6232,0.172918
6233,0.130856
6234,-0.0642995
6235,-0.0845003
6236,-0.166081
6237,-0.10136
6238,-0.00363517
6239,0.0380097
6240,0.199722
6241,0.0486969
6242,-0.0827068
6243,-0.321267
6244,-0.193775
6245,-0.161434
6246,0.00133109
6247,0.21352
6248,-0.0182419
6249,-0.168239
6250,-0.258888
6251,-0.204249
6252,-0.0355439
6253,0.13219
6254,0.0437773
6255,0.132599
6256,-0.0276291
6257,-0.12116
6258,-0.336228
6259,-0.106757
6260,0.172654
6261,0.139867
6262,0.34829
6263,0.252008
6264,-0.0192012
6265,-0.361375
6266,-0.361859
6267,0.394887
6268,0.164245
6269,0.202044
6270,0.0317616
6271,0.0416669
6272,-0.0121224
6273,0.132997
6274,0.362851
6275,0.515237
6276,0.477164
6277,0.115624
6278,-0.371548
6279,0.0627933
6280,0.492789
6281,0.443553
6282,0.572282
6283,0.559469
6284,-0.276575
6285,-0.40514
6286,-0.320784
6287,0.294957
6288,0.566292
6289,0.24045
6290,0.525661
6291,0.0327892
6292,-0.381951
6293,-0.32876
6294,0.399614
6295,0.564569
6296,0.250423
6297,0.55638
6298,0.56222
6299,0.143653
6300,-0.223698
6301,-0.142403
6302,0.574512
6303,0.260266
6304,0.215098
6305,0.555655
6306,-0.0713347
6307,-0.417033
6308,-0.362751
6309,0.283768
6310,0.507376
6311,0.575027
6312,0.538332
6313,0.170461
6314,-0.248929
6315,-0.228513
6316,0.315615
6317,0.575063
6318,0.575469
6319,0.573889
6320,0.247908
6321,-0.297625
6322,-0.0112415
6323,0.306209
6324,0.575435
6325,0.453066
6326,0.406544
6327,0.18407
6328,-0.195091
6329,0.100895
6330,0.262932
6331,0.576131
6332,0.560609
6333,0.215305
6334,-0.153707
6335,-0.202745
6336,0.0342876
6337,0.550835
6338,0.31221
6339,0.421079
6340,0.318992
6341,-0.396404
6342,-0.513668
6343,-0.406328
6344,-0.14512
6345,0.252549
6346,0.177573
6347,0.192303
6348,0.264957
6349,0.226705
6350,-0.342631
6351,-0.416519
6352,0.178483
6353,0.199151
6354,0.139223
6355,0.187362
6356,0.41949
6357,-0.0619784
6358,-0.430575
6359,-0.428134
6360,0.252585
6361,0.303405
6362,0.271778
6363,0.313505
6364,0.256351
6365,-0.139124
6366,-0.103219
6367,0.0591763
6368,0.320265
6369,0.484811
6370,0.331793
6371,0.260258
6372,-0.173409
6373,-0.164233
6374,-0.0414532
6375,0.443296
6376,0.197764
6377,0.280265
6378,0.0868685
6379,-0.336003
6380,-0.2979
6381,0.221325
6382,0.281463
6383,0.278574
6384,0.0720264
6385,-0.245595
6386,-0.204534
6387,-0.0538424
6388,0.213815
6389,0.190839
6390,0.190739
6391,0.22203
6392,-0.247697
6393,-0.244937
6394,0.00167847
6395,0.245185
6396,0.151716
6397,0.234803
6398,0.271566
6399,-0.307021
6400,-0.266045
6401,0.0707952
6402,0.243177
6403,0.155396
6404,0.296217
6405,0.249154
6406,-0.13563
6407,-0.322973
6408,-0.102302
6409,0.311133
6410,0.226362
6411,0.315838
6412,0.312521
6413,-0.319047
6414,-0.319835
6415,0.367867
6416,0.246617
6417,0.311082
6418,0.349762
6419,-0.315206
6420,-0.45866
6421,-0.358325
6422,0.318229
6423,0.208171
6424,0.132002
6425,0.245696
6426,0.123943
6427,-0.32626
6428,-0.210248
6429,-0.00213546
6430,0.301595
6431,0.323826
6432,0.304593
6433,-0.181262
6434,-0.414287
6435,-0.250991
6436,0.0938927
6437,0.214648
6438,0.0850425
6439,0.251774
6440,0.25107
6441,-0.281258
6442,-0.307376
6443,0.0392793
6444,0.219941
6445,0.115215
6446,0.131758
6447,0.143983
6448,-0.279879
6449,-0.12687
6450,0.151436
6451,0.286659
6452,0.21065
6453,0.255436
6454,-0.32419
6455,-0.450499
6456,-0.14764
6457,0.109982
6458,0.235699
6459,0.263868
6460,0.2381
6461,-0.310858
6462,-0.544683
6463,-0.417636
6464,0.305405
6465,0.169398
6466,0.200467
6467,0.172427
6468,-0.267704
6469,-0.392945
6470,0.0570471
6471,0.204697
6472,0.256252
6473,0.272092
6474,0.254391
6475,-0.391785
6476,-0.538166
6477,-0.402976
6478,0.290603
6479,0.178352
6480,0.0483022
6481,0.199626
6482,-0.022875
6483,-0.12424
6484,0.301648
6485,0.339049
6486,0.350798
6487,0.280093
6488,-0.345916
6489,-0.430921
6490,-0.302678
6491,0.318779
6492,0.187869
6493,0.257705
6494,0.0874518
6495,-0.320594
6496,-0.0620378
6497,0.189206
6498,0.31687
6499,0.293828
6500,-0.146656
6501,-0.399518
6502,-0.303282
6503,-0.121419
6504,0.282905
6505,0.152233
6506,0.185576
6507,-0.171853
6508,-0.406624
6509,-0.311688
6510,0.197347
6511,0.249766
6512,0.252873
6513,0.180491
6514,-0.329244
6515,-0.382347
6516,0.216136
6517,0.289912
6518,0.248026
6519,-0.00306171
6520,-0.33591
6521,-0.139322
6522,0.104609
6523,0.234142
6524,0.282993
6525,-0.229097
6526,-0.448095
6527,-0.34816
6528,-0.128054
6529,0.146363
6530,0.24316
6531,0.281016
6532,-0.408954
6533,-0.472683
6534,-0.553903
6535,0.0011819
6536,0.244298
6537,0.13066
6538,-0.171473
6539,-0.442872
6540,-0.391713
6541,0.170761
6542,0.212983
6543,0.222065
6544,-0.366207
6545,-0.516874
6546,-0.380344
6547,-0.069789
6548,0.208298
6549,0.292479
6550,-0.347585
6551,-0.514682
6552,-0.554397
6553,-0.446874
6554,0.163209
6555,0.180664
6556,0.220895
6557,-0.125794
6558,-0.552212
6559,-0.5854
6560,-0.302449
6561,0.110059
6562,0.101042
6563,-0.0652847
6564,-0.514524
6565,-0.561075
6566,-0.347656
6567,-0.00717103
6568,0.198853
6569,-0.251684
6570,-0.498584
6571,-0.499171
6572,-0.386233
6573,0.100156
6574,0.322143
6575,-0.466545
6576,-0.58285
6577,-0.502203
6578,0.0951595
6579,0.0660043
6580,-0.0286541
6581,-0.439729
6582,-0.551735
6583,-0.555141
6584,-0.453132
6585,0.0419956
6586,-0.0332432
6587,-0.281821
6588,-0.524076
6589,-0.548789
6590,-0.51888
6591,-0.0931835
6592,0.171743
6593,-0.526014
6594,-0.591963
6595,-0.507416
6596,0.472413
6597,-0.297757
6598,-0.58641
6599,-0.596625
6600,-0.332873
6601,0.57504
6602,-0.478678
6603,-0.59631
6604,-0.597948
6605,0.222189
6606,0.573842
6607,-0.430895
6608,-0.588773
6609,-0.569223
6610,0.558149
6611,0.571817
6612,-0.573231
6613,-0.597318
6614,-0.503405
6615,0.554024
6616,-0.50999
6617,-0.589666
6618,-0.596395
6619,0.262578
6620,0.568462
6621,-0.5453
6622,-0.59669
6623,-0.597729
6624,0.535123
6625,0.571609
6626,-0.557966
6627,-0.596211
6628,-0.577954
6629,0.294491
6630,-0.382033
6631,-0.590935
6632,-0.59659
6633,-0.123678
6634,0.560905
6635,-0.54843
6636,-0.591882
6637,-0.559078
6638,0.532937
6639,0.0881391
6640,-0.570186
6641,-0.577127
6642,0.406336
6643,0.566829
6644,-0.427482
6645,-0.57992
6646,0.0302259
6647,0.565533
6648,0.571337
6649,-0.551652
6650,-0.588431
6651,-0.0236226
6652,0.576144
6653,0.580958
6654,-0.522164
6655,-0.57257
6656,-0.46527
6657,0.573891
6658,0.583148
6659,-0.195177
6660,-0.558291
6661,-0.172648
6662,0.57378
6663,0.580755
6664,-0.400059
6665,-0.560809
6666,0.0636796
6667,0.581168
6668,0.582792
6669,-0.463915
6670,-0.533224
6671,-0.339707
6672,0.581148
6673,0.583817
6674,-0.0667564
6675,-0.509232
6676,-0.507901
6677,0.57945
6678,0.583791
6679,0.188729
6680,-0.475202
6681,-0.435363
6682,0.579168
6683,0.58367
6684,0.58146
6685,-0.0168558
6686,-0.19819
6687,0.583964
6688,0.583303
6689,0.582214
6690,0.582031
6691,0.582533
6692,0.541722
6693,0.53196
6694,0.500396
6695,0.289999
6696,0.0208836
6697,0.385688
6698,0.478439
6699,-0.243345
6700,-0.322564
6701,0.110553
6702,0.474738
6703,0.527291
6704,0.504542
6705,0.527662
6706,0.582559
6707,0.582345
6708,0.58213
6709,0.556331
6710,0.556069
6711,0.542703
6712,0.504133
6713,0.469791
6714,0.442426
6715,0.43124
6716,0.474626
6717,0.489393
6718,0.41182
6719,0.365439
6720,0.384903
6721,0.450886
6722,0.463923
6723,0.368412
6724,0.361107
6725,0.402855
6726,0.479009
6727,0.492705
6728,0.414185
6729,0.359395
6730,0.483346
6731,0.56553
6732,0.423468
6733,0.261523
6734,0.333299
6735,0.402928
6736,0.207295
6737,0.0849754
6738,-0.337358
6739,-0.513168
6740,-0.11913
6741,0.149951
6742,0.400689
6743,0.445772
6744,0.376867
6745,0.316856
6746,0.268016
6747,0.344298
6748,0.454015
6749,0.482888
6750,0.290806
6751,0.177926
6752,0.219495
6753,0.415339
6754,0.381714
6755,0.280041
6756,0.18174
6757,0.265274
6758,0.315285
6759,0.227211
6760,0.141697
6761,0.199296
6762,0.251329
6763,0.268197
6764,0.257398
6765,0.249822
6766,0.467639
6767,0.520546
6768,0.430516
6769,-0.122243
6770,-0.54024
6771,-0.31287
6772,0.0867302
6773,-0.141928
6774,-0.543671
6775,-0.536725
6776,-0.41836
6777,-0.0103404
6778,-0.480055
6779,-0.541941
6780,-0.435881
6781,0.296066
6782,0.373339
6783,0.365737
6784,0.427184
6785,-0.339255
6786,-0.544039
6787,-0.511509
6788,-0.32206
6789,-0.40123
6790,-0.521026
6791,-0.540019
6792,-0.543754
6793,-0.477125
6794,-0.148878
6795,0.0433198
6796,-0.491667
6797,-0.543171
6798,-0.245691
6799,0.286736
6800,0.460256
6801,0.359742
6802,-0.196165
6803,-0.488974
6804,0.0323514
6805,0.445454
6806,0.487515
6807,0.473893
6808,-0.373117
6809,-0.529591
6810,0.434266
6811,0.542857
6812,0.557332
6813,0.514833
6814,0.0528598
6815,-0.245887
6816,0.479294
6817,0.519854
6818,0.538811
6819,0.526807
6820,0.531592
6821,0.554352
6822,0.566645
6823,0.571593
6824,0.569285
6825,0.535053
6826,0.499593
6827,0.483118
6828,0.482868
6829,0.499756
6830,0.505998
6831,0.502777
6832,0.501372
6833,0.439102
6834,0.379128
6835,0.506485
6836,0.526733
6837,0.488893
6838,0.335104
6839,0.442064
6840,0.491436
6841,0.502432
6842,0.37122
6843,0.388092
6844,0.447203
6845,0.473467
6846,0.484505
6847,0.435532
6848,0.241892
6849,0.283057
6850,0.447651
6851,0.499106
6852,0.476562
6853,0.127875
6854,-0.00456113
6855,0.480126
6856,0.558972
6857,0.460266
6858,0.34148
6859,0.433248
6860,0.490657
6861,0.498059
6862,0.484359
6863,0.505211
6864,0.516981
6865,0.42695
6866,0.225743
6867,0.374498
6868,0.579713
6869,0.586758
6870,0.586796
6871,0.585464
6872,0.58669
6873,0.585006
6874,0.583463
6875,0.578433
6876,0.582971
6877,0.584685
6878,0.583623
6879,0.572324
6880,0.459051
6881,0.521484
6882,0.559588
6883,0.419527
6884,0.109536
6885,-0.485127
6886,-0.543529
6887,-0.274816
6888,0.151949
6889,0.293537
6890,0.505734
6891,0.585129
6892,0.585226
6893,0.584645
6894,0.583955
6895,0.582079
6896,0.58244
6897,0.583126
6898,0.584116
6899,0.564028
6900,0.553587
6901,0.574787
6902,0.581625
6903,0.557436
6904,0.498675
6905,0.255238
6906,0.143938
6907,-0.0684536
6908,-0.196458
6909,0.0327839
6910,0.185635
6911,0.431758
6912,0.484245
6913,0.448664
6914,0.461205
6915,0.536316
6916,0.561575
6917,0.559651
6918,0.466847
6919,0.365302
6920,0.481529
6921,0.451595
6922,0.364638
6923,0.272866
6924,0.234723
6925,-0.0924453
6926,-0.283466
6927,-0.403667
6928,-0.54013
6929,-0.533547
6930,-0.46529
6931,-0.189859
6932,-0.195704
6933,0.142892
6934,0.323831
6935,0.379147
6936,0.385647
6937,0.0821975
6938,-0.199327
6939,-0.34182
6940,-0.415883
6941,-0.545591
6942,-0.546031
6943,-0.227481
6944,0.132965
6945,0.176715
6946,0.339315
6947,0.440897
6948,0.456869
6949,0.402575
6950,0.214057
6951,0.177373
6952,0.226448
6953,0.225029
6954,0.143299
6955,0.180487
6956,0.272548
6957,0.299092
6958,0.268575
6959,0.238633
6960,0.290519
6961,0.378594
6962,0.375602
6963,0.234777
6964,0.117206
6965,-0.028393
6966,-0.17109
6967,-0.196448
6968,-0.145346
6969,-0.125407
6970,-0.258156
6971,-0.324993
6972,-0.311247
6973,-0.172597
6974,-0.166882
6975,-0.213301
6976,-0.261809
6977,-0.257943
6978,-0.138037
6979,-0.0767491
6980,-0.153379
6981,-0.203372
6982,-0.197216
6983,-0.0356983
6984,-0.0247951
6985,-0.0794046
6986,-0.207259
6987,-0.192974
6988,-0.149179
6989,-0.120299
6990,-0.16132
6991,-0.197297
6992,-0.218774
6993,-0.225487
6994,-0.238287
6995,-0.177784
6996,-0.126175
6997,-0.372402
6998,-0.2317
6999,0.00691116
7000,0.0561407
7001,-0.208911
7002,-0.344526
7003,-0.275563
7004,-0.215551
7005,-0.41823
7006,-0.482877
7007,-0.461147
7008,-0.318433
7009,-0.326798
7010,-0.3681
7011,-0.363611
7012,-0.345381
7013,-0.312372
7014,-0.304303
7015,-0.354129
7016,-0.37552
7017,-0.33665
7018,-0.315411
7019,-0.330263
7020,-0.363789
7021,-0.384662
7022,-0.362922
7023,-0.34882
7024,-0.354682
7025,-0.381239
7026,-0.391045
7027,-0.386146
7028,-0.360408
7029,-0.35274
7030,-0.390263
7031,-0.405821
7032,-0.379228
7033,-0.359457
7034,-0.372288
7035,-0.381179
7036,-0.37775
7037,-0.342687
7038,-0.334259
7039,-0.390777
7040,-0.416037
7041,-0.38881
7042,-0.367934
7043,-0.413523
7044,-0.437536
7045,-0.420549
7046,-0.404116
7047,-0.429787
7048,-0.445043
7049,-0.449493
7050,-0.427921
7051,-0.419044
7052,-0.452589
7053,-0.468731
7054,-0.44918
7055,-0.434033
7056,-0.446159
7057,-0.477421
7058,-0.475945
7059,-0.465417
7060,-0.466927
7061,-0.474093
7062,-0.483491
7063,-0.489006
7064,-0.492515
7065,-0.489141
7066,-0.495327
7067,-0.502814
7068,-0.508567
7069,-0.51093
7070,-0.515523
7071,-0.518306
7072,-0.522173
7073,-0.525708
7074,-0.529703
7075,-0.53159
7076,-0.531689
7077,-0.531423
7078,-0.531293
7079,-0.531151
7080,-0.53086
7081,-0.530708
7082,-0.530438
7083,-0.530304
7084,-0.530044
7085,-0.529913
7086,-0.529792
7087,-0.529458
7088,-0.529306
7089,-0.529028
7090,-0.528888
7091,-0.528552
7092,-0.52838
7093,-0.528251
7094,-0.527914
7095,-0.527758
7096,-0.52742
7097,-0.527251
7098,-0.527095
7099,-0.5268
7100,-0.526464
7101,-0.526283
7102,-0.526108
7103,-0.525792
7104,-0.525632
7105,-0.525452
7106,-0.525084
7107,-0.524901
7108,-0.52476
7109,-0.52438
7110,-0.5242
7111,-0.523804
7112,-0.523602
7113,-0.523237
7114,-0.523057
7115,-0.522644
7116,-0.522437
7117,-0.522243
7118,-0.521861
7119,-0.521665
7120,-0.521225
7121,-0.521008
7122,-0.520629
7123,-0.520451
7124,-0.520304
7125,-0.519826
7126,-0.519622
7127,-0.519273
7128,-0.519098
7129,-0.51868
7130,-0.518488
7131,-0.518145
7132,-0.517975
7133,-0.517805
7134,-0.517613
7135,-0.517236
7136,-0.517054
7137,-0.516878
7138,-0.516537
7139,-0.51645
7140,-0.516058
7141,-0.515971
7142,-0.515601
7143,-0.515281
7144,-0.514989
7145,-0.514736
7146,-0.514425
7147,-0.514259
7148,-0.513913
7149,-0.513762
7150,-0.513576
7151,-0.513432
7152,-0.513258
7153,-0.513176
7154,-0.513101
7155,-0.513083
7156,-0.513062
7157,-0.512896
7158,-0.512846
7159,-0.512644
7160,-0.512408
7161,-0.512186
7162,-0.512071
7163,-0.511854
7164,-0.511748
7165,-0.511569
7166,-0.511465
7167,-0.511225
7168,-0.511073
7169,-0.510713
7170,-0.510514
7171,-0.510318
7172,-0.510183
7173,-0.510108
7174,-0.509596
7175,-0.509324
7176,-0.50715
7177,-0.505281
7178,-0.504609
7179,-0.504963
7180,-0.505456
7181,-0.507412
7182,-0.509371
7183,-0.51061
7184,-0.511117
7185,-0.511263
7186,-0.507688
7187,-0.506232
7188,-0.505131
7189,-0.505067
7190,-0.505916
7191,-0.506285
7192,-0.507382
7193,-0.509617
7194,-0.510672
7195,-0.511076
7196,-0.510919
7197,-0.508985
7198,-0.507313
7199,-0.50679
7200,-0.506172
7201,-0.505945
7202,-0.50636
7203,-0.506646
7204,-0.506924
7205,-0.507008
7206,-0.506994
7207,-0.50694
7208,-0.50686
7209,-0.506361
7210,-0.506095
7211,-0.506057
7212,-0.506092
7213,-0.5061
7214,-0.505752
7215,-0.505568
7216,-0.505846
7217,-0.506027
7218,-0.505554
7219,-0.505247
7220,-0.505406
7221,-0.506055
7222,-0.506351
7223,-0.506487
7224,-0.505478
7225,-0.505775
7226,-0.506525
7227,-0.506781
7228,-0.507001
7229,-0.506276
7230,-0.506052
7231,-0.506715
7232,-0.507138
7233,-0.507364
7234,-0.50711
7235,-0.506249
7236,-0.505916
7237,-0.506861
7238,-0.507406
7239,-0.506967
7240,-0.506815
7241,-0.505259
7242,-0.505282
7243,-0.506135
7244,-0.507696
7245,-0.508453
7246,-0.506541
7247,-0.506147
7248,-0.508048
7249,-0.51087
7250,-0.512233
7251,-0.50944
7252,-0.507154
7253,-0.506899
7254,-0.511437
7255,-0.518353
7256,-0.521834
7257,-0.515131
7258,-0.508778
7259,-0.502149
7260,-0.511179
7261,-0.514904
7262,-0.519838
7263,-0.520764
7264,-0.523355
7265,-0.525439
7266,-0.521305
7267,-0.513572
7268,-0.506779
7269,-0.496708
7270,-0.493347
7271,-0.493172
7272,-0.498533
7273,-0.494056
7274,-0.49064
7275,-0.491202
7276,-0.491994
7277,-0.489931
7278,-0.485978
7279,-0.484038
7280,-0.481668
7281,-0.481583
7282,-0.476917
7283,-0.473988
7284,-0.473572
7285,-0.47439
7286,-0.474882
7287,-0.474283
7288,-0.473969
7289,-0.47584
7290,-0.476908
7291,-0.475123
7292,-0.473997
7293,-0.474124
7294,-0.474403
7295,-0.47388
7296,-0.472165
7297,-0.471581
7298,-0.471672
7299,-0.473143
7300,-0.473893
7301,-0.474423
7302,-0.473837
7303,-0.466962
7304,-0.463771
7305,-0.467317
7306,-0.474267
7307,-0.474489
7308,-0.472282
7309,-0.468561
7310,-0.459945
7311,-0.456672
7312,-0.464972
7313,-0.469456
7314,-0.46235
7315,-0.457804
7316,-0.460668
7317,-0.463127
7318,-0.461141
7319,-0.458569
7320,-0.457792
7321,-0.45893
7322,-0.459452
7323,-0.456508
7324,-0.454846
7325,-0.456225
7326,-0.45741
7327,-0.459808
7328,-0.460993
7329,-0.456177
7330,-0.452474
7331,-0.452373
7332,-0.453485
7333,-0.445922
7334,-0.440391
7335,-0.444503
7336,-0.449114
7337,-0.449314
7338,-0.448695
7339,-0.449734
7340,-0.452431
7341,-0.454337
7342,-0.454465
7343,-0.45307
7344,-0.452302
7345,-0.448268
7346,-0.452165
7347,-0.451669
7348,-0.441988
7349,-0.442089
7350,-0.44476
7351,-0.448566
7352,-0.459379
7353,-0.466946
7354,-0.477853
7355,-0.486284
7356,-0.490485
7357,-0.494204
7358,-0.499238
7359,-0.502329
7360,-0.503507
7361,-0.505498
7362,-0.506414
7363,-0.508125
7364,-0.508408
7365,-0.506004
7366,-0.50278
7367,-0.501438
7368,-0.498763
7369,-0.497523
7370,-0.49761
7371,-0.497238
7372,-0.496747
7373,-0.496274
7374,-0.494661
7375,-0.494649
7376,-0.495196
7377,-0.495562
7378,-0.495768
7379,-0.496319
7380,-0.497588
7381,-0.499284
7382,-0.500138
7383,-0.501017
7384,-0.502024
7385,-0.50226
7386,-0.500561
7387,-0.499485
7388,-0.49741
7389,-0.49524
7390,-0.494165
7391,-0.49313
7392,-0.49141
7393,-0.494274
7394,-0.497431
7395,-0.486499
7396,-0.481186
7397,-0.486853
7398,-0.490639
7399,-0.486181
7400,-0.479914
7401,-0.477654
7402,-0.479002
7403,-0.479594
7404,-0.476093
7405,-0.473536
7406,-0.473013
7407,-0.470933
7408,-0.469403
7409,-0.467417
7410,-0.467069
7411,-0.465204
7412,-0.464154
7413,-0.463933
7414,-0.463611
7415,-0.463627
7416,-0.46439
7417,-0.466172
7418,-0.467372
7419,-0.469993
7420,-0.476944
7421,-0.480379
7422,-0.480123
7423,-0.475351
7424,-0.467857
7425,-0.465637
7426,-0.46672
7427,-0.467717
7428,-0.464024
7429,-0.462773
7430,-0.471209
7431,-0.474683
7432,-0.468801
7433,-0.465101
7434,-0.466618
7435,-0.469338
7436,-0.467578
7437,-0.46394
7438,-0.461734
7439,-0.463519
7440,-0.465103
7441,-0.465906
7442,-0.466444
7443,-0.467686
7444,-0.472197
7445,-0.475014
7446,-0.478668
7447,-0.480832
7448,-0.486892
7449,-0.490262
7450,-0.493126
7451,-0.497319
7452,-0.498844
7453,-0.497464
7454,-0.494168
7455,-0.486636
7456,-0.483195
7457,-0.485854
7458,-0.494307
7459,-0.497652
7460,-0.478003
7461,-0.4594
7462,-0.49319
7463,-0.48834
7464,-0.484945
7465,-0.459296
7466,-0.434059
7467,-0.371535
7468,-0.332113
7469,-0.300661
7470,-0.367803
7471,-0.407864
7472,-0.506755
7473,-0.356477
7474,-0.409157
7475,-0.380805
7476,-0.418917
7477,-0.465521
7478,-0.443807
7479,-0.460035
7480,-0.475993
7481,-0.488553
7482,-0.501033
7483,-0.501451
7484,-0.497878
7485,-0.495552
7486,-0.491221
7487,-0.500239
7488,-0.501705
7489,-0.501022
7490,-0.50029
7491,-0.502426
7492,-0.502424
7493,-0.498416
7494,-0.49753
7495,-0.499481
7496,-0.501937
7497,-0.502263
7498,-0.500994
7499,-0.500867
7500,-0.503496
7501,-0.503638
7502,-0.503378
7503,-0.504236
7504,-0.503987
7505,-0.50395
7506,-0.504082
7507,-0.505013
7508,-0.503567
7509,-0.50479
7510,-0.50452
7511,-0.504757
7512,-0.504511
7513,-0.504244
7514,-0.504308
7515,-0.504525
7516,-0.505418
7517,-0.50598
7518,-0.505708
7519,-0.505592
7520,-0.505839
7521,-0.506216
7522,-0.50627
7523,-0.506367
7524,-0.506347
7525,-0.506482
7526,-0.506602
7527,-0.506679
7528,-0.506631
7529,-0.506614
7530,-0.506825
7531,-0.505733
7532,-0.504377
7533,-0.504575
7534,-0.506691
7535,-0.507418
7536,-0.506335
7537,-0.504972
7538,-0.504425
7539,-0.505306
7540,-0.505804
7541,-0.503598
7542,-0.502383
7543,-0.503522
7544,-0.504386
7545,-0.504147
7546,-0.503243
7547,-0.502999
7548,-0.503706
7549,-0.505625
7550,-0.506152
7551,-0.505767
7552,-0.505519
7553,-0.505998
7554,-0.506623
7555,-0.507439
7556,-0.50871
7557,-0.510261
7558,-0.511516
7559,-0.51189
7560,-0.511154
7561,-0.510648
7562,-0.511759
7563,-0.512545
7564,-0.512883
7565,-0.513134
7566,-0.513674
7567,-0.513871
7568,-0.513661
7569,-0.51353
7570,-0.513628
7571,-0.513715
7572,-0.513868
7573,-0.514436
7574,-0.514772
7575,-0.514881
7576,-0.514633
7577,-0.514714
7578,-0.51479
7579,-0.514525
7580,-0.514342
7581,-0.514168
7582,-0.517266
7583,-0.517219
7584,-0.515901
7585,-0.515558
7586,-0.518044
7587,-0.51812
7588,-0.518181
7589,-0.51859
7590,-0.518109
7591,-0.518383
7592,-0.518449
7593,-0.5182
7594,-0.516681
7595,-0.516144
7596,-0.515638
7597,-0.515786
7598,-0.516629
7599,-0.517299
7600,-0.51827
7601,-0.518723
7602,-0.518532
7603,-0.518275
7604,-0.517868
7605,-0.517783
7606,-0.517975
7607,-0.518073
7608,-0.519083
7609,-0.51939
7610,-0.519397
7611,-0.519314
7612,-0.519258
7613,-0.519204
7614,-0.518789
7615,-0.518781
7616,-0.5191
7617,-0.519397
7618,-0.519422
7619,-0.519239
7620,-0.519234
7621,-0.519325
7622,-0.519357
7623,-0.519367
7624,-0.519441
7625,-0.51956
7626,-0.519613
7627,-0.519659
7628,-0.519709
7629,-0.519735
7630,-0.51972
7631,-0.519167
7632,-0.519354
7633,-0.519625
7634,-0.519787
7635,-0.518908
7636,-0.518694
7637,-0.518869
7638,-0.519061
7639,-0.518729
7640,-0.518477
7641,-0.518587
7642,-0.51924
7643,-0.519243
7644,-0.519182
7645,-0.519169
7646,-0.518921
7647,-0.518723
7648,-0.51859
7649,-0.518371
7650,-0.518037
7651,-0.517856
7652,-0.517821
7653,-0.517071
7654,-0.516009
7655,-0.514778
7656,-0.51435
7657,-0.51476
7658,-0.515084
7659,-0.516643
7660,-0.512895
7661,-0.507228
7662,-0.505415
7663,-0.507761
7664,-0.50754
7665,-0.505328
7666,-0.508491
7667,-0.511382
7668,-0.513435
7669,-0.511116
7670,-0.509076
7671,-0.510185
7672,-0.510529
7673,-0.508599
7674,-0.508175
7675,-0.510145
7676,-0.511366
7677,-0.509086
7678,-0.507582
7679,-0.508551
7680,-0.509298
7681,-0.50785
7682,-0.508137
7683,-0.509116
7684,-0.500534
7685,-0.493921
7686,-0.491472
7687,-0.501933
7688,-0.507448
7689,-0.509508
7690,-0.513645
7691,-0.51313
7692,-0.513053
7693,-0.513095
7694,-0.513435
7695,-0.51296
7696,-0.503965
7697,-0.489854
7698,-0.478349
7699,-0.45744
7700,-0.440494
7701,-0.434031
7702,-0.427866
7703,-0.42526
7704,-0.422161
7705,-0.421929
7706,-0.423937
7707,-0.42841
7708,-0.434276
7709,-0.450352
7710,-0.461165
7711,-0.481551
7712,-0.487691
7713,-0.495929
7714,-0.499204
7715,-0.500383
7716,-0.504738
7717,-0.506679
7718,-0.506445
7719,-0.502594
7720,-0.49837
7721,-0.497059
7722,-0.494645
7723,-0.492318
7724,-0.492584
7725,-0.492399
7726,-0.491796
7727,-0.496681
7728,-0.498763
7729,-0.50419
7730,-0.501909
7731,-0.49678
7732,-0.494671
7733,-0.493061
7734,-0.491461
7735,-0.490396
7736,-0.489436
7737,-0.484647
7738,-0.48216
7739,-0.476872
7740,-0.473792
7741,-0.467065
7742,-0.459904
7743,-0.456688
7744,-0.442305
7745,-0.427984
7746,-0.421367
7747,-0.456277
7748,-0.465964
7749,-0.48691
7750,-0.501107
7751,-0.500552
7752,-0.496491
7753,-0.488524
7754,-0.494323
7755,-0.499571
7756,-0.49332
7757,-0.49122
7758,-0.491986
7759,-0.491862
7760,-0.492208
7761,-0.49342
7762,-0.4946
7763,-0.493541
7764,-0.490888
7765,-0.487241
7766,-0.485581
7767,-0.488257
7768,-0.490698
7769,-0.49123
7770,-0.490451
7771,-0.488596
7772,-0.486849
7773,-0.486725
7774,-0.487613
7775,-0.487435
7776,-0.485447
7777,-0.482521
7778,-0.482024
7779,-0.485743
7780,-0.487331
7781,-0.482033
7782,-0.478829
7783,-0.478642
7784,-0.47799
7785,-0.471575
7786,-0.464641
7787,-0.460992
7788,-0.441627
7789,-0.430995
7790,-0.421365
7791,-0.41675
7792,-0.428909
7793,-0.447946
7794,-0.458057
7795,-0.460081
7796,-0.462052
7797,-0.468353
7798,-0.475943
7799,-0.479264
7800,-0.484887
7801,-0.48815
7802,-0.489171
7803,-0.491014
7804,-0.491865
7805,-0.492481
7806,-0.493029
7807,-0.493363
7808,-0.493526
7809,-0.49397
7810,-0.494186
7811,-0.494107
7812,-0.493905
7813,-0.493848
7814,-0.494161
7815,-0.493216
7816,-0.492153
7817,-0.488341
7818,-0.486048
7819,-0.485164
7820,-0.484429
7821,-0.484355
7822,-0.485431
7823,-0.486876
7824,-0.487642
7825,-0.486358
7826,-0.485292
7827,-0.483863
7828,-0.483395
7829,-0.484288
7830,-0.483701
7831,-0.483133
7832,-0.482305
7833,-0.481959
7834,-0.481411
7835,-0.481164
7836,-0.480941
7837,-0.480598
7838,-0.480474
7839,-0.48041
7840,-0.480832
7841,-0.481052
7842,-0.481003
7843,-0.480981
7844,-0.481027
7845,-0.481477
7846,-0.482693
7847,-0.483274
7848,-0.484474
7849,-0.484679
7850,-0.484326
7851,-0.484369
7852,-0.486518
7853,-0.486757
7854,-0.486603
7855,-0.488448
7856,-0.489779
7857,-0.488799
7858,-0.486684
7859,-0.484197
7860,-0.476319
7861,-0.469536
7862,-0.461687
7863,-0.459213
7864,-0.457065
7865,-0.473219
7866,-0.483319
7867,-0.489386
7868,-0.487911
7869,-0.479648
7870,-0.476256
7871,-0.477921
7872,-0.479127
7873,-0.472083
7874,-0.467971
7875,-0.467853
7876,-0.471099
7877,-0.471406
7878,-0.467182
7879,-0.464283
7880,-0.465944
7881,-0.46685
7882,-0.463821
7883,-0.458845
7884,-0.457436
7885,-0.461212
7886,-0.465161
7887,-0.466
7888,-0.459319
7889,-0.458778
7890,-0.460565
7891,-0.464393
7892,-0.465313
7893,-0.45963
7894,-0.459336
7895,-0.46179
7896,-0.464351
7897,-0.464962
7898,-0.461134
7899,-0.462986
7900,-0.465621
7901,-0.463308
7902,-0.460838
7903,-0.458623
7904,-0.462498
7905,-0.46519
7906,-0.464035
7907,-0.459886
7908,-0.4572
7909,-0.461505
7910,-0.464475
7911,-0.462661
7912,-0.461767
7913,-0.458171
7914,-0.457329
7915,-0.460332
7916,-0.46824
7917,-0.47099
7918,-0.460715
7919,-0.455417
7920,-0.464893
7921,-0.469619
7922,-0.469174
7923,-0.465329
7924,-0.461834
7925,-0.463105
7926,-0.464898
7927,-0.466415
7928,-0.462097
7929,-0.459401
7930,-0.459353
7931,-0.46319
7932,-0.464832
7933,-0.459825
7934,-0.456919
7935,-0.458989
7936,-0.460921
7937,-0.46082
7938,-0.460021
7939,-0.459134
7940,-0.456502
7941,-0.455753
7942,-0.45927
7943,-0.461554
7944,-0.461312
7945,-0.458026
7946,-0.453258
7947,-0.452361
7948,-0.455614
7949,-0.459194
7950,-0.460333
7951,-0.452965
7952,-0.445461
7953,-0.445152
7954,-0.448581
7955,-0.449737
7956,-0.442144
7957,-0.440204
7958,-0.444245
7959,-0.449387
7960,-0.450709
7961,-0.443674
7962,-0.447476
7963,-0.454682
7964,-0.452331
7965,-0.448436
7966,-0.450868
7967,-0.457161
7968,-0.463885
7969,-0.465255
7970,-0.46483
7971,-0.467013
7972,-0.466726
7973,-0.46643
7974,-0.465843
7975,-0.466642
7976,-0.464864
7977,-0.466478
7978,-0.466162
7979,-0.466161
7980,-0.463903
7981,-0.461489
7982,-0.465903
7983,-0.465344
7984,-0.465353
7985,-0.464567
7986,-0.46549
7987,-0.465307
7988,-0.465091
7989,-0.462732
7990,-0.465063
7991,-0.464318
7992,-0.464552
7993,-0.464872
7994,-0.464382
7995,-0.464446
7996,-0.463978
7997,-0.463883
7998,-0.463787
7999,-0.463727
8000,-0.464564
8001,-0.461559
8002,-0.46093
8003,-0.46297
8004,-0.462393
8005,-0.463243
8006,-0.463881
8007,-0.462824
8008,-0.461847
8009,-0.461639
8010,-0.461999
8011,-0.46234
8012,-0.462073
8013,-0.461507
8014,-0.461121
8015,-0.461022
8016,-0.461239
8017,-0.461806
8018,-0.462038
8019,-0.461964
8020,-0.461746
8021,-0.461393
8022,-0.461272
8023,-0.462291
8024,-0.460181
8025,-0.449529
8026,-0.439303
8027,-0.43435
8028,-0.449849
8029,-0.455617
8030,-0.459877
8031,-0.458813
8032,-0.459738
8033,-0.460222
8034,-0.459888
8035,-0.459565
8036,-0.459547
8037,-0.459958
8038,-0.460083
8039,-0.459671
8040,-0.459653
8041,-0.457436
8042,-0.454188
8043,-0.45445
8044,-0.453715
8045,-0.456608
8046,-0.460396
8047,-0.459876
8048,-0.450457
8049,-0.44587
8050,-0.458422
8051,-0.459013
8052,-0.45919
8053,-0.44986
8054,-0.444535
8055,-0.448297
8056,-0.456801
8057,-0.458868
8058,-0.448918
8059,-0.446812
8060,-0.444949
8061,-0.456253
8062,-0.458481
8063,-0.457374
8064,-0.446667
8065,-0.445745
8066,-0.456221
8067,-0.457564
8068,-0.454213
8069,-0.450425
8070,-0.448443
8071,-0.449056
8072,-0.45091
8073,-0.451212
8074,-0.446686
8075,-0.44392
8076,-0.443207
8077,-0.444653
8078,-0.445519
8079,-0.444279
8080,-0.442321
8081,-0.440944
8082,-0.440892
8083,-0.442749
8084,-0.443194
8085,-0.439392
8086,-0.436819
8087,-0.432418
8088,-0.422688
8089,-0.413491
8090,-0.41005
8091,-0.419623
8092,-0.423883
8093,-0.416541
8094,-0.411326
8095,-0.4165
8096,-0.422172
8097,-0.435051
8098,-0.439923
8099,-0.438483
8100,-0.423821
8101,-0.417091
8102,-0.425476
8103,-0.432577
8104,-0.437117
8105,-0.436012
8106,-0.422934
8107,-0.420185
8108,-0.424233
8109,-0.42649
8110,-0.422886
8111,-0.423798
8112,-0.434269
8113,-0.448994
8114,-0.4518
8115,-0.440564
8116,-0.430582
8117,-0.424025
8118,-0.431152
8119,-0.435743
8120,-0.428692
8121,-0.417537
8122,-0.411719
8123,-0.410873
8124,-0.412446
8125,-0.415051
8126,-0.41397
8127,-0.412071
8128,-0.411576
8129,-0.412589
8130,-0.415296
8131,-0.415194
8132,-0.413894
8133,-0.413553
8134,-0.416784
8135,-0.418627
8136,-0.418284
8137,-0.418427
8138,-0.419727
8139,-0.421639
8140,-0.423144
8141,-0.42413
8142,-0.424366
8143,-0.424211
8144,-0.422598
8145,-0.420042
8146,-0.419019
8147,-0.417269
8148,-0.414745
8149,-0.412675
8150,-0.41185
8151,-0.411056
8152,-0.409407
8153,-0.408669
8154,-0.407554
8155,-0.407059
8156,-0.406326
8157,-0.405763
8158,-0.405269
8159,-0.404996
8160,-0.404546
8161,-0.404389
8162,-0.404209
8163,-0.404154
8164,-0.404133
8165,-0.40422
8166,-0.404269
8167,-0.404185
8168,-0.404134
8169,-0.404037
8170,-0.40392
8171,-0.403848
8172,-0.403882
8173,-0.403908
8174,-0.403886
8175,-0.403936
8176,-0.403945
8177,-0.403881
8178,-0.403813
8179,-0.403729
8180,-0.403742
8181,-0.403704
8182,-0.403719
8183,-0.403739
8184,-0.403888
8185,-0.404002
8186,-0.404138
8187,-0.404468
8188,-0.404633
8189,-0.404866
8190,-0.405015
8191,-0.405422
8192,-0.405614
8193,-0.405903
8194,-0.406076
8195,-0.406761
8196,-0.407256
8197,-0.408506
8198,-0.411282
8199,-0.413036
8200,-0.41966
8201,-0.424004
8202,-0.421826
8203,-0.419355
8204,-0.415753
8205,-0.414878
8206,-0.414702
8207,-0.41234
8208,-0.411022
8209,-0.409376
8210,-0.408747
8211,-0.40857
8212,-0.408399
8213,-0.407791
8214,-0.407671
8215,-0.408195
8216,-0.408519
8217,-0.408927
8218,-0.40912
8219,-0.409321
8220,-0.409407
8221,-0.409371
8222,-0.409312
8223,-0.409154
8224,-0.408842
8225,-0.408691
8226,-0.408411
8227,-0.408251
8228,-0.408079
8229,-0.407688
8230,-0.407494
8231,-0.407207
8232,-0.407095
8233,-0.406792
8234,-0.406654
8235,-0.40659
8236,-0.406577
8237,-0.406664
8238,-0.406685
8239,-0.406769
8240,-0.406786
8241,-0.406854
8242,-0.40692
8243,-0.407034
8244,-0.407082
8245,-0.407159
8246,-0.407237
8247,-0.407285
8248,-0.407554
8249,-0.407672
8250,-0.407926
8251,-0.408012
8252,-0.408264
8253,-0.408406
8254,-0.408564
8255,-0.408943
8256,-0.409123
8257,-0.409454
8258,-0.409794
8259,-0.409963
8260,-0.410481
8261,-0.410764
8262,-0.410984
8263,-0.411476
8264,-0.411698
8265,-0.41222
8266,-0.412437
8267,-0.412616
8268,-0.41299
8269,-0.413168
8270,-0.412834
8271,-0.41264
8272,-0.412452
8273,-0.412257
8274,-0.41187
8275,-0.41168
8276,-0.411498
8277,-0.411131
8278,-0.410951
8279,-0.410613
8280,-0.410462
8281,-0.410315
8282,-0.410018
8283,-0.409872
8284,-0.409584
8285,-0.409442
8286,-0.409303
8287,-0.409022
8288,-0.408883
8289,-0.408604
8290,-0.408465
8291,-0.408242
8292,-0.40813
8293,-0.407908
8294,-0.407771
8295,-0.407475
8296,-0.407321
8297,-0.407076
8298,-0.406941
8299,-0.406809
8300,-0.406532
8301,-0.406396
8302,-0.406165
8303,-0.406057
8304,-0.40597
8305,-0.405706
8306,-0.40562
8307,-0.405428
8308,-0.405244
8309,-0.405081
8310,-0.404926
8311,-0.404766
8312,-0.404686
8313,-0.40461
8314,-0.404462
8315,-0.404407
8316,-0.404331
8317,-0.404172
8318,-0.404086
8319,-0.40393
8320,-0.403741
8321,-0.403547
8322,-0.403388
8323,-0.40328
8324,-0.403206
8325,-0.403177
8326,-0.403205
8327,-0.403252
8328,-0.403323
8329,-0.403348
8330,-0.403432
8331,-0.403554
8332,-0.403595
8333,-0.403625
8334,-0.403479
8335,-0.403168
8336,-0.403022
8337,-0.403051
8338,-0.403123
8339,-0.40297
8340,-0.402873
8341,-0.402921
8342,-0.402992
8343,-0.403
8344,-0.402864
8345,-0.402792
8346,-0.402801
8347,-0.402814
8348,-0.402758
8349,-0.402705
8350,-0.40262
8351,-0.402536
8352,-0.402314
8353,-0.402174
8354,-0.401951
8355,-0.401836
8356,-0.401645
8357,-0.4014
8358,-0.401167
8359,-0.401056
8360,-0.400896
8361,-0.400654
8362,-0.400469
8363,-0.400231
8364,-0.400103
8365,-0.399788
8366,-0.39959
8367,-0.39932
8368,-0.399022
8369,-0.398875
8370,-0.398561
8371,-0.398398
8372,-0.398143
8373,-0.397978
8374,-0.397815
8375,-0.397566
8376,-0.397455
8377,-0.397012
8378,-0.396844
8379,-0.396706
8380,-0.396491
8381,-0.396274
8382,-0.396174
8383,-0.396119
8384,-0.396008
8385,-0.39594
8386,-0.395833
8387,-0.395622
8388,-0.395505
8389,-0.395256
8390,-0.395151
8391,-0.395057
8392,-0.394918
8393,-0.394849
8394,-0.394725
8395,-0.394662
8396,-0.394588
8397,-0.394444
8398,-0.394297
8399,-0.394223
8400,-0.394156
8401,-0.394044
8402,-0.393988
8403,-0.393846
8404,-0.393774
8405,-0.393663
8406,-0.393613
8407,-0.393478
8408,-0.393406
8409,-0.393343
8410,-0.393236
8411,-0.39318
8412,-0.393025
8413,-0.392957
8414,-0.392851
8415,-0.392796
8416,-0.392656
8417,-0.392583
8418,-0.392424
8419,-0.392354
8420,-0.392216
8421,-0.392147
8422,-0.392065
8423,-0.391895
8424,-0.391811
8425,-0.391667
8426,-0.391603
8427,-0.391535
8428,-0.391385
8429,-0.391314
8430,-0.391158
8431,-0.391078
8432,-0.390922
8433,-0.390844
8434,-0.39077
8435,-0.39062
8436,-0.390545
8437,-0.390397
8438,-0.390324
8439,-0.390184
8440,-0.390113
8441,-0.390037
8442,-0.389883
8443,-0.389733
8444,-0.389659
8445,-0.389515
8446,-0.389441
8447,-0.389367
8448,-0.389218
8449,-0.389149
8450,-0.389078
8451,-0.388936
8452,-0.388864
8453,-0.388789
8454,-0.388642
8455,-0.388491
8456,-0.388415
8457,-0.388261
8458,-0.388184
8459,-0.388028
8460,-0.38795
8461,-0.387792
8462,-0.387713
8463,-0.387633
8464,-0.387468
8465,-0.387384
8466,-0.387301
8467,-0.387137
8468,-0.387003
8469,-0.386948
8470,-0.386829
8471,-0.386765
8472,-0.386625
8473,-0.386551
8474,-0.386476
8475,-0.386318
8476,-0.386237
8477,-0.386079
8478,-0.386
8479,-0.385834
8480,-0.385666
8481,-0.385582
8482,-0.385408
8483,-0.385319
8484,-0.385143
8485,-0.385053
8486,-0.384874
8487,-0.384783
8488,-0.384599
8489,-0.384414
8490,-0.384228
8491,-0.384038
8492,-0.383942
8493,-0.383746
8494,-0.38355
8495,-0.383453
8496,-0.383259
8497,-0.383061
8498,-0.382961
8499,-0.382758
8500,-0.382654
8501,-0.382449
8502,-0.382344
8503,-0.382229
8504,-0.382208
8505,-0.382114
8506,-0.381975
8507,-0.381889
8508,-0.381712
8509,-0.381608
8510,-0.381396
8511,-0.381159
8512,-0.381038
8513,-0.380794
8514,-0.38066
8515,-0.380406
8516,-0.380134
8517,-0.379995
8518,-0.379854
8519,-0.37944
8520,-0.378936
8521,-0.378056
8522,-0.377228
8523,-0.376837
8524,-0.376053
8525,-0.37566
8526,-0.374895
8527,-0.374265
8528,-0.373834
8529,-0.373486
8530,-0.372727
8531,-0.372302
8532,-0.371343
8533,-0.370869
8534,-0.370164
8535,-0.369431
8536,-0.369031
8537,-0.368136
8538,-0.367339
8539,-0.366978
8540,-0.366261
8541,-0.365892
8542,-0.364966
8543,-0.36452
8544,-0.363804
8545,-0.363449
8546,-0.362539
8547,-0.361697
8548,-0.361532
8549,-0.361236
8550,-0.361051
8551,-0.360548
8552,-0.360261
8553,-0.359743
8554,-0.359156
8555,-0.358532
8556,-0.358206
8557,-0.357543
8558,-0.357208
8559,-0.356527
8560,-0.356194
8561,-0.355516
8562,-0.354825
8563,-0.354478
8564,-0.353862
8565,-0.353207
8566,-0.35256
8567,-0.352212
8568,-0.351397
8569,-0.350954
8570,-0.350284
8571,-0.350019
8572,-0.349825
8573,-0.349465
8574,-0.349288
8575,-0.348795
8576,-0.348559
8577,-0.348257
8578,-0.348125
8579,-0.347714
8580,-0.347495
8581,-0.347089
8582,-0.346897
8583,-0.346521
8584,-0.346333
8585,-0.345904
8586,-0.345689
8587,-0.345289
8588,-0.345424
8589,-0.345575
8590,-0.345607
8591,-0.345585
8592,-0.345565
8593,-0.345465
8594,-0.345393
8595,-0.344907
8596,-0.344756
8597,-0.34467
8598,-0.344633
8599,-0.344648
8600,-0.344703
8601,-0.344768
8602,-0.344931
8603,-0.345007
8604,-0.344995
8605,-0.344992
8606,-0.344957
8607,-0.344989
8608,-0.345088
8609,-0.344821
8610,-0.344718
8611,-0.344551
8612,-0.344485
8613,-0.344387
8614,-0.344352
8615,-0.344328
8616,-0.344308
8617,-0.344308
8618,-0.344334
8619,-0.344354
8620,-0.344382
8621,-0.344447
8622,-0.344528
8623,-0.344574
8624,-0.344095
8625,-0.343849
8626,-0.343359
8627,-0.343115
8628,-0.34263
8629,-0.342388
8630,-0.341905
8631,-0.341662
8632,-0.341175
8633,-0.340932
8634,-0.340445
8635,-0.340202
8636,-0.339959
8637,-0.339475
8638,-0.339233
8639,-0.338993
8640,-0.338513
8641,-0.338037
8642,-0.337564
8643,-0.337329
8644,-0.337096
8645,-0.336633
8646,-0.336408
8647,-0.335975
8648,-0.33576
8649,-0.335367
8650,-0.335124
8651,-0.334914
8652,-0.334495
8653,-0.334286
8654,-0.333873
8655,-0.333465
8656,-0.333263
8657,-0.33306
8658,-0.332658
8659,-0.332459
8660,-0.332259
8661,-0.331867
8662,-0.331672
8663,-0.331276
8664,-0.331093
8665,-0.330822
8666,-0.330681
8667,-0.330262
8668,-0.330052
8669,-0.329849
8670,-0.329465
8671,-0.329278
8672,-0.32894
8673,-0.328774
8674,-0.328419
8675,-0.32824
8676,-0.3279
8677,-0.327734
8678,-0.327408
8679,-0.327079
8680,-0.32675
8681,-0.326586
8682,-0.32627
8683,-0.326115
8684,-0.325801
8685,-0.325644
8686,-0.325347
8687,-0.325192
8688,-0.325042
8689,-0.32473
8690,-0.32458
8691,-0.324287
8692,-0.324136
8693,-0.32384
8694,-0.323693
8695,-0.323404
8696,-0.323277
8697,-0.323005
8698,-0.322867
8699,-0.322549
8700,-0.322397
8701,-0.32214
8702,-0.322017
8703,-0.321968
8704,-0.321822
8705,-0.321748
8706,-0.321355
8707,-0.321007
8708,-0.320702
8709,-0.32048
8710,-0.3204
8711,-0.320053
8712,-0.319885
8713,-0.319732
8714,-0.319464
8715,-0.319385
8716,-0.319071
8717,-0.318916
8718,-0.318663
8719,-0.318542
8720,-0.318419
8721,-0.318081
8722,-0.317754
8723,-0.317601
8724,-0.31733
8725,-0.3172
8726,-0.317097
8727,-0.316865
8728,-0.316734
8729,-0.316492
8730,-0.316361
8731,-0.316089
8732,-0.315996
8733,-0.315749
8734,-0.315304
8735,-0.315114
8736,-0.314929
8737,-0.314637
8738,-0.314505
8739,-0.314264
8740,-0.314152
8741,-0.313932
8742,-0.313826
8743,-0.31361
8744,-0.313505
8745,-0.313292
8746,-0.313187
8747,-0.312975
8748,-0.312765
8749,-0.312681
8750,-0.312529
8751,-0.312366
8752,-0.312203
8753,-0.312036
8754,-0.311712
8755,-0.311565
8756,-0.311281
8757,-0.311137
8758,-0.311004
8759,-0.310749
8760,-0.310627
8761,-0.310398
8762,-0.31029
8763,-0.310095
8764,-0.310001
8765,-0.309904
8766,-0.30971
8767,-0.309615
8768,-0.309434
8769,-0.309346
8770,-0.309255
8771,-0.30907
8772,-0.308978
8773,-0.308802
8774,-0.308714
8775,-0.308533
8776,-0.308443
8777,-0.308353
8778,-0.308174
8779,-0.308085
8780,-0.307907
8781,-0.307817
8782,-0.307728
8783,-0.307549
8784,-0.307459
8785,-0.307282
8786,-0.307194
8787,-0.307016
8788,-0.306928
8789,-0.306751
8790,-0.306663
8791,-0.306486
8792,-0.306397
8793,-0.30622
8794,-0.306131
8795,-0.306043
8796,-0.305865
8797,-0.305776
8798,-0.305598
8799,-0.305509
8800,-0.30533
8801,-0.305241
8802,-0.305062
8803,-0.304972
8804,-0.304789
8805,-0.304696
8806,-0.304604
8807,-0.304415
8808,-0.304321
8809,-0.30414
8810,-0.304049
8811,-0.303957
8812,-0.303764
8813,-0.303668
8814,-0.303486
8815,-0.303393
8816,-0.3033
8817,-0.303204
8818,-0.303013
8819,-0.302848
8820,-0.302665
8821,-0.302596
8822,-0.302413
8823,-0.30232
8824,-0.302136
8825,-0.302044
8826,-0.301856
8827,-0.301666
8828,-0.301571
8829,-0.301377
8830,-0.301181
8831,-0.301083
8832,-0.300985
8833,-0.300784
8834,-0.300584
8835,-0.300484
8836,-0.300281
8837,-0.300077
8838,-0.299975
8839,-0.299767
8840,-0.29966
8841,-0.299453
8842,-0.299347
8843,-0.299135
8844,-0.299029
8845,-0.298922
8846,-0.298732
8847,-0.298557
8848,-0.298464
8849,-0.298267
8850,-0.298061
8851,-0.297955
8852,-0.297736
8853,-0.297625
8854,-0.297512
8855,-0.297283
8856,-0.297166
8857,-0.29693
8858,-0.29657
8859,-0.296448
8860,-0.296201
8861,-0.296076
8862,-0.295948
8863,-0.295696
8864,-0.295568
8865,-0.295306
8866,-0.295031
8867,-0.294748
8868,-0.294605
8869,-0.294339
8870,-0.294081
8871,-0.293814
8872,-0.293677
8873,-0.2934
8874,-0.293248
8875,-0.29295
8876,-0.292816
8877,-0.292541
8878,-0.2924
8879,-0.292256
8880,-0.291943
8881,-0.291665
8882,-0.291523
8883,-0.291232
8884,-0.291083
8885,-0.29078
8886,-0.290626
8887,-0.290471
8888,-0.290144
8889,-0.289979
8890,-0.289658
8891,-0.2895
8892,-0.289335
8893,-0.289006
8894,-0.28867
8895,-0.288505
8896,-0.288164
8897,-0.287986
8898,-0.287647
8899,-0.287293
8900,-0.28711
8901,-0.286752
8902,-0.286392
8903,-0.286023
8904,-0.285647
8905,-0.285455
8906,-0.285084
8907,-0.28469
8908,-0.284497
8909,-0.284099
8910,-0.283693
8911,-0.283285
8912,-0.282876
8913,-0.282669
8914,-0.282245
8915,-0.28181
8916,-0.281382
8917,-0.280945
8918,-0.280724
8919,-0.280274
8920,-0.279822
8921,-0.279365
8922,-0.278902
8923,-0.278429
8924,-0.278191
8925,-0.277718
8926,-0.277236
8927,-0.276771
8928,-0.276294
8929,-0.276049
8930,-0.275537
8931,-0.275011
8932,-0.274467
8933,-0.274195
8934,-0.273652
8935,-0.27338
8936,-0.273107
8937,-0.272585
8938,-0.272334
8939,-0.271821
8940,-0.271561
8941,-0.271299
8942,-0.271036
8943,-0.270506
8944,-0.270232
8945,-0.269954
8946,-0.269402
8947,-0.269128
8948,-0.268853
8949,-0.268301
8950,-0.268023
8951,-0.26774
8952,-0.267185
8953,-0.266896
8954,-0.266605
8955,-0.266324
8956,-0.265758
8957,-0.265474
8958,-0.264902
8959,-0.264616
8960,-0.264328
8961,-0.263742
8962,-0.263453
8963,-0.263163
8964,-0.262571
8965,-0.26228
8966,-0.261989
8967,-0.261697
8968,-0.2614
8969,-0.260816
8970,-0.260522
8971,-0.25993
8972,-0.259631
8973,-0.259028
8974,-0.25873
8975,-0.258139
8976,-0.257561
8977,-0.257247
8978,-0.256651
8979,-0.256352
8980,-0.255754
8981,-0.255456
8982,-0.254857
8983,-0.254259
8984,-0.253661
8985,-0.253362
8986,-0.253063
8987,-0.252466
8988,-0.252168
8989,-0.251871
8990,-0.251574
8991,-0.25098
8992,-0.250684
8993,-0.250093
8994,-0.249799
8995,-0.24921
8996,-0.248916
8997,-0.248327
8998,-0.248034
8999,-0.247448
9000,-0.247156
9001,-0.246864
9002,-0.246282
9003,-0.245992
9004,-0.245414
9005,-0.244838
9006,-0.244552
9007,-0.243981
9008,-0.243696
9009,-0.243131
9010,-0.24285
9011,-0.24229
9012,-0.242012
9013,-0.241734
9014,-0.241183
9015,-0.240908
9016,-0.240362
9017,-0.24009
9018,-0.23955
9019,-0.239282
9020,-0.239014
9021,-0.238747
9022,-0.238217
9023,-0.237953
9024,-0.237691
9025,-0.237429
9026,-0.236911
9027,-0.236653
9028,-0.236141
9029,-0.235887
9030,-0.235633
9031,-0.235381
9032,-0.234882
9033,-0.234634
9034,-0.234387
9035,-0.233895
9036,-0.233651
9037,-0.23317
9038,-0.232939
9039,-0.232708
9040,-0.232478
9041,-0.232018
9042,-0.231789
9043,-0.231559
9044,-0.231108
9045,-0.230664
9046,-0.230227
9047,-0.230011
9048,-0.229586
9049,-0.229376
9050,-0.229167
9051,-0.228959
9052,-0.228544
9053,-0.228338
9054,-0.227933
9055,-0.227732
9056,-0.227532
9057,-0.227135
9058,-0.226938
9059,-0.226548
9060,-0.226355
9061,-0.226167
9062,-0.22598
9063,-0.225796
9064,-0.225425
9065,-0.225257
9066,-0.224879
9067,-0.224694
9068,-0.22434
9069,-0.224154
9070,-0.223971
9071,-0.223609
9072,-0.223431
9073,-0.223253
9074,-0.22308
9075,-0.222753
9076,-0.222411
9077,-0.222087
9078,-0.221724
9079,-0.221542
9080,-0.221368
9081,-0.221169
9082,-0.220915
9083,-0.22064
9084,-0.220226
9085,-0.220147
9086,-0.219759
9087,-0.219686
9088,-0.219232
9089,-0.219023
9090,-0.218914
9091,-0.218615
9092,-0.218425
9093,-0.218242
9094,-0.217895
9095,-0.217729
9096,-0.217567
9097,-0.217327
9098,-0.217242
9099,-0.217092
9100,-0.216746
9101,-0.216571
9102,-0.216236
9103,-0.216074
9104,-0.215944
9105,-0.215668
9106,-0.215519
9107,-0.215223
9108,-0.215078
9109,-0.214886
9110,-0.214649
9111,-0.214491
9112,-0.214333
9113,-0.214183
9114,-0.213949
9115,-0.213805
9116,-0.213241
9117,-0.213014
9118,-0.212654
9119,-0.212505
9120,-0.212265
9121,-0.212163
9122,-0.21206
9123,-0.211869
9124,-0.211778
9125,-0.21159
9126,-0.2115
9127,-0.211316
9128,-0.211227
9129,-0.211136
9130,-0.210964
9131,-0.210866
9132,-0.210009
9133,-0.209244
9134,-0.209222
9135,-0.20907
9136,-0.210011
9137,-0.210571
9138,-0.210142
9139,-0.209995
9140,-0.209746
9141,-0.209489
9142,-0.209269
9143,-0.208817
9144,-0.208634
9145,-0.208483
9146,-0.208232
9147,-0.208123
9148,-0.208026
9149,-0.207936
9150,-0.207852
9151,-0.207698
9152,-0.207557
9153,-0.207426
9154,-0.207301
9155,-0.207241
9156,-0.207181
9157,-0.207065
9158,-0.207008
9159,-0.206952
9160,-0.206841
9161,-0.206786
9162,-0.206732
9163,-0.206625
9164,-0.206572
9165,-0.20652
9166,-0.206468
9167,-0.206365
9168,-0.206315
9169,-0.206265
9170,-0.206166
9171,-0.206117
9172,-0.20602
9173,-0.205972
9174,-0.205924
9175,-0.205877
9176,-0.205829
9177,-0.205735
9178,-0.20569
9179,-0.205644
9180,-0.205553
9181,-0.205509
9182,-0.205422
9183,-0.205379
9184,-0.205337
9185,-0.205253
9186,-0.205212
9187,-0.205173
9188,-0.205093
9189,-0.205055
9190,-0.205018
9191,-0.204944
9192,-0.204909
9193,-0.204875
9194,-0.204805
9195,-0.204773
9196,-0.20474
9197,-0.204708
9198,-0.204645
9199,-0.204587
9200,-0.204409
9201,-0.204324
9202,-0.20417
9203,-0.204104
9204,-0.203994
9205,-0.203906
9206,-0.203867
9207,-0.203801
9208,-0.203771
9209,-0.203717
9210,-0.203694
9211,-0.203674
9212,-0.203635
9213,-0.203618
9214,-0.203588
9215,-0.20356
9216,-0.203548
9217,-0.203536
9218,-0.203513
9219,-0.203502
9220,-0.203487
9221,-0.203471
9222,-0.203465
9223,-0.203452
9224,-0.203446
9225,-0.203434
9226,-0.203428
9227,-0.203418
9228,-0.203457
9229,-0.203523
9230,-0.202895
9231,-0.202331
9232,-0.202825
9233,-0.202294
9234,-0.202608
9235,-0.204458
9236,-0.204416
9237,-0.204378
9238,-0.204179
9239,-0.2041
9240,-0.204011
9241,-0.203979
9242,-0.203936
9243,-0.20392
9244,-0.203901
9245,-0.203892
9246,-0.203886
9247,-0.203868
9248,-0.203861
9249,-0.20385
9250,-0.203826
9251,-0.203806
9252,-0.203821
9253,-0.203828
9254,-0.203837
9255,-0.203835
9256,-0.203845
9257,-0.203852
9258,-0.203885
9259,-0.203877
9260,-0.203916
9261,-0.203907
9262,-0.203925
9263,-0.203978
9264,-0.204005
9265,-0.204066
9266,-0.204126
9267,-0.20415
9268,-0.204204
9269,-0.204202
9270,-0.204209
9271,-0.20426
9272,-0.204352
9273,-0.204422
9274,-0.204425
9275,-0.204475
9276,-0.204566
9277,-0.204607
9278,-0.204722
9279,-0.204776
9280,-0.204804
9281,-0.204894
9282,-0.204953
9283,-0.205054
9284,-0.205091
9285,-0.205226
9286,-0.205289
9287,-0.205328
9288,-0.205437
9289,-0.205501
9290,-0.205636
9291,-0.205716
9292,-0.205794
9293,-0.205843
9294,-0.20597
9295,-0.206049
9296,-0.206127
9297,-0.20625
9298,-0.206339
9299,-0.206484
9300,-0.206595
9301,-0.206826
9302,-0.206922
9303,-0.207104
9304,-0.207195
9305,-0.207413
9306,-0.207535
9307,-0.207759
9308,-0.207863
9309,-0.208071
9310,-0.208178
9311,-0.208302
9312,-0.208561
9313,-0.208673
9314,-0.208893
9315,-0.209004
9316,-0.209252
9317,-0.209387
9318,-0.209625
9319,-0.209733
9320,-0.20997
9321,-0.210096
9322,-0.210356
9323,-0.210494
9324,-0.210627
9325,-0.210909
9326,-0.211189
9327,-0.21133
9328,-0.211615
9329,-0.211757
9330,-0.212009
9331,-0.212138
9332,-0.212399
9333,-0.212532
9334,-0.212808
9335,-0.212949
9336,-0.213238
9337,-0.213384
9338,-0.213527
9339,-0.213831
9340,-0.213993
9341,-0.214318
9342,-0.214466
9343,-0.214765
9344,-0.214916
9345,-0.215221
9346,-0.215531
9347,-0.215846
9348,-0.216001
9349,-0.216498
9350,-0.21643
9351,-0.216558
9352,-0.217106
9353,-0.217782
9354,-0.21799
9355,-0.218376
9356,-0.218733
9357,-0.218879
9358,-0.218998
9359,-0.219121
9360,-0.219272
9361,-0.219451
9362,-0.219857
9363,-0.220256
9364,-0.220449
9365,-0.220813
9366,-0.220997
9367,-0.221397
9368,-0.221601
9369,-0.221805
9370,-0.222217
9371,-0.222424
9372,-0.222842
9373,-0.223052
9374,-0.223263
9375,-0.223692
9376,-0.223908
9377,-0.224331
9378,-0.224538
9379,-0.224956
9380,-0.225166
9381,-0.22559
9382,-0.225804
9383,-0.226235
9384,-0.226452
9385,-0.22689
9386,-0.227111
9387,-0.227556
9388,-0.227781
9389,-0.228006
9390,-0.228231
9391,-0.228689
9392,-0.228919
9393,-0.229383
9394,-0.229617
9395,-0.229851
9396,-0.230324
9397,-0.230801
9398,-0.231041
9399,-0.231283
9400,-0.231768
9401,-0.232013
9402,-0.232505
9403,-0.232752
9404,-0.233009
9405,-0.233572
9406,-0.233852
9407,-0.234417
9408,-0.234698
9409,-0.235265
9410,-0.235549
9411,-0.236119
9412,-0.236404
9413,-0.236977
9414,-0.237554
9415,-0.237843
9416,-0.238133
9417,-0.238717
9418,-0.23901
9419,-0.239595
9420,-0.239887
9421,-0.240472
9422,-0.240765
9423,-0.241058
9424,-0.241642
9425,-0.241935
9426,-0.242523
9427,-0.242818
9428,-0.24341
9429,-0.243706
9430,-0.2443
9431,-0.244598
9432,-0.244897
9433,-0.245499
9434,-0.2458
9435,-0.246401
9436,-0.246997
9437,-0.2473
9438,-0.247913
9439,-0.248219
9440,-0.248826
9441,-0.249129
9442,-0.249731
9443,-0.250032
9444,-0.250328
9445,-0.250928
9446,-0.251234
9447,-0.251834
9448,-0.252132
9449,-0.25272
9450,-0.25301
9451,-0.253591
9452,-0.254152
9453,-0.254432
9454,-0.254725
9455,-0.255274
9456,-0.255534
9457,-0.256057
9458,-0.256342
9459,-0.256643
9460,-0.25718
9461,-0.257464
9462,-0.258014
9463,-0.258294
9464,-0.25884
9465,-0.259116
9466,-0.259657
9467,-0.25993
9468,-0.260465
9469,-0.260735
9470,-0.261272
9471,-0.261537
9472,-0.262063
9473,-0.26233
9474,-0.262857
9475,-0.263117
9476,-0.263629
9477,-0.263881
9478,-0.264388
9479,-0.264632
9480,-0.264894
9481,-0.265375
9482,-0.26562
9483,-0.266093
9484,-0.266332
9485,-0.2668
9486,-0.267245
9487,-0.267453
9488,-0.267839
9489,-0.268026
9490,-0.268208
9491,-0.268564
9492,-0.268739
9493,-0.269168
9494,-0.269392
9495,-0.269835
9496,-0.270055
9497,-0.270489
9498,-0.270705
9499,-0.271131
9500,-0.271352
9501,-0.27157
9502,-0.271997
9503,-0.272207
9504,-0.272628
9505,-0.272838
9506,-0.273261
9507,-0.273472
9508,-0.273681
9509,-0.2741
9510,-0.27431
9511,-0.274725
9512,-0.274931
9513,-0.275136
9514,-0.275523
9515,-0.275708
9516,-0.276072
9517,-0.276252
9518,-0.276431
9519,-0.276786
9520,-0.277136
9521,-0.27731
9522,-0.277653
9523,-0.277823
9524,-0.278159
9525,-0.278326
9526,-0.278655
9527,-0.278818
9528,-0.27898
9529,-0.2793
9530,-0.279621
9531,-0.27994
9532,-0.280098
9533,-0.280412
9534,-0.280568
9535,-0.280876
9536,-0.281029
9537,-0.281181
9538,-0.281331
9539,-0.281629
9540,-0.281776
9541,-0.282067
9542,-0.282211
9543,-0.282355
9544,-0.282638
9545,-0.282778
9546,-0.283056
9547,-0.283193
9548,-0.283463
9549,-0.28373
9550,-0.283862
9551,-0.284123
9552,-0.284252
9553,-0.284379
9554,-0.284506
9555,-0.284757
9556,-0.284881
9557,-0.285004
9558,-0.285246
9559,-0.285367
9560,-0.285485
9561,-0.285604
9562,-0.285721
9563,-0.285953
9564,-0.286064
9565,-0.286269
9566,-0.286371
9567,-0.286575
9568,-0.286675
9569,-0.286875
9570,-0.286973
9571,-0.287166
9572,-0.287261
9573,-0.287448
9574,-0.28754
9575,-0.287631
9576,-0.287819
9577,-0.287938
9578,-0.288171
9579,-0.288286
9580,-0.2884
9581,-0.288625
9582,-0.288736
9583,-0.288846
9584,-0.289062
9585,-0.289169
9586,-0.289275
9587,-0.289484
9588,-0.289688
9589,-0.289789
9590,-0.289985
9591,-0.290081
9592,-0.290176
9593,-0.290364
9594,-0.290548
9595,-0.290657
9596,-0.290866
9597,-0.290966
9598,-0.291156
9599,-0.291248
9600,-0.291424
9601,-0.291594
9602,-0.291677
9603,-0.291759
9604,-0.291918
9605,-0.291996
9606,-0.292074
9607,-0.292227
9608,-0.292302
9609,-0.29245
9610,-0.292523
9611,-0.292596
9612,-0.292736
9613,-0.292806
9614,-0.292874
9615,-0.292939
9616,-0.293004
9617,-0.293131
9618,-0.293194
9619,-0.293256
9620,-0.293376
9621,-0.293493
9622,-0.293608
9623,-0.293664
9624,-0.293769
9625,-0.293819
9626,-0.29387
9627,-0.29396
9628,-0.293998
9629,-0.294039
9630,-0.294152
9631,-0.294205
9632,-0.294306
9633,-0.294353
9634,-0.294445
9635,-0.29449
9636,-0.294524
9637,-0.294556
9638,-0.294663
9639,-0.294714
9640,-0.294805
9641,-0.294847
9642,-0.294932
9643,-0.295012
9644,-0.29509
9645,-0.295114
9646,-0.29514
9647,-0.29521
9648,-0.295251
9649,-0.295292
9650,-0.295329
9651,-0.295399
9652,-0.295418
9653,-0.295462
9654,-0.295502
9655,-0.295582
9656,-0.295619
9657,-0.295654
9658,-0.295719
9659,-0.295738
9660,-0.295779
9661,-0.295822
9662,-0.295865
9663,-0.295939
9664,-0.295973
9665,-0.296016
9666,-0.296027
9667,-0.296083
9668,-0.296121
9669,-0.296153
9670,-0.296215
9671,-0.296267
9672,-0.296275
9673,-0.296293
9674,-0.296326
9675,-0.296354
9676,-0.296414
9677,-0.296442
9678,-0.296445
9679,-0.296467
9680,-0.296522
9681,-0.296541
9682,-0.296547
9683,-0.296568
9684,-0.296614
9685,-0.29663
9686,-0.29663
9687,-0.296649
9688,-0.296687
9689,-0.2967
9690,-0.296694
9691,-0.296711
9692,-0.296743
9693,-0.296757
9694,-0.29674
9695,-0.296755
9696,-0.296813
9697,-0.296847
9698,-0.296853
9699,-0.296831
9700,-0.296813
9701,-0.296791
9702,-0.296782
9703,-0.296755
9704,-0.29674
9705,-0.296697
9706,-0.296674
9707,-0.296642
9708,-0.296657
9709,-0.296687
9710,-0.296701
9711,-0.296721
9712,-0.29673
9713,-0.296734
9714,-0.296735
9715,-0.29672
9716,-0.296707
9717,-0.296718
9718,-0.296723
9719,-0.296722
9720,-0.296724
9721,-0.296705
9722,-0.296704
9723,-0.296696
9724,-0.296691
9725,-0.29666
9726,-0.296648
9727,-0.29664
9728,-0.296621
9729,-0.29661
9730,-0.296597
9731,-0.296553
9732,-0.296541
9733,-0.29651
9734,-0.296491
9735,-0.29645
9736,-0.296428
9737,-0.296382
9738,-0.296357
9739,-0.296306
9740,-0.296279
9741,-0.296251
9742,-0.296194
9743,-0.296164
9744,-0.296103
9745,-0.296071
9746,-0.29604
9747,-0.295981
9748,-0.295919
9749,-0.295887
9750,-0.295854
9751,-0.295788
9752,-0.295719
9753,-0.295682
9754,-0.295572
9755,-0.295534
9756,-0.295444
9757,-0.295363
9758,-0.29532
9759,-0.295275
9760,-0.295188
9761,-0.295142
9762,-0.295108
9763,-0.295054
9764,-0.294926
9765,-0.294864
9766,-0.294745
9767,-0.294687
9768,-0.294578
9769,-0.294525
9770,-0.294472
9771,-0.294418
9772,-0.294304
9773,-0.294244
9774,-0.294183
9775,-0.294122
9776,-0.293998
9777,-0.293935
9778,-0.293871
9779,-0.293741
9780,-0.293675
9781,-0.293607
9782,-0.29347
9783,-0.293401
9784,-0.293329
9785,-0.293186
9786,-0.293113
9787,-0.293038
9788,-0.292887
9789,-0.292811
9790,-0.292732
9791,-0.292573
9792,-0.292413
9793,-0.292247
9794,-0.292163
9795,-0.291992
9796,-0.291817
9797,-0.291638
9798,-0.291546
9799,-0.291363
9800,-0.29127
9801,-0.291175
9802,-0.291079
9803,-0.290982
9804,-0.290786
9805,-0.290686
9806,-0.290483
9807,-0.290277
9808,-0.290068
9809,-0.289963
9810,-0.289756
9811,-0.289652
9812,-0.289545
9813,-0.28933
9814,-0.28922
9815,-0.289108
9816,-0.288881
9817,-0.288765
9818,-0.28865
9819,-0.28842
9820,-0.288303
9821,-0.288065
9822,-0.287944
9823,-0.287698
9824,-0.287573
9825,-0.287318
9826,-0.287188
9827,-0.287057
9828,-0.286792
9829,-0.28652
9830,-0.286243
9831,-0.286102
9832,-0.28596
9833,-0.285818
9834,-0.285531
9835,-0.285384
9836,-0.285236
9837,-0.285087
9838,-0.28479
9839,-0.284637
9840,-0.284325
9841,-0.284008
9842,-0.283693
9843,-0.283532
9844,-0.283205
9845,-0.28304
9846,-0.282878
9847,-0.282544
9848,-0.282374
9849,-0.282009
9850,-0.281837
9851,-0.281662
9852,-0.281487
9853,-0.281141
9854,-0.280964
9855,-0.280607
9856,-0.280431
9857,-0.280066
9858,-0.279882
9859,-0.279699
9860,-0.279521
9861,-0.27932
9862,-0.278919
9863,-0.278718
9864,-0.278357
9865,-0.278169
9866,-0.277979
9867,-0.277575
9868,-0.277146
9869,-0.276676
9870,-0.276495
9871,-0.276262
9872,-0.276047
9873,-0.275644
9874,-0.275439
9875,-0.274975
9876,-0.274778
9877,-0.274567
9878,-0.27438
9879,-0.274004
9880,-0.273532
9881,-0.273056
9882,-0.272589
9883,-0.272388
9884,-0.271954
9885,-0.27172
9886,-0.27148
9887,-0.271251
9888,-0.270792
9889,-0.270542
9890,-0.270291
9891,-0.269609
9892,-0.269294
9893,-0.268774
9894,-0.268536
9895,-0.268075
9896,-0.267847
9897,-0.267396
9898,-0.267177
9899,-0.266946
9900,-0.266127
9901,-0.265414
9902,-0.265078
9903,-0.264752
9904,-0.264128
9905,-0.263826
9906,-0.263529
9907,-0.262947
9908,-0.26266
9909,-0.262374
9910,-0.261809
9911,-0.26125
9912,-0.260972
9913,-0.260693
9914,-0.260138
9915,-0.25986
9916,-0.259581
9917,-0.259022
9918,-0.258742
9919,-0.25818
9920,-0.257898
9921,-0.257331
9922,-0.257047
9923,-0.256477
9924,-0.256191
9925,-0.255616
9926,-0.255328
9927,-0.25475
9928,-0.254459
9929,-0.253878
9930,-0.253587
9931,-0.253003
9932,-0.252711
9933,-0.252418
9934,-0.252126
9935,-0.251539
9936,-0.251246
9937,-0.250952
9938,-0.250365
9939,-0.249778
9940,-0.249484
9941,-0.248896
9942,-0.248602
9943,-0.248014
9944,-0.24772
9945,-0.247427
9946,-0.24684
9947,-0.246546
9948,-0.246254
9949,-0.245673
9950,-0.245385
9951,-0.244807
9952,-0.24423
9953,-0.243876
9954,-0.243528
9955,-0.242844
9956,-0.242512
9957,-0.241871
9958,-0.241559
9959,-0.241254
9960,-0.240655
9961,-0.240073
9962,-0.239502
9963,-0.239221
9964,-0.23894
9965,-0.238387
9966,-0.237842
9967,-0.237304
9968,-0.237037
9969,-0.236771
9970,-0.236242
9971,-0.23598
9972,-0.235458
9973,-0.2352
9974,-0.234684
9975,-0.234173
9976,-0.233919
9977,-0.233411
9978,-0.233159
9979,-0.232908
9980,-0.232409
9981,-0.231879
9982,-0.231379
9983,-0.231151
9984,-0.23093
9985,-0.230703
9986,-0.230467
9987,-0.230032
9988,-0.22941
9989,-0.229197
9990,-0.228977
9991,-0.228528
9992,-0.22808
9993,-0.227634
9994,-0.227411
9995,-0.227187
9996,-0.226964
9997,-0.226519
9998,-0.226298
9999,-0.226078
10000,-0.225642
10001,-0.225426
